price_history_id,property_id,change_date,new_price
1,1,2015-01-01,11770469
2,1,2022-10-05,11517304
3,1,2025-11-03,11285686
4,2,2015-01-01,7071494
5,2,2020-07-25,6874266
6,3,2015-01-01,12619072
7,4,2015-01-01,11490048
8,5,2015-01-01,4880776
9,5,2017-06-22,4788415
10,5,2019-07-17,4775473
11,5,2023-09-30,4219671
12,6,2015-01-01,3233386
13,7,2015-01-01,2752394
14,7,2022-11-11,3040549
15,8,2015-01-01,13189412
16,8,2022-03-14,11700307
17,9,2015-01-01,16040333
18,9,2023-10-20,15361794
19,10,2015-01-01,8728292
20,10,2016-08-02,9648702
21,10,2022-02-05,9577772
22,11,2015-01-01,5736076
23,12,2015-01-01,18747757
24,12,2017-12-20,22333639
25,12,2026-02-01,21626078
26,13,2015-01-01,16476783
27,14,2015-01-01,11075733
28,14,2022-08-22,13755981
29,14,2023-03-04,14220725
30,15,2015-01-01,9722725
31,16,2015-01-01,7817406
32,17,2015-01-01,8763422
33,17,2024-09-15,9321881
34,18,2015-01-01,8457322
35,19,2015-01-01,18778854
36,20,2015-01-01,3789912
37,20,2018-05-11,3325492
38,20,2019-02-09,3094089
39,21,2015-01-01,18487416
40,21,2018-11-06,22964351
41,21,2019-01-25,23443148
42,21,2020-08-04,20277709
43,22,2015-01-01,16919372
44,22,2022-06-01,20402220
45,23,2015-01-01,19683657
46,24,2015-01-01,6841433
47,24,2025-06-21,7115686
48,25,2015-01-01,1323554
49,26,2015-01-01,19617741
50,26,2020-04-14,19154524
51,27,2015-01-01,3100335
52,27,2017-08-19,2786862
53,28,2015-01-01,11258581
54,28,2015-05-04,13315443
55,29,2015-01-01,8137258
56,29,2016-08-05,9289293
57,29,2019-07-22,9689219
58,29,2024-05-19,11358776
59,30,2015-01-01,18175100
60,31,2015-01-01,18175978
61,31,2019-05-13,16230275
62,32,2015-01-01,15255794
63,32,2020-06-14,14114608
64,33,2015-01-01,10368945
65,33,2021-09-12,10873141
66,33,2022-08-14,12439833
67,34,2015-01-01,15854314
68,34,2016-06-05,19396265
69,34,2021-06-08,21083661
70,35,2015-01-01,14337567
71,35,2022-01-17,12561454
72,36,2015-01-01,11415015
73,37,2015-01-01,14289359
74,38,2015-01-01,9621896
75,38,2017-12-24,10599884
76,38,2026-05-16,10833130
77,39,2015-01-01,12457330
78,40,2015-01-01,1972848
79,40,2024-10-14,1765435
80,41,2015-01-01,18859882
81,41,2021-03-11,18597988
82,42,2015-01-01,8646217
83,42,2015-11-26,9186749
84,43,2015-01-01,8850144
85,43,2019-10-15,9943165
86,43,2022-01-19,9805474
87,44,2015-01-01,4194370
88,44,2015-03-28,4471706
89,44,2016-02-10,4533592
90,45,2015-01-01,18517669
91,46,2015-01-01,10646558
92,47,2015-01-01,10892150
93,47,2018-08-21,12465510
94,48,2015-01-01,18267103
95,48,2016-04-28,17701120
96,48,2024-02-05,20363953
97,49,2015-01-01,16361929
98,49,2020-03-22,16774514
99,50,2015-01-01,19825378
100,50,2016-01-27,19793143
101,50,2025-10-28,22961077
102,50,2026-01-25,24019842
103,51,2015-01-01,12694708
104,51,2019-03-07,11432439
105,51,2023-04-14,12087804
106,52,2015-01-01,4729973
107,52,2018-01-27,4117615
108,52,2026-05-16,3736256
109,53,2015-01-01,15801107
110,53,2021-12-09,16355793
111,53,2025-11-11,17427510
112,54,2015-01-01,3482312
113,54,2017-05-23,3376783
114,54,2021-04-09,3600255
115,55,2015-01-01,16161677
116,55,2018-08-10,16724892
117,55,2019-05-08,20412598
118,56,2015-01-01,18754351
119,57,2015-01-01,9814485
120,57,2021-04-14,11525680
121,57,2022-04-13,13438516
122,57,2025-10-17,15695138
123,58,2015-01-01,7915926
124,58,2021-02-27,9136718
125,59,2015-01-01,6364547
126,59,2019-10-15,6405836
127,60,2015-01-01,18561385
128,61,2015-01-01,7114463
129,61,2016-01-30,7863460
130,61,2022-04-22,7344220
131,62,2015-01-01,17870413
132,62,2017-03-03,18295138
133,63,2015-01-01,18997794
134,64,2015-01-01,3748645
135,64,2026-03-19,4100649
136,65,2015-01-01,17498180
137,65,2016-01-18,15431899
138,65,2018-10-01,18951976
139,66,2015-01-01,12293058
140,66,2024-03-19,14813174
141,67,2015-01-01,1760474
142,67,2019-10-09,1931025
143,67,2021-12-31,2349609
144,68,2015-01-01,6601038
145,68,2017-12-14,6786645
146,68,2022-09-28,7335256
147,69,2015-01-01,13428780
148,69,2022-05-30,14423981
149,70,2015-01-01,15268198
150,70,2015-11-18,16551954
151,70,2019-06-06,15532427
152,70,2020-02-25,18106576
153,71,2015-01-01,4000781
154,71,2016-04-18,4452057
155,72,2015-01-01,17931316
156,72,2025-03-29,15389856
157,73,2015-01-01,16592054
158,73,2017-12-10,14182149
159,73,2023-09-23,16798100
160,73,2025-07-04,16417904
161,74,2015-01-01,5245861
162,74,2023-09-05,4500896
163,75,2015-01-01,5078134
164,76,2015-01-01,9091017
165,76,2016-12-12,8017623
166,76,2025-03-27,7612315
167,77,2015-01-01,18872374
168,78,2015-01-01,16915221
169,78,2020-02-08,18750984
170,79,2015-01-01,11574649
171,79,2018-07-29,10965124
172,80,2015-01-01,15314049
173,81,2015-01-01,2982087
174,81,2020-09-06,2926131
175,82,2015-01-01,18952006
176,82,2018-08-10,22595227
177,82,2020-10-11,25687870
178,83,2015-01-01,2433327
179,84,2015-01-01,3046704
180,84,2019-06-17,2954494
181,84,2025-11-24,3355872
182,85,2015-01-01,7931811
183,85,2018-01-24,9615819
184,86,2015-01-01,18815042
185,86,2020-10-31,18846008
186,87,2015-01-01,14490793
187,88,2015-01-01,15759614
188,89,2015-01-01,12699724
189,89,2025-09-17,13840585
190,90,2015-01-01,9232446
191,91,2015-01-01,9119987
192,91,2017-02-18,7972158
193,91,2022-04-24,6799021
194,92,2015-01-01,12202596
195,92,2024-01-25,15133306
196,93,2015-01-01,15435177
197,94,2015-01-01,10794497
198,94,2026-05-15,10238840
199,95,2015-01-01,12217657
200,95,2022-03-12,14394410
201,95,2025-12-31,13613707
202,96,2015-01-01,17352531
203,96,2015-01-15,17228067
204,97,2015-01-01,4881917
205,98,2015-01-01,10736735
206,99,2015-01-01,2428993
207,99,2023-06-13,2879152
208,100,2015-01-01,9052533
209,100,2023-09-12,8352630
210,101,2015-01-01,1945330
211,101,2016-06-10,2077380
212,101,2019-03-22,2116288
213,102,2015-01-01,13690632
214,102,2023-08-16,13516024
215,103,2015-01-01,9367603
216,104,2015-01-01,18489912
217,105,2015-01-01,9552602
218,106,2015-01-01,14831427
219,107,2015-01-01,4517950
220,107,2019-10-30,5099081
221,108,2015-01-01,11849148
222,108,2022-09-25,11042162
223,109,2015-01-01,18965486
224,109,2016-03-29,20936481
225,109,2020-08-31,20305146
226,110,2015-01-01,9912090
227,111,2015-01-01,13526036
228,111,2015-09-27,11699877
229,111,2019-03-02,13077087
230,111,2019-05-18,13976073
231,112,2015-01-01,5542227
232,112,2022-11-18,5185292
233,113,2015-01-01,9860341
234,114,2015-01-01,15082742
235,115,2015-01-01,5507061
236,115,2016-07-02,5802482
237,115,2019-08-25,5169892
238,115,2025-07-09,5704996
239,116,2015-01-01,10079433
240,116,2023-07-23,10699796
241,117,2015-01-01,8714725
242,117,2020-05-25,10176173
243,118,2015-01-01,1725035
244,118,2015-04-25,1863129
245,119,2015-01-01,2506714
246,119,2021-05-14,2533918
247,120,2015-01-01,1120587
248,120,2024-02-11,1030103
249,121,2015-01-01,19004672
250,121,2017-05-10,18268960
251,121,2026-05-25,20013032
252,122,2015-01-01,16245279
253,122,2015-11-18,19469439
254,122,2019-06-07,22424111
255,123,2015-01-01,12764351
256,124,2015-01-01,8956745
257,124,2020-05-13,10360873
258,124,2020-11-18,11034899
259,125,2015-01-01,16222790
260,126,2015-01-01,17473883
261,127,2015-01-01,9921521
262,127,2019-08-02,8517716
263,127,2022-02-08,10537556
264,128,2015-01-01,19548748
265,128,2016-04-30,24319575
266,128,2017-03-25,28345303
267,128,2020-12-23,32682802
268,129,2015-01-01,10092885
269,129,2016-01-05,11670066
270,129,2021-10-30,10083472
271,130,2015-01-01,11236345
272,130,2015-05-24,12205581
273,130,2025-06-29,14085273
274,130,2026-04-05,17049636
275,131,2015-01-01,18020724
276,131,2025-09-03,19270473
277,132,2015-01-01,15870903
278,132,2025-12-19,15770244
279,133,2015-01-01,18178838
280,134,2015-01-01,8852959
281,135,2015-01-01,10528273
282,135,2016-11-06,10842045
283,135,2022-04-30,12812695
284,136,2015-01-01,4163951
285,137,2015-01-01,1282821
286,137,2016-08-17,1409917
287,138,2015-01-01,4782157
288,138,2020-12-07,4732626
289,138,2025-01-25,4993206
290,138,2025-08-14,5516325
291,139,2015-01-01,15063707
292,139,2018-09-19,13926636
293,139,2022-09-24,12549103
294,139,2025-11-15,11335555
295,140,2015-01-01,9875394
296,140,2017-08-24,12225297
297,140,2022-06-24,14909139
298,141,2015-01-01,3275664
299,141,2020-08-01,3007564
300,142,2015-01-01,8806229
301,142,2015-01-07,9638287
302,142,2019-01-21,10984413
303,143,2015-01-01,12948715
304,143,2018-12-12,11700202
305,144,2015-01-01,10010403
306,144,2017-01-08,8774257
307,144,2020-05-15,7656757
308,145,2015-01-01,17600985
309,145,2024-02-08,20866781
310,146,2015-01-01,10130543
311,147,2015-01-01,8217272
312,148,2015-01-01,13456459
313,148,2019-08-23,12730876
314,148,2020-04-06,13626306
315,148,2021-06-10,11992693
316,149,2015-01-01,17197435
317,149,2018-11-17,16747318
318,149,2025-02-20,20631031
319,150,2015-01-01,5846698
320,151,2015-01-01,10296183
321,151,2019-04-05,10669382
322,152,2015-01-01,19724075
323,152,2019-08-14,22638573
324,153,2015-01-01,9581858
325,153,2017-03-04,10345862
326,153,2024-04-22,9641044
327,154,2015-01-01,6954437
328,154,2015-04-13,8670390
329,155,2015-01-01,11017585
330,155,2019-04-29,10182549
331,155,2020-06-14,8712143
332,156,2015-01-01,8180142
333,157,2015-01-01,4344664
334,158,2015-01-01,2732002
335,159,2015-01-01,11250166
336,159,2015-04-15,11504964
337,160,2015-01-01,13800428
338,161,2015-01-01,16934702
339,162,2015-01-01,19325932
340,162,2016-01-16,21795465
341,163,2015-01-01,6698724
342,164,2015-01-01,6081698
343,164,2017-10-21,5246796
344,164,2024-12-10,5163311
345,165,2015-01-01,8933801
346,165,2018-08-02,10461794
347,166,2015-01-01,5548033
348,167,2015-01-01,13092714
349,168,2015-01-01,19243590
350,168,2016-10-29,16433844
351,169,2015-01-01,16597654
352,169,2024-10-12,16185955
353,170,2015-01-01,3011000
354,171,2015-01-01,9166981
355,172,2015-01-01,19894024
356,172,2015-10-25,17116793
357,172,2021-01-14,17708314
358,172,2023-01-12,19410691
359,173,2015-01-01,4002290
360,174,2015-01-01,2161227
361,174,2024-07-12,1985445
362,175,2015-01-01,4138151
363,176,2015-01-01,19137373
364,176,2019-02-18,20602313
365,176,2023-06-13,23636987
366,177,2015-01-01,16858294
367,177,2015-04-04,18747002
368,177,2020-10-27,19651464
369,178,2015-01-01,7228973
370,179,2015-01-01,9518994
371,179,2018-03-20,11601937
372,180,2015-01-01,10372683
373,180,2015-06-17,12104286
374,180,2024-11-24,15124516
375,181,2015-01-01,4723177
376,181,2015-08-24,5048429
377,182,2015-01-01,3295212
378,182,2019-01-30,2809219
379,183,2015-01-01,9617963
380,183,2019-08-15,9741312
381,184,2015-01-01,5855317
382,184,2025-10-04,6756043
383,184,2025-10-14,6534811
384,185,2015-01-01,5420616
385,186,2015-01-01,5839377
386,187,2015-01-01,14331558
387,188,2015-01-01,12486394
388,189,2015-01-01,10055606
389,189,2018-03-02,9118085
390,189,2018-07-23,10422220
391,190,2015-01-01,1571017
392,190,2025-08-05,1527085
393,191,2015-01-01,15967880
394,191,2017-09-15,16603148
395,191,2021-08-10,15310058
396,192,2015-01-01,1758462
397,193,2015-01-01,7128098
398,193,2017-06-02,7842361
399,194,2015-01-01,11596700
400,195,2015-01-01,5380530
401,195,2015-06-06,4743266
402,196,2015-01-01,16623570
403,196,2020-08-17,16125580
404,197,2015-01-01,19696239
405,198,2015-01-01,5494164
406,199,2015-01-01,12574480
407,199,2021-03-13,12494457
408,199,2021-04-03,13319340
409,200,2015-01-01,4756309
410,200,2020-11-21,4292879
411,201,2015-01-01,4566857
412,201,2021-07-05,4083574
413,202,2015-01-01,19019537
414,202,2017-07-06,22569295
415,203,2015-01-01,6728732
416,203,2020-02-17,7174154
417,203,2023-08-04,7259105
418,204,2015-01-01,10580990
419,204,2023-06-21,12389635
420,204,2025-04-29,14916605
421,205,2015-01-01,9566421
422,205,2021-04-27,9769075
423,206,2015-01-01,18236748
424,206,2021-07-17,16426945
425,207,2015-01-01,16556135
426,207,2020-11-14,14462031
427,208,2015-01-01,1324525
428,208,2022-07-13,1268489
429,209,2015-01-01,16307079
430,210,2015-01-01,18152080
431,210,2018-09-26,18611850
432,210,2024-04-17,20713866
433,211,2015-01-01,3971941
434,211,2018-11-26,3550177
435,211,2019-02-18,3063843
436,211,2025-02-09,2961603
437,212,2015-01-01,5383198
438,213,2015-01-01,11092352
439,214,2015-01-01,14544713
440,214,2025-03-31,16587370
441,215,2015-01-01,18753197
442,215,2018-07-13,21705212
443,215,2019-12-03,26631319
444,215,2024-11-15,24784170
445,216,2015-01-01,5290187
446,216,2015-07-03,6158672
447,216,2016-03-21,7648202
448,217,2015-01-01,10348348
449,217,2024-11-02,10906585
450,218,2015-01-01,10073756
451,218,2020-12-21,12393072
452,219,2015-01-01,17917127
453,220,2015-01-01,8516241
454,220,2016-05-08,9036699
455,221,2015-01-01,11689137
456,222,2015-01-01,7291176
457,223,2015-01-01,1326429
458,224,2015-01-01,6586803
459,225,2015-01-01,17497639
460,225,2024-03-06,20070097
461,226,2015-01-01,1488043
462,226,2023-08-02,1460575
463,227,2015-01-01,7983929
464,227,2021-01-05,6792657
465,227,2023-08-26,5829787
466,228,2015-01-01,19406073
467,228,2022-07-27,18425420
468,229,2015-01-01,10787519
469,229,2022-06-26,13458784
470,229,2024-04-21,13881050
471,230,2015-01-01,4732255
472,230,2024-01-11,4028774
473,231,2015-01-01,18484955
474,231,2018-03-06,21465801
475,232,2015-01-01,4019271
476,233,2015-01-01,4996700
477,233,2024-01-03,4252491
478,234,2015-01-01,4098593
479,234,2015-04-04,4718248
480,235,2015-01-01,6109270
481,235,2020-10-14,5532221
482,235,2024-08-17,5796599
483,236,2015-01-01,16325863
484,236,2018-01-24,17677463
485,236,2023-03-16,18787130
486,237,2015-01-01,16429372
487,237,2019-02-14,18024834
488,237,2023-09-03,18120038
489,238,2015-01-01,19179020
490,238,2022-08-01,18886259
491,238,2025-04-11,20157883
492,239,2015-01-01,3758190
493,239,2015-03-17,4497201
494,239,2018-05-18,4807711
495,239,2023-10-27,5009690
496,240,2015-01-01,9657487
497,240,2016-03-18,8365819
498,241,2015-01-01,1773686
499,241,2024-07-17,2086518
500,241,2024-07-26,2585146
501,241,2025-04-01,2729965
502,242,2015-01-01,8352382
503,243,2015-01-01,4984276
504,243,2021-02-23,5678112
505,243,2022-05-09,5381302
506,244,2015-01-01,15954177
507,245,2015-01-01,4225295
508,245,2025-09-26,3735436
509,246,2015-01-01,4102674
510,246,2025-12-12,4398552
511,247,2015-01-01,13394336
512,247,2025-01-04,13151770
513,248,2015-01-01,5748677
514,248,2019-12-22,7100427
515,248,2023-11-22,6913106
516,249,2015-01-01,1609721
517,250,2015-01-01,9716576
518,250,2021-11-16,10842652
519,250,2025-10-20,9512968
520,251,2015-01-01,7826759
521,251,2015-04-21,7401526
522,252,2015-01-01,14853717
523,252,2022-09-02,15278400
524,253,2015-01-01,13584986
525,253,2019-12-22,14846811
526,253,2020-10-22,14106744
527,253,2022-02-20,15274808
528,254,2015-01-01,10171709
529,254,2017-09-04,10403389
530,254,2026-05-21,9459884
531,255,2015-01-01,2800816
532,256,2015-01-01,19472937
533,257,2015-01-01,1537943
534,257,2020-06-07,1741775
535,257,2021-06-01,1856087
536,258,2015-01-01,4073658
537,258,2025-11-22,3710625
538,259,2015-01-01,5622887
539,259,2022-12-16,5934032
540,260,2015-01-01,10696759
541,260,2015-01-23,9731020
542,260,2017-08-30,11738268
543,260,2018-07-23,10638337
544,261,2015-01-01,18813324
545,261,2022-08-12,22668118
546,262,2015-01-01,17672548
547,263,2015-01-01,11897193
548,263,2016-09-09,12337717
549,263,2024-02-02,14384142
550,263,2025-11-13,14289269
551,264,2015-01-01,7464375
552,264,2023-08-20,6821750
553,265,2015-01-01,8458116
554,265,2022-08-11,8726860
555,266,2015-01-01,1282570
556,267,2015-01-01,6350937
557,267,2021-01-25,7919593
558,268,2015-01-01,19790941
559,268,2020-08-01,21189451
560,268,2022-09-09,20825124
561,268,2023-11-08,22274153
562,269,2015-01-01,15048331
563,269,2015-11-29,16573279
564,269,2024-05-24,19299926
565,269,2024-11-11,23928456
566,270,2015-01-01,12608208
567,270,2015-07-17,12163716
568,271,2015-01-01,14340663
569,272,2015-01-01,2063915
570,273,2015-01-01,6801327
571,274,2015-01-01,9875220
572,274,2026-04-22,8486889
573,275,2015-01-01,3860617
574,276,2015-01-01,9130337
575,276,2017-04-01,9434491
576,277,2015-01-01,1994040
577,278,2015-01-01,6898232
578,279,2015-01-01,5266522
579,279,2015-08-03,6562518
580,280,2015-01-01,15334980
581,281,2015-01-01,4005514
582,282,2015-01-01,9874877
583,282,2020-10-22,11219164
584,282,2023-04-06,9588024
585,282,2026-04-12,10970342
586,283,2015-01-01,15603767
587,283,2015-10-11,14663723
588,283,2017-02-27,17243932
589,284,2015-01-01,9675458
590,284,2019-04-16,11031593
591,285,2015-01-01,11249587
592,285,2021-10-23,13584252
593,286,2015-01-01,15757440
594,286,2024-12-16,14772682
595,287,2015-01-01,11061154
596,287,2015-10-20,13677749
597,288,2015-01-01,4592704
598,288,2022-11-15,4515356
599,289,2015-01-01,1229632
600,289,2019-11-22,1398917
601,290,2015-01-01,7877243
602,290,2015-05-10,7669685
603,290,2018-07-17,9112642
604,290,2024-11-19,8691539
605,291,2015-01-01,12734734
606,291,2025-10-07,12973412
607,292,2015-01-01,17480897
608,292,2019-06-02,18597982
609,292,2021-10-14,17022226
610,292,2024-01-25,16633100
611,293,2015-01-01,4407680
612,293,2019-04-12,3969058
613,293,2023-03-02,4102175
614,294,2015-01-01,7149617
615,294,2023-06-03,8899458
616,295,2015-01-01,18092223
617,295,2018-03-27,18405620
618,296,2015-01-01,13999887
619,296,2015-09-15,17118402
620,296,2017-11-08,19913300
621,296,2025-06-11,24514893
622,297,2015-01-01,5362814
623,298,2015-01-01,3569880
624,298,2017-07-15,3921729
625,298,2020-01-25,4026721
626,298,2025-09-14,5029841
627,299,2015-01-01,19313257
628,299,2019-05-07,23031130
629,300,2015-01-01,10045016
630,300,2015-03-22,9717354
631,300,2019-07-29,10075269
632,301,2015-01-01,3701789
633,301,2023-02-16,4002642
634,302,2015-01-01,7969037
635,302,2019-01-03,6890027
636,303,2015-01-01,4652503
637,303,2016-09-21,4519084
638,303,2025-10-23,4863664
639,304,2015-01-01,11111197
640,304,2016-05-16,10002539
641,304,2023-03-26,9755304
642,304,2024-10-07,9352898
643,305,2015-01-01,8028811
644,305,2024-03-18,7811193
645,306,2015-01-01,15068572
646,306,2025-08-14,17352364
647,306,2026-02-07,18550952
648,307,2015-01-01,4706518
649,308,2015-01-01,12283631
650,308,2015-01-03,12567744
651,308,2017-01-20,11953321
652,309,2015-01-01,12954784
653,310,2015-01-01,9616036
654,310,2016-02-24,8835473
655,311,2015-01-01,14410680
656,311,2018-01-28,13842393
657,312,2015-01-01,10497746
658,312,2015-12-26,9292358
659,313,2015-01-01,5151515
660,314,2015-01-01,17544268
661,314,2018-05-02,18749222
662,314,2021-10-06,16539122
663,315,2015-01-01,5924170
664,315,2023-04-23,5041519
665,316,2015-01-01,15396008
666,317,2015-01-01,8561400
667,317,2018-01-22,9286582
668,318,2015-01-01,10646906
669,318,2025-05-21,12729441
670,319,2015-01-01,6998529
671,319,2016-03-23,7427497
672,319,2026-01-15,7137014
673,320,2015-01-01,15085326
674,320,2021-09-19,18814855
675,321,2015-01-01,14594632
676,322,2015-01-01,1613594
677,322,2025-07-09,1435026
678,323,2015-01-01,4380827
679,323,2017-02-17,4042180
680,323,2019-04-20,3696165
681,323,2025-09-20,4440073
682,324,2015-01-01,11435498
683,325,2015-01-01,10360542
684,326,2015-01-01,7257502
685,327,2015-01-01,1983399
686,328,2015-01-01,14470379
687,329,2015-01-01,18713135
688,329,2022-05-18,22072484
689,330,2015-01-01,9043583
690,330,2016-05-27,8050525
691,331,2015-01-01,17952920
692,331,2025-11-12,22351057
693,332,2015-01-01,7799327
694,333,2015-01-01,7766064
695,334,2015-01-01,15989496
696,334,2021-09-03,17378834
697,335,2015-01-01,2660899
698,336,2015-01-01,10261777
699,337,2015-01-01,1443131
700,338,2015-01-01,16933116
701,338,2022-01-23,16023481
702,338,2026-04-08,18428364
703,339,2015-01-01,17655815
704,339,2019-09-03,19172054
705,339,2022-02-24,19874784
706,340,2015-01-01,19615189
707,340,2023-03-23,22798140
708,341,2015-01-01,4521949
709,341,2015-07-01,5214115
710,341,2016-02-16,6275930
711,342,2015-01-01,6220669
712,342,2023-04-25,7626308
713,342,2024-10-01,8568135
714,343,2015-01-01,2708878
715,343,2018-09-28,2582503
716,343,2020-11-23,2796163
717,344,2015-01-01,10559501
718,344,2018-02-10,11662472
719,344,2022-07-15,13745275
720,345,2015-01-01,12027890
721,345,2020-10-23,14656053
722,345,2022-02-24,16143269
723,346,2015-01-01,3585077
724,347,2015-01-01,15681725
725,347,2021-03-28,15447735
726,348,2015-01-01,6558240
727,348,2015-06-04,5633879
728,348,2017-04-19,6867977
729,349,2015-01-01,19727121
730,349,2024-04-01,23611220
731,350,2015-01-01,15886107
732,350,2019-03-21,13525197
733,351,2015-01-01,5617150
734,351,2016-10-23,6119872
735,351,2018-04-12,5339559
736,352,2015-01-01,8606709
737,352,2015-03-13,10570737
738,353,2015-01-01,4549509
739,353,2026-01-30,4872569
740,354,2015-01-01,18179389
741,355,2015-01-01,16769967
742,355,2015-02-02,15291719
743,355,2016-04-12,18464795
744,355,2021-07-28,20694205
745,356,2015-01-01,13891521
746,357,2015-01-01,17455429
747,357,2016-05-12,18575884
748,357,2025-10-24,19394446
749,358,2015-01-01,8606287
750,359,2015-01-01,15066867
751,359,2023-12-06,13445927
752,360,2015-01-01,1234012
753,361,2015-01-01,10623275
754,361,2018-10-06,11892698
755,362,2015-01-01,19422758
756,362,2018-01-13,19243276
757,363,2015-01-01,17794036
758,364,2015-01-01,6694738
759,364,2016-07-16,7482386
760,365,2015-01-01,10836824
761,366,2015-01-01,5528286
762,367,2015-01-01,14262770
763,367,2017-09-10,13049118
764,367,2020-08-15,15393994
765,367,2024-09-04,15490687
766,368,2015-01-01,2276794
767,368,2015-10-18,2285401
768,368,2016-01-05,2554063
769,369,2015-01-01,13832110
770,369,2023-05-17,16443147
771,370,2015-01-01,9710113
772,370,2020-01-09,10087486
773,371,2015-01-01,14050444
774,371,2016-03-07,15777188
775,371,2021-07-09,15660482
776,372,2015-01-01,15660960
777,372,2021-06-04,14053482
778,373,2015-01-01,13236533
779,373,2019-07-23,16225887
780,374,2015-01-01,5765989
781,375,2015-01-01,2842766
782,375,2015-08-23,3370075
783,375,2018-08-02,4070577
784,376,2015-01-01,5871822
785,376,2024-05-09,5001410
786,377,2015-01-01,1323672
787,378,2015-01-01,13213097
788,379,2015-01-01,18538288
789,379,2015-05-31,22377849
790,379,2021-06-05,20422389
791,380,2015-01-01,8109556
792,380,2017-07-10,9147054
793,380,2020-01-19,10043475
794,381,2015-01-01,8453492
795,381,2024-06-18,8161198
796,382,2015-01-01,10825909
797,382,2026-04-15,10156394
798,383,2015-01-01,1342889
799,383,2019-01-01,1199004
800,384,2015-01-01,15263532
801,384,2016-08-22,17916270
802,385,2015-01-01,1519096
803,385,2021-10-07,1430157
804,386,2015-01-01,5944584
805,387,2015-01-01,3391365
806,387,2023-05-08,3858959
807,388,2015-01-01,19456598
808,388,2017-03-23,21972615
809,388,2017-05-21,22229957
810,388,2018-08-11,25957368
811,389,2015-01-01,8754039
812,389,2020-02-12,10717458
813,390,2015-01-01,12072789
814,391,2015-01-01,19453280
815,392,2015-01-01,1105369
816,392,2021-07-01,1302206
817,393,2015-01-01,10265629
818,393,2019-04-16,10452919
819,393,2019-10-11,12099075
820,393,2023-01-25,11036621
821,394,2015-01-01,17963924
822,394,2015-08-25,19474386
823,394,2016-12-19,19859872
824,395,2015-01-01,5103018
825,395,2021-06-24,4841298
826,396,2015-01-01,12306502
827,396,2015-10-27,14225914
828,397,2015-01-01,4730148
829,398,2015-01-01,3562217
830,398,2016-01-16,4321122
831,398,2021-09-10,4242504
832,398,2022-04-26,3773250
833,399,2015-01-01,8858790
834,399,2022-09-23,10241033
835,400,2015-01-01,17701736
836,400,2025-12-15,17463585
837,401,2015-01-01,9710641
838,402,2015-01-01,2530566
839,402,2019-01-12,2973008
840,402,2023-05-12,3076301
841,403,2015-01-01,8619632
842,403,2022-09-16,7391716
843,403,2023-12-28,7157060
844,404,2015-01-01,10822012
845,404,2024-01-17,12393999
846,405,2015-01-01,13408822
847,405,2017-10-19,13665474
848,405,2025-07-10,14144180
849,406,2015-01-01,5742799
850,407,2015-01-01,3169557
851,407,2016-03-25,2728755
852,408,2015-01-01,7830816
853,409,2015-01-01,17778566
854,409,2019-05-08,17683655
855,410,2015-01-01,9844090
856,410,2017-01-29,10260236
857,410,2024-03-30,12804396
858,411,2015-01-01,8713497
859,411,2017-01-02,9925231
860,412,2015-01-01,8264971
861,413,2015-01-01,11671992
862,413,2015-09-02,10986943
863,414,2015-01-01,1535050
864,414,2016-01-08,1850451
865,414,2022-10-23,1792351
866,415,2015-01-01,3445982
867,415,2017-09-27,3622767
868,415,2025-05-06,3549322
869,416,2015-01-01,16402113
870,416,2015-06-07,16456716
871,417,2015-01-01,6435739
872,417,2023-07-28,6325895
873,418,2015-01-01,14234781
874,418,2026-03-29,14393223
875,419,2015-01-01,5949297
876,419,2019-05-18,5499379
877,419,2023-01-05,5809971
878,420,2015-01-01,11074965
879,420,2015-10-16,11401432
880,420,2024-01-26,11645927
881,420,2025-07-23,10533073
882,421,2015-01-01,15942444
883,421,2016-10-12,15956772
884,422,2015-01-01,7941553
885,423,2015-01-01,3268205
886,423,2016-08-13,3701447
887,423,2026-02-23,4542532
888,424,2015-01-01,7987570
889,424,2016-01-14,9878691
890,424,2022-10-05,9980981
891,425,2015-01-01,15011289
892,425,2020-11-12,14910020
893,426,2015-01-01,5207066
894,427,2015-01-01,18750758
895,427,2021-08-24,19717919
896,428,2015-01-01,16944511
897,428,2019-08-14,17157584
898,429,2015-01-01,2013664
899,429,2022-11-29,2128050
900,429,2025-11-06,2605692
901,430,2015-01-01,14199787
902,430,2022-04-16,13397532
903,431,2015-01-01,2930533
904,431,2020-08-19,3405481
905,432,2015-01-01,8895929
906,433,2015-01-01,12638459
907,433,2024-03-05,14217276
908,433,2025-09-18,17450797
909,434,2015-01-01,5858354
910,434,2021-04-20,6333373
911,435,2015-01-01,3812129
912,435,2021-03-15,3739503
913,435,2022-08-27,4455624
914,435,2022-09-25,4551980
915,436,2015-01-01,9635983
916,436,2015-05-13,9401908
917,436,2025-01-30,10555753
918,437,2015-01-01,11793421
919,437,2018-10-31,10296944
920,438,2015-01-01,16894398
921,438,2018-10-29,20319472
922,439,2015-01-01,17770889
923,439,2021-10-11,17552391
924,439,2025-09-09,16034356
925,440,2015-01-01,3582833
926,440,2022-11-05,4281707
927,441,2015-01-01,9094673
928,441,2020-06-12,9647515
929,441,2025-10-09,8768289
930,442,2015-01-01,7070925
931,442,2025-01-08,8443570
932,443,2015-01-01,5370059
933,443,2019-10-03,5007562
934,444,2015-01-01,3001062
935,444,2023-04-28,2761506
936,444,2025-04-06,3058053
937,445,2015-01-01,17178112
938,446,2015-01-01,3516960
939,446,2015-05-09,4157232
940,446,2016-05-31,4616604
941,447,2015-01-01,17444884
942,447,2024-12-02,15670334
943,448,2015-01-01,17502734
944,449,2015-01-01,6515733
945,450,2015-01-01,10882719
946,451,2015-01-01,19226610
947,451,2025-07-07,18564830
948,452,2015-01-01,19538393
949,452,2025-07-12,20933113
950,453,2015-01-01,2086557
951,453,2024-12-07,2558116
952,454,2015-01-01,15254970
953,454,2018-09-13,13014708
954,454,2023-03-21,14105414
955,454,2025-08-24,16539848
956,455,2015-01-01,7280733
957,456,2015-01-01,7045932
958,456,2019-10-21,8793046
959,456,2024-01-02,10934845
960,457,2015-01-01,19441282
961,458,2015-01-01,9930212
962,459,2015-01-01,14338580
963,460,2015-01-01,3598192
964,461,2015-01-01,19333040
965,462,2015-01-01,3397560
966,462,2024-03-09,4088675
967,463,2015-01-01,1648499
968,463,2017-10-05,1932847
969,463,2020-05-08,1705068
970,463,2021-11-04,2079399
971,464,2015-01-01,15953472
972,464,2015-09-25,13811480
973,464,2018-09-11,13631562
974,465,2015-01-01,1361727
975,465,2015-01-28,1316084
976,465,2019-12-01,1223055
977,465,2024-02-26,1129980
978,466,2015-01-01,16396048
979,467,2015-01-01,10383932
980,467,2020-05-16,9756230
981,468,2015-01-01,4796095
982,468,2018-04-17,4921886
983,468,2018-08-22,5292408
984,469,2015-01-01,15884788
985,469,2019-07-02,15037594
986,470,2015-01-01,19629656
987,471,2015-01-01,8458895
988,471,2015-06-04,7300064
989,471,2018-08-10,7366344
990,471,2019-06-27,9000576
991,472,2015-01-01,9727828
992,473,2015-01-01,12737140
993,473,2025-05-30,13948432
994,474,2015-01-01,19456336
995,474,2024-04-06,21976949
996,475,2015-01-01,8347877
997,475,2015-06-11,7846558
998,475,2017-12-17,8119672
999,476,2015-01-01,6301723
1000,476,2015-01-14,6599810
1001,476,2015-07-20,7037821
1002,476,2022-11-17,6227082
1003,477,2015-01-01,4955159
1004,477,2015-05-26,4652316
1005,477,2017-08-14,5168197
1006,478,2015-01-01,11014828
1007,478,2020-12-11,11844078
1008,478,2021-09-05,12101037
1009,478,2022-12-21,10893056
1010,479,2015-01-01,15443407
1011,479,2019-06-16,15922538
1012,479,2020-09-28,17647787
1013,480,2015-01-01,6759466
1014,480,2022-08-07,6194927
1015,481,2015-01-01,11191232
1016,481,2020-11-27,10432059
1017,482,2015-01-01,17416572
1018,483,2015-01-01,13537101
1019,484,2015-01-01,1019144
1020,484,2018-06-11,1088907
1021,485,2015-01-01,11111716
1022,485,2022-05-21,11305930
1023,485,2025-06-25,11849345
1024,486,2015-01-01,13193275
1025,486,2016-07-09,15681460
1026,486,2019-12-11,13465358
1027,487,2015-01-01,2496354
1028,487,2022-03-22,2786038
1029,488,2015-01-01,4465593
1030,488,2018-08-02,5300488
1031,489,2015-01-01,6763220
1032,489,2024-01-01,6197554
1033,490,2015-01-01,3609002
1034,490,2016-05-16,4188794
1035,490,2017-05-16,5142995
1036,490,2020-10-22,6186234
1037,491,2015-01-01,8992551
1038,491,2016-10-08,8649009
1039,492,2015-01-01,19193679
1040,492,2023-01-06,16580227
1041,493,2015-01-01,8555470
1042,494,2015-01-01,6263933
1043,494,2017-05-26,5806486
1044,495,2015-01-01,7921942
1045,496,2015-01-01,6629518
1046,497,2015-01-01,3256054
1047,498,2015-01-01,13557395
1048,498,2015-11-24,15891222
1049,498,2018-06-11,15694504
1050,498,2025-10-18,19451300
1051,499,2015-01-01,4809169
1052,499,2018-04-10,5490888
1053,500,2015-01-01,12329473
1054,501,2015-01-01,2120390
1055,502,2015-01-01,14583509
1056,502,2020-12-08,17139469
1057,503,2015-01-01,19799277
1058,504,2015-01-01,7984396
1059,504,2023-08-17,9198193
1060,505,2015-01-01,9241077
1061,506,2015-01-01,6442569
1062,507,2015-01-01,9264113
1063,507,2017-10-15,8479299
1064,508,2015-01-01,15319512
1065,509,2015-01-01,19032273
1066,510,2015-01-01,19935794
1067,510,2016-07-11,21238524
1068,510,2023-01-28,23533214
1069,511,2015-01-01,5108701
1070,512,2015-01-01,10041771
1071,512,2017-12-25,8898880
1072,512,2021-08-09,10695399
1073,513,2015-01-01,2930460
1074,513,2018-10-30,2881626
1075,514,2015-01-01,14180912
1076,514,2019-03-23,17014631
1077,515,2015-01-01,5492847
1078,515,2015-07-01,4927972
1079,515,2015-11-25,4667236
1080,515,2024-04-03,4893901
1081,516,2015-01-01,7646727
1082,517,2015-01-01,16427849
1083,517,2019-05-24,16406133
1084,518,2015-01-01,6370491
1085,519,2015-01-01,1499540
1086,519,2024-05-31,1631678
1087,520,2015-01-01,9999355
1088,520,2025-11-03,10764734
1089,521,2015-01-01,16036973
1090,521,2025-11-06,19956304
1091,522,2015-01-01,4281251
1092,522,2015-03-22,3948703
1093,523,2015-01-01,15976636
1094,524,2015-01-01,8686649
1095,525,2015-01-01,13494900
1096,526,2015-01-01,14448021
1097,527,2015-01-01,15212053
1098,527,2023-10-09,14597908
1099,527,2024-02-09,14268006
1100,528,2015-01-01,18069003
1101,528,2022-04-21,18239876
1102,529,2015-01-01,13854539
1103,530,2015-01-01,5760267
1104,530,2016-05-06,6947702
1105,530,2016-10-28,7088666
1106,531,2015-01-01,16051473
1107,531,2017-10-30,15111297
1108,531,2021-04-01,12871860
1109,532,2015-01-01,6312981
1110,532,2023-07-18,7586585
1111,533,2015-01-01,10012039
1112,533,2015-05-09,9060609
1113,534,2015-01-01,3049653
1114,535,2015-01-01,4553237
1115,536,2015-01-01,8726636
1116,536,2020-02-24,8655516
1117,536,2020-03-07,8457460
1118,537,2015-01-01,10090089
1119,538,2015-01-01,5683326
1120,539,2015-01-01,4525479
1121,540,2015-01-01,2656561
1122,540,2018-12-10,2727349
1123,541,2015-01-01,16468441
1124,541,2016-01-09,15717007
1125,542,2015-01-01,5256373
1126,542,2021-10-07,6026429
1127,543,2015-01-01,5405438
1128,544,2015-01-01,4134799
1129,544,2020-06-02,3905345
1130,545,2015-01-01,9535319
1131,545,2022-11-25,10681105
1132,546,2015-01-01,19109347
1133,546,2017-02-27,20758107
1134,546,2023-03-25,23755193
1135,547,2015-01-01,1249096
1136,547,2016-07-30,1332901
1137,548,2015-01-01,17530194
1138,549,2015-01-01,17532580
1139,549,2016-09-12,20720106
1140,550,2015-01-01,7652980
1141,550,2016-10-26,9200803
1142,550,2017-04-09,10608723
1143,550,2022-07-29,11516455
1144,551,2015-01-01,19729749
1145,551,2021-11-19,17522187
1146,552,2015-01-01,2917964
1147,553,2015-01-01,16678977
1148,553,2016-10-18,18617155
1149,553,2023-10-15,22973829
1150,554,2015-01-01,10225358
1151,555,2015-01-01,18440430
1152,555,2015-01-05,19387944
1153,556,2015-01-01,13055344
1154,556,2024-01-12,13866889
1155,556,2024-08-09,16388124
1156,557,2015-01-01,19169250
1157,558,2015-01-01,11758859
1158,558,2016-08-11,13337375
1159,559,2015-01-01,17033178
1160,560,2015-01-01,6768043
1161,561,2015-01-01,18042812
1162,562,2015-01-01,17181793
1163,563,2015-01-01,6646598
1164,563,2026-03-22,8106131
1165,564,2015-01-01,11699908
1166,564,2022-01-26,10320035
1167,564,2022-09-21,11189403
1168,565,2015-01-01,6663082
1169,565,2022-04-19,6123674
1170,566,2015-01-01,12756233
1171,567,2015-01-01,4566485
1172,567,2018-12-18,4525694
1173,568,2015-01-01,14614207
1174,569,2015-01-01,11062159
1175,569,2021-04-02,11847442
1176,570,2015-01-01,7331820
1177,570,2017-03-10,6970953
1178,571,2015-01-01,7049196
1179,571,2016-06-13,6247391
1180,572,2015-01-01,6688384
1181,572,2017-08-03,6342417
1182,572,2020-09-05,6084983
1183,573,2015-01-01,10646010
1184,573,2022-02-11,9794342
1185,574,2015-01-01,1384019
1186,574,2018-06-09,1511616
1187,574,2023-03-27,1680992
1188,575,2015-01-01,14234505
1189,576,2015-01-01,15877499
1190,577,2015-01-01,14754275
1191,577,2026-02-12,14089011
1192,578,2015-01-01,12498806
1193,578,2016-12-12,10887037
1194,578,2022-09-07,11782876
1195,579,2015-01-01,15438759
1196,580,2015-01-01,3239869
1197,580,2016-03-27,3123285
1198,581,2015-01-01,2319968
1199,582,2015-01-01,8771183
1200,582,2015-03-19,7630586
1201,583,2015-01-01,3832067
1202,583,2022-09-09,3633735
1203,584,2015-01-01,7737468
1204,584,2015-02-10,7126630
1205,585,2015-01-01,6379517
1206,586,2015-01-01,16558531
1207,587,2015-01-01,8455552
1208,587,2021-09-20,7206798
1209,588,2015-01-01,2569572
1210,588,2024-02-01,2205995
1211,589,2015-01-01,18746154
1212,590,2015-01-01,17302539
1213,590,2021-12-25,16924449
1214,591,2015-01-01,10428345
1215,591,2023-12-13,12716194
1216,592,2015-01-01,15025259
1217,592,2022-05-15,13101382
1218,592,2025-12-20,16248944
1219,593,2015-01-01,5355335
1220,593,2019-08-31,5019852
1221,594,2015-01-01,18640288
1222,594,2020-03-23,18483624
1223,594,2022-02-17,15819951
1224,595,2015-01-01,11924129
1225,596,2015-01-01,6820491
1226,597,2015-01-01,15215645
1227,598,2015-01-01,15281125
1228,598,2016-09-18,18229707
1229,599,2015-01-01,4735418
1230,600,2015-01-01,7651407
1231,600,2019-12-13,6854639
1232,600,2023-01-16,7589220
1233,601,2015-01-01,9689766
1234,602,2015-01-01,4125712
1235,602,2019-01-01,4001396
1236,602,2020-12-14,4903616
1237,602,2025-04-29,5571324
1238,603,2015-01-01,14055674
1239,603,2020-04-15,17006961
1240,604,2015-01-01,10653792
1241,605,2015-01-01,7597720
1242,605,2022-04-11,7867961
1243,606,2015-01-01,14031249
1244,606,2024-05-05,14601528
1245,607,2015-01-01,15100352
1246,607,2020-09-16,17377798
1247,607,2024-09-07,17704429
1248,608,2015-01-01,7993691
1249,608,2018-04-04,8727208
1250,608,2025-10-25,8046697
1251,609,2015-01-01,2510046
1252,609,2019-12-19,3017074
1253,609,2022-12-09,3540659
1254,610,2015-01-01,16884046
1255,610,2018-02-28,16648890
1256,611,2015-01-01,18166348
1257,611,2020-10-31,15585075
1258,612,2015-01-01,3903889
1259,612,2017-12-07,4090361
1260,612,2020-05-26,4483846
1261,613,2015-01-01,7334594
1262,614,2015-01-01,7132143
1263,615,2015-01-01,6660635
1264,616,2015-01-01,8354885
1265,616,2022-10-25,7992646
1266,617,2015-01-01,9969740
1267,618,2015-01-01,17650053
1268,619,2015-01-01,10015010
1269,619,2022-07-23,11641066
1270,620,2015-01-01,7589104
1271,620,2021-06-18,7630756
1272,621,2015-01-01,9574111
1273,621,2024-02-28,11051800
1274,622,2015-01-01,1361725
1275,623,2015-01-01,10845605
1276,623,2024-09-09,10822712
1277,623,2024-12-01,10175057
1278,624,2015-01-01,5590765
1279,624,2025-11-21,6021969
1280,625,2015-01-01,10424566
1281,625,2023-05-11,9582080
1282,626,2015-01-01,18304614
1283,626,2023-03-17,20728861
1284,627,2015-01-01,3121286
1285,627,2018-10-05,3875704
1286,628,2015-01-01,1107807
1287,628,2024-09-27,1042285
1288,629,2015-01-01,12315096
1289,629,2021-05-12,12009446
1290,630,2015-01-01,9989799
1291,631,2015-01-01,14113569
1292,631,2016-07-03,13320137
1293,631,2021-08-08,15479223
1294,632,2015-01-01,1536986
1295,632,2021-07-24,1326419
1296,632,2025-08-28,1541836
1297,633,2015-01-01,17003973
1298,633,2015-07-31,16234374
1299,634,2015-01-01,15339186
1300,635,2015-01-01,17399015
1301,635,2017-09-27,19209145
1302,635,2018-10-27,21990930
1303,636,2015-01-01,10851581
1304,637,2015-01-01,17951324
1305,637,2019-03-29,19010813
1306,637,2026-01-27,18256519
1307,637,2026-05-14,18855598
1308,638,2015-01-01,14293571
1309,638,2023-03-05,12620390
1310,638,2026-03-03,14525775
1311,639,2015-01-01,12791118
1312,639,2015-07-07,12184344
1313,639,2016-09-12,12374877
1314,640,2015-01-01,16681792
1315,641,2015-01-01,14009034
1316,641,2015-04-16,14172279
1317,641,2019-07-05,17288005
1318,642,2015-01-01,3252964
1319,642,2025-06-18,3151386
1320,643,2015-01-01,3923527
1321,643,2021-01-02,4616384
1322,644,2015-01-01,2126021
1323,644,2016-01-19,1933958
1324,644,2022-06-26,2011608
1325,644,2025-12-31,2269719
1326,645,2015-01-01,4690871
1327,646,2015-01-01,18348419
1328,646,2025-12-28,15897141
1329,647,2015-01-01,16247873
1330,647,2016-04-21,19254560
1331,648,2015-01-01,13920427
1332,649,2015-01-01,8925150
1333,649,2020-12-21,10274271
1334,650,2015-01-01,15374875
1335,651,2015-01-01,2224903
1336,652,2015-01-01,9320782
1337,652,2025-12-16,11333499
1338,653,2015-01-01,18085784
1339,654,2015-01-01,1907639
1340,654,2016-08-29,2113368
1341,655,2015-01-01,8079661
1342,656,2015-01-01,14574496
1343,656,2025-07-25,17002364
1344,657,2015-01-01,5034677
1345,657,2025-05-17,4552635
1346,658,2015-01-01,7154219
1347,658,2021-06-19,8621842
1348,659,2015-01-01,16950934
1349,659,2018-10-14,18763823
1350,659,2025-09-26,21774302
1351,659,2026-05-10,23858611
1352,660,2015-01-01,18176538
1353,660,2017-05-25,20154455
1354,661,2015-01-01,15458870
1355,661,2018-10-21,16246538
1356,662,2015-01-01,12055862
1357,662,2015-12-27,14145568
1358,663,2015-01-01,2566684
1359,663,2026-01-25,2953154
1360,664,2015-01-01,14915359
1361,665,2015-01-01,6676066
1362,665,2020-03-22,7526862
1363,666,2015-01-01,17901871
1364,666,2023-04-19,22287195
1365,666,2023-05-11,19158700
1366,667,2015-01-01,11566713
1367,667,2017-07-26,12782052
1368,667,2020-09-23,15201236
1369,668,2015-01-01,11156366
1370,668,2025-01-20,10103200
1371,669,2015-01-01,4957686
1372,669,2022-02-13,4330405
1373,670,2015-01-01,19825191
1374,670,2016-04-12,22403725
1375,671,2015-01-01,3608840
1376,671,2016-07-22,3647054
1377,672,2015-01-01,15857295
1378,673,2015-01-01,14111533
1379,674,2015-01-01,3053271
1380,674,2021-02-23,3086513
1381,674,2025-11-12,2824602
1382,675,2015-01-01,1497613
1383,675,2025-12-05,1838173
1384,676,2015-01-01,6949581
1385,676,2020-11-11,7321995
1386,676,2025-05-09,8026985
1387,677,2015-01-01,19002213
1388,677,2018-11-29,19880404
1389,677,2018-11-30,21366283
1390,677,2025-09-13,21739590
1391,678,2015-01-01,11833322
1392,678,2016-07-23,13700451
1393,678,2019-12-15,15879453
1394,678,2023-08-05,14979916
1395,679,2015-01-01,4034562
1396,679,2021-09-11,4905091
1397,680,2015-01-01,1203870
1398,680,2017-02-20,1419294
1399,681,2015-01-01,11333455
1400,681,2024-11-10,10411436
1401,682,2015-01-01,10795771
1402,683,2015-01-01,7920495
1403,683,2015-04-18,8605961
1404,683,2022-05-23,9679858
1405,684,2015-01-01,8865746
1406,684,2018-02-24,7844759
1407,684,2023-08-28,9087628
1408,684,2024-04-25,11205558
1409,685,2015-01-01,11149775
1410,685,2016-06-25,12330463
1411,686,2015-01-01,1646851
1412,687,2015-01-01,13039079
1413,687,2020-06-17,14267338
1414,687,2021-12-14,14515856
1415,688,2015-01-01,1898723
1416,688,2015-11-29,2068707
1417,688,2021-10-06,1810953
1418,688,2026-04-04,1785584
1419,689,2015-01-01,19072693
1420,689,2018-04-14,16226984
1421,690,2015-01-01,9672597
1422,690,2015-06-15,10274240
1423,690,2024-02-08,12672617
1424,690,2024-10-17,12148246
1425,691,2015-01-01,19837833
1426,691,2015-12-27,22753987
1427,691,2016-06-05,21870550
1428,691,2020-12-23,25469127
1429,692,2015-01-01,2822122
1430,692,2025-11-14,3282477
1431,693,2015-01-01,3528148
1432,693,2023-11-18,3759280
1433,694,2015-01-01,14901107
1434,694,2018-08-31,17792114
1435,695,2015-01-01,1187246
1436,695,2019-06-23,1188150
1437,696,2015-01-01,10095912
1438,696,2018-05-27,11318732
1439,697,2015-01-01,12533994
1440,697,2019-08-31,13299590
1441,697,2024-08-26,15899380
1442,698,2015-01-01,2738288
1443,699,2015-01-01,9475773
1444,699,2018-06-26,10256268
1445,699,2021-12-06,11682763
1446,700,2015-01-01,5761939
1447,700,2019-04-01,6405084
1448,700,2020-06-22,5682984
1449,700,2022-05-27,4833884
1450,701,2015-01-01,16058165
1451,701,2016-01-16,14384503
1452,701,2023-12-22,12539829
1453,702,2015-01-01,6237038
1454,702,2023-11-20,6045794
1455,703,2015-01-01,15974220
1456,703,2022-07-15,14878944
1457,703,2023-06-27,15701318
1458,704,2015-01-01,19099973
1459,705,2015-01-01,3200834
1460,705,2025-06-21,3235545
1461,706,2015-01-01,18739964
1462,707,2015-01-01,14912308
1463,707,2025-09-13,16560308
1464,708,2015-01-01,10931522
1465,708,2019-03-27,12975486
1466,708,2019-11-03,12722458
1467,709,2015-01-01,2013032
1468,709,2023-04-16,1726569
1469,710,2015-01-01,5942741
1470,710,2017-06-19,6619669
1471,711,2015-01-01,12370894
1472,711,2016-08-07,11425018
1473,711,2019-06-08,12667355
1474,711,2020-01-06,13966244
1475,712,2015-01-01,3980214
1476,713,2015-01-01,19113920
1477,714,2015-01-01,4769279
1478,714,2022-03-22,5741369
1479,714,2022-11-21,5764055
1480,715,2015-01-01,4696983
1481,716,2015-01-01,16846008
1482,716,2021-08-05,15211484
1483,717,2015-01-01,19705566
1484,718,2015-01-01,5478472
1485,718,2016-08-09,5182870
1486,718,2017-06-15,4654314
1487,719,2015-01-01,2906515
1488,719,2024-02-18,3405813
1489,720,2015-01-01,15135785
1490,721,2015-01-01,9877247
1491,722,2015-01-01,8326342
1492,722,2023-05-08,9058600
1493,723,2015-01-01,7170003
1494,723,2019-12-09,7052437
1495,724,2015-01-01,18512751
1496,724,2019-02-09,22215634
1497,725,2015-01-01,1196953
1498,726,2015-01-01,1367488
1499,726,2015-05-08,1323856
1500,726,2025-07-02,1475794
1501,727,2015-01-01,5785002
1502,728,2015-01-01,13547176
1503,729,2015-01-01,1623017
1504,729,2021-12-04,1989031
1505,730,2015-01-01,6241541
1506,730,2019-11-13,6450081
1507,730,2020-02-16,6124078
1508,730,2023-07-03,5652865
1509,731,2015-01-01,9934207
1510,731,2017-03-21,10053691
1511,732,2015-01-01,2972959
1512,733,2015-01-01,13640710
1513,733,2025-04-03,14043707
1514,734,2015-01-01,5424459
1515,734,2017-05-20,5247934
1516,734,2018-06-03,5248842
1517,734,2025-11-22,4740665
1518,735,2015-01-01,11346129
1519,736,2015-01-01,12907119
1520,737,2015-01-01,15257757
1521,738,2015-01-01,3656141
1522,738,2021-08-25,4299844
1523,739,2015-01-01,13321748
1524,739,2019-01-08,12806896
1525,739,2023-12-27,10969200
1526,740,2015-01-01,9156128
1527,740,2020-02-19,10811808
1528,740,2023-11-21,10366263
1529,741,2015-01-01,18113458
1530,741,2023-03-21,16257599
1531,742,2015-01-01,16158866
1532,742,2015-05-31,15342970
1533,742,2025-04-11,15308839
1534,742,2025-11-10,18762942
1535,743,2015-01-01,14423978
1536,743,2017-12-06,18024564
1537,744,2015-01-01,5267221
1538,745,2015-01-01,2289844
1539,745,2024-12-05,2685343
1540,746,2015-01-01,18748267
1541,746,2020-09-16,20325425
1542,747,2015-01-01,5340190
1543,747,2016-10-09,5202224
1544,748,2015-01-01,17260540
1545,748,2017-11-14,20576769
1546,748,2022-02-26,22976655
1547,748,2024-07-12,21130982
1548,749,2015-01-01,2694422
1549,749,2015-09-09,2490718
1550,749,2024-06-19,2639598
1551,749,2025-01-09,2438480
1552,750,2015-01-01,14781777
1553,750,2020-04-23,13326131
1554,751,2015-01-01,13879253
1555,751,2020-12-05,12200815
1556,752,2015-01-01,16223810
1557,752,2017-08-17,17484049
1558,752,2019-07-04,17716107
1559,752,2023-12-14,16399047
1560,753,2015-01-01,12567978
1561,753,2021-06-04,15635905
1562,754,2015-01-01,6178117
1563,754,2017-05-19,7073293
1564,755,2015-01-01,19393251
1565,756,2015-01-01,11758096
1566,756,2022-06-15,13450339
1567,756,2023-02-10,16087473
1568,757,2015-01-01,14415640
1569,757,2018-07-02,14928786
1570,758,2015-01-01,17623946
1571,758,2018-10-19,16300677
1572,759,2015-01-01,15556863
1573,760,2015-01-01,5074113
1574,761,2015-01-01,18622514
1575,762,2015-01-01,18557601
1576,762,2016-09-26,21767913
1577,762,2018-03-09,26297491
1578,762,2020-09-28,30905847
1579,763,2015-01-01,4209335
1580,763,2023-11-13,4593432
1581,764,2015-01-01,7361899
1582,764,2016-08-20,8022969
1583,764,2017-03-22,7316170
1584,764,2026-05-28,6587639
1585,765,2015-01-01,1330294
1586,766,2015-01-01,3231320
1587,767,2015-01-01,2666660
1588,767,2024-07-14,2968765
1589,768,2015-01-01,16650134
1590,768,2021-09-10,15130270
1591,768,2021-11-05,16594515
1592,768,2022-11-29,19063732
1593,769,2015-01-01,3259514
1594,769,2015-02-13,3168195
1595,769,2018-10-17,3519311
1596,769,2019-07-11,3310726
1597,770,2015-01-01,2132653
1598,770,2016-10-10,2436418
1599,770,2019-05-11,2620633
1600,771,2015-01-01,8305711
1601,771,2025-08-06,7115278
1602,772,2015-01-01,18333756
1603,772,2019-04-17,19218954
1604,772,2022-07-11,17506973
1605,773,2015-01-01,19238982
1606,773,2019-06-12,16608413
1607,774,2015-01-01,19124298
1608,774,2022-12-15,18758832
1609,775,2015-01-01,13876326
1610,776,2015-01-01,5544354
1611,777,2015-01-01,1381061
1612,777,2022-03-27,1709544
1613,778,2015-01-01,6077848
1614,779,2015-01-01,7128765
1615,780,2015-01-01,8788906
1616,781,2015-01-01,17256426
1617,781,2017-03-12,17623001
1618,781,2018-02-05,21622783
1619,781,2020-10-20,19264212
1620,782,2015-01-01,9758336
1621,782,2020-02-28,10716374
1622,783,2015-01-01,5197738
1623,783,2021-10-27,5599803
1624,783,2021-10-28,6947709
1625,783,2025-05-23,8064311
1626,784,2015-01-01,2139348
1627,784,2023-10-12,2552076
1628,785,2015-01-01,14498888
1629,785,2020-08-19,17423874
1630,786,2015-01-01,3858000
1631,786,2016-12-14,3841789
1632,787,2015-01-01,1093219
1633,787,2022-01-05,1107864
1634,788,2015-01-01,4372355
1635,788,2016-02-18,4469619
1636,788,2018-01-10,4394896
1637,788,2025-01-31,4579994
1638,789,2015-01-01,10743525
1639,789,2021-04-22,9160907
1640,789,2023-02-09,8695198
1641,790,2015-01-01,11313076
1642,790,2016-03-24,10161477
1643,791,2015-01-01,6481680
1644,791,2022-11-06,8009710
1645,792,2015-01-01,7515303
1646,792,2016-10-10,8247812
1647,793,2015-01-01,14579619
1648,794,2015-01-01,2739119
1649,794,2019-03-19,2871547
1650,795,2015-01-01,6689431
1651,796,2015-01-01,12731027
1652,797,2015-01-01,15060773
1653,798,2015-01-01,7017606
1654,798,2017-06-11,6376513
1655,798,2021-04-27,6270729
1656,798,2026-03-06,6890311
1657,799,2015-01-01,3381782
1658,799,2025-09-13,3572022
1659,800,2015-01-01,7488629
1660,801,2015-01-01,2352739
1661,802,2015-01-01,7168931
1662,802,2020-01-20,8536143
1663,802,2024-05-31,8315940
1664,803,2015-01-01,16050973
1665,804,2015-01-01,1002866
1666,804,2019-06-08,1050354
1667,804,2020-07-29,903587
1668,805,2015-01-01,18936357
1669,805,2025-12-05,17070525
1670,806,2015-01-01,8566278
1671,806,2022-09-23,7506420
1672,807,2015-01-01,1172411
1673,807,2015-07-01,1217167
1674,808,2015-01-01,11782809
1675,809,2015-01-01,3392177
1676,809,2020-07-25,3738009
1677,809,2025-08-26,4638804
1678,810,2015-01-01,19702003
1679,810,2015-02-14,24430391
1680,810,2025-08-23,21643649
1681,811,2015-01-01,9015894
1682,811,2015-05-23,8263819
1683,811,2021-01-11,8803323
1684,811,2022-06-24,8705124
1685,812,2015-01-01,9992069
1686,812,2019-06-03,9262990
1687,813,2015-01-01,9582996
1688,814,2015-01-01,3462041
1689,814,2020-08-28,3432984
1690,815,2015-01-01,1048842
1691,815,2023-12-16,1119999
1692,816,2015-01-01,3652602
1693,816,2015-09-28,4284882
1694,816,2023-03-31,4192261
1695,817,2015-01-01,16162970
1696,818,2015-01-01,14166779
1697,818,2022-01-28,13452072
1698,819,2015-01-01,4924967
1699,819,2020-04-25,4278596
1700,819,2022-02-19,4478657
1701,819,2024-02-05,4653852
1702,820,2015-01-01,2697130
1703,821,2015-01-01,9248684
1704,821,2022-10-27,10825249
1705,821,2023-10-22,12305383
1706,822,2015-01-01,11701622
1707,822,2016-12-15,10495089
1708,822,2020-01-27,10080706
1709,823,2015-01-01,1616562
1710,823,2018-11-04,1534857
1711,823,2024-04-13,1871370
1712,823,2026-05-04,2123513
1713,824,2015-01-01,6020122
1714,825,2015-01-01,19106899
1715,826,2015-01-01,8013081
1716,826,2019-04-01,8072878
1717,827,2015-01-01,6379400
1718,827,2017-01-09,7306749
1719,827,2018-01-16,6327368
1720,828,2015-01-01,18238304
1721,828,2022-10-05,21490322
1722,829,2015-01-01,19612070
1723,829,2022-05-31,24111233
1724,830,2015-01-01,1706044
1725,830,2015-10-16,1814670
1726,831,2015-01-01,1417671
1727,832,2015-01-01,11794324
1728,833,2015-01-01,12339590
1729,834,2015-01-01,13822374
1730,835,2015-01-01,15674338
1731,835,2023-06-06,14618806
1732,835,2024-02-12,13617263
1733,836,2015-01-01,8943340
1734,836,2018-12-30,9095461
1735,837,2015-01-01,7713823
1736,838,2015-01-01,7371096
1737,838,2018-05-06,7646547
1738,839,2015-01-01,9846528
1739,839,2020-12-15,10351211
1740,839,2025-04-27,10898702
1741,840,2015-01-01,2792536
1742,840,2019-11-14,3312429
1743,840,2024-03-13,3461331
1744,841,2015-01-01,17964755
1745,841,2018-01-01,19618368
1746,841,2025-11-03,20465629
1747,842,2015-01-01,2428080
1748,842,2017-03-03,2103714
1749,843,2015-01-01,4942124
1750,843,2019-05-11,5416832
1751,844,2015-01-01,19147961
1752,844,2017-02-26,22574103
1753,844,2021-03-01,24869451
1754,845,2015-01-01,10467299
1755,845,2019-11-18,9227387
1756,845,2024-03-16,8580333
1757,846,2015-01-01,5874097
1758,846,2017-01-07,5882490
1759,846,2024-02-18,5226588
1760,847,2015-01-01,19022550
1761,848,2015-01-01,12358287
1762,848,2021-08-01,12199657
1763,849,2015-01-01,14399650
1764,850,2015-01-01,5003207
1765,851,2015-01-01,14531760
1766,852,2015-01-01,16261288
1767,852,2015-04-07,18194662
1768,852,2026-04-14,16622149
1769,853,2015-01-01,1606981
1770,853,2018-03-20,1752007
1771,854,2015-01-01,16783459
1772,854,2021-03-15,17461838
1773,855,2015-01-01,10148173
1774,855,2019-03-23,9756518
1775,856,2015-01-01,17114438
1776,856,2016-11-01,21109495
1777,856,2020-04-05,18421877
1778,857,2015-01-01,18845004
1779,857,2023-04-16,21135890
1780,858,2015-01-01,5616641
1781,858,2020-04-18,6785800
1782,858,2021-01-01,5984880
1783,858,2022-03-19,6884323
1784,859,2015-01-01,10706473
1785,859,2021-12-06,9414967
1786,860,2015-01-01,12373559
1787,860,2016-10-24,13371259
1788,860,2019-06-17,13618491
1789,861,2015-01-01,17304688
1790,861,2016-09-05,21615646
1791,861,2016-10-03,19516944
1792,862,2015-01-01,14671591
1793,863,2015-01-01,11962798
1794,863,2024-11-04,12925650
1795,863,2025-12-20,15758172
1796,864,2015-01-01,13190395
1797,865,2015-01-01,1456656
1798,866,2015-01-01,13897226
1799,867,2015-01-01,18938889
1800,867,2026-02-26,17080907
1801,868,2015-01-01,17312883
1802,868,2015-07-22,20998560
1803,868,2016-11-09,17898648
1804,869,2015-01-01,14027897
1805,869,2026-02-16,12195397
1806,870,2015-01-01,2739253
1807,870,2016-09-12,2373869
1808,871,2015-01-01,14281171
1809,872,2015-01-01,1280638
1810,872,2019-12-26,1154759
1811,873,2015-01-01,18814109
1812,873,2018-10-13,16652217
1813,873,2022-11-13,18372640
1814,874,2015-01-01,9924871
1815,874,2024-08-31,10912770
1816,874,2025-11-26,11841526
1817,875,2015-01-01,1367387
1818,875,2016-05-08,1483145
1819,875,2026-03-27,1612098
1820,876,2015-01-01,6533421
1821,877,2015-01-01,8961043
1822,877,2025-09-15,8130040
1823,878,2015-01-01,5538425
1824,879,2015-01-01,9801069
1825,879,2017-11-18,11030356
1826,880,2015-01-01,16437321
1827,880,2023-08-13,17709067
1828,880,2024-10-25,19983717
1829,881,2015-01-01,13303339
1830,882,2015-01-01,4761918
1831,882,2026-02-05,5617881
1832,883,2015-01-01,14167536
1833,884,2015-01-01,18899482
1834,884,2019-01-02,17070374
1835,885,2015-01-01,16551423
1836,885,2020-05-01,19462669
1837,886,2015-01-01,17542223
1838,886,2019-04-05,19553166
1839,886,2019-10-17,18636432
1840,886,2023-11-04,17878707
1841,887,2015-01-01,5599044
1842,888,2015-01-01,10590862
1843,888,2015-02-20,13080325
1844,888,2024-07-12,12591203
1845,889,2015-01-01,10573525
1846,889,2016-09-07,9939659
1847,889,2017-04-16,8808776
1848,889,2022-10-21,9451597
1849,890,2015-01-01,19826043
1850,891,2015-01-01,19388634
1851,891,2023-01-29,19178156
1852,892,2015-01-01,12757170
1853,892,2016-04-01,12289714
1854,893,2015-01-01,10495573
1855,893,2017-04-21,10592707
1856,893,2022-07-12,10724668
1857,894,2015-01-01,6632916
1858,894,2023-05-02,7457596
1859,895,2015-01-01,6013302
1860,896,2015-01-01,17610838
1861,897,2015-01-01,14670116
1862,897,2016-10-15,13847027
1863,898,2015-01-01,14703254
1864,899,2015-01-01,15092830
1865,899,2020-06-21,14697982
1866,899,2021-07-21,14980519
1867,900,2015-01-01,16020472
1868,901,2015-01-01,16062911
1869,901,2023-07-16,14644641
1870,901,2026-01-04,14917613
1871,902,2015-01-01,14626623
1872,903,2015-01-01,7601510
1873,903,2020-10-01,9484571
1874,904,2015-01-01,13279998
1875,904,2018-04-24,11432341
1876,905,2015-01-01,13564753
1877,905,2015-01-28,15224510
1878,905,2025-01-18,13354036
1879,905,2025-03-27,12581635
1880,906,2015-01-01,4025473
1881,906,2016-08-20,4724236
1882,907,2015-01-01,11604320
1883,907,2022-09-02,11473706
1884,908,2015-01-01,15765215
1885,908,2019-10-17,15755249
1886,909,2015-01-01,7014388
1887,910,2015-01-01,3518371
1888,911,2015-01-01,11952074
1889,911,2019-08-14,12870794
1890,912,2015-01-01,2899664
1891,912,2023-04-17,3588194
1892,912,2024-09-11,4100477
1893,913,2015-01-01,13259677
1894,914,2015-01-01,11733189
1895,914,2019-04-18,14607885
1896,915,2015-01-01,16687980
1897,915,2015-03-29,16316291
1898,916,2015-01-01,16442924
1899,917,2015-01-01,3682741
1900,917,2015-01-13,4503853
1901,917,2023-12-14,4976262
1902,918,2015-01-01,18834754
1903,918,2026-03-06,23275415
1904,919,2015-01-01,11077880
1905,919,2015-06-28,11209111
1906,919,2018-04-09,10490867
1907,920,2015-01-01,12076241
1908,920,2024-02-25,10859223
1909,921,2015-01-01,8887018
1910,922,2015-01-01,11813557
1911,922,2017-09-21,12380117
1912,922,2025-02-14,13629029
1913,923,2015-01-01,19775924
1914,923,2017-11-01,21136022
1915,924,2015-01-01,1232048
1916,924,2024-08-19,1278228
1917,925,2015-01-01,7232246
1918,925,2015-10-05,9022430
1919,925,2021-11-05,10173926
1920,925,2025-10-22,12097062
1921,926,2015-01-01,3976351
1922,926,2019-06-13,3768563
1923,927,2015-01-01,1200627
1924,927,2016-08-25,1068683
1925,927,2025-04-17,987723
1926,928,2015-01-01,1856759
1927,928,2025-07-05,1899454
1928,929,2015-01-01,9116666
1929,930,2015-01-01,5820310
1930,930,2021-08-14,6352762
1931,931,2015-01-01,17074518
1932,932,2015-01-01,5471511
1933,933,2015-01-01,14585267
1934,934,2015-01-01,2339430
1935,935,2015-01-01,19812997
1936,935,2020-01-10,19394229
1937,935,2020-07-17,22404884
1938,935,2024-06-15,26352419
1939,936,2015-01-01,16441391
1940,936,2015-07-24,19627510
1941,937,2015-01-01,7269030
1942,938,2015-01-01,15740329
1943,938,2017-08-18,14869933
1944,939,2015-01-01,6350376
1945,940,2015-01-01,18948852
1946,940,2019-03-04,21046153
1947,940,2024-08-12,18282659
1948,941,2015-01-01,8995969
1949,941,2022-11-26,7724626
1950,942,2015-01-01,4151456
1951,943,2015-01-01,1004462
1952,944,2015-01-01,7338394
1953,945,2015-01-01,6878306
1954,945,2022-02-27,6653619
1955,946,2015-01-01,8127559
1956,946,2017-02-26,8516524
1957,946,2019-04-14,7479559
1958,946,2020-06-23,8125761
1959,947,2015-01-01,6011381
1960,947,2022-01-28,5131537
1961,947,2025-11-20,5742534
1962,948,2015-01-01,12119919
1963,948,2020-06-05,14480964
1964,948,2024-06-11,14210202
1965,949,2015-01-01,10017049
1966,949,2022-09-13,9022707
1967,950,2015-01-01,14052809
1968,951,2015-01-01,15850036
1969,951,2017-03-15,17076156
1970,952,2015-01-01,3330021
1971,953,2015-01-01,8420134
1972,954,2015-01-01,1126841
1973,954,2015-03-30,1135110
1974,954,2023-12-05,1093949
1975,955,2015-01-01,9249521
1976,956,2015-01-01,6191725
1977,957,2015-01-01,15512156
1978,957,2017-11-13,17682035
1979,957,2019-01-18,16094526
1980,957,2024-05-11,14506195
1981,958,2015-01-01,16079372
1982,958,2021-07-19,15071799
1983,959,2015-01-01,3531085
1984,959,2020-06-12,4026816
1985,960,2015-01-01,2133130
1986,960,2018-01-13,2156004
1987,960,2022-01-16,2090235
1988,960,2022-02-21,2176471
1989,961,2015-01-01,15862930
1990,962,2015-01-01,19740542
1991,962,2015-09-29,18659077
1992,963,2015-01-01,2159413
1993,963,2015-03-25,2106025
1994,964,2015-01-01,17892084
1995,964,2015-02-20,16176390
1996,964,2024-06-07,15611277
1997,965,2015-01-01,2261430
1998,965,2021-03-18,2637809
1999,966,2015-01-01,10982818
2000,966,2024-04-01,9916502
2001,966,2024-11-10,10396694
2002,967,2015-01-01,1620845
2003,967,2015-06-09,1940827
2004,968,2015-01-01,16879394
2005,968,2017-01-16,16824190
2006,968,2026-05-20,15424447
2007,969,2015-01-01,16215025
2008,969,2023-12-11,16190704
2009,970,2015-01-01,1081213
2010,970,2023-09-14,1104869
2011,970,2024-05-21,1009806
2012,971,2015-01-01,2342506
2013,972,2015-01-01,14584108
2014,973,2015-01-01,18057618
2015,973,2015-03-25,17926376
2016,974,2015-01-01,14540555
2017,974,2015-02-13,16986064
2018,974,2019-03-18,20864758
2019,975,2015-01-01,3381484
2020,976,2015-01-01,16026233
2021,977,2015-01-01,17297428
2022,977,2015-01-01,16147950
2023,978,2015-01-01,18539526
2024,978,2015-01-03,23033063
2025,978,2018-04-27,26017989
2026,978,2020-08-26,28055019
2027,979,2015-01-01,17253943
2028,979,2022-10-04,20453809
2029,979,2024-02-26,23178808
2030,980,2015-01-01,3596670
2031,981,2015-01-01,17981431
2032,981,2017-08-13,19522636
2033,982,2015-01-01,11569446
2034,982,2021-10-04,9899771
2035,982,2024-04-16,9531878
2036,983,2015-01-01,7963791
2037,984,2015-01-01,14990383
2038,984,2023-02-24,15359257
2039,984,2023-11-30,14385346
2040,985,2015-01-01,5422073
2041,985,2017-09-22,6724150
2042,985,2025-09-17,6407469
2043,986,2015-01-01,13784440
2044,987,2015-01-01,4383773
2045,988,2015-01-01,19389595
2046,988,2026-02-26,23729454
2047,989,2015-01-01,18906908
2048,989,2017-08-18,16635279
2049,989,2025-09-01,19909261
2050,990,2015-01-01,4500713
2051,990,2015-11-14,4344658
2052,991,2015-01-01,12389523
2053,992,2015-01-01,1546388
2054,993,2015-01-01,3457332
2055,994,2015-01-01,16113923
2056,994,2018-03-30,18202363
2057,995,2015-01-01,6481084
2058,996,2015-01-01,7479647
2059,996,2015-03-04,9266292
2060,996,2022-09-23,10482767
2061,997,2015-01-01,11206781
2062,997,2016-01-17,10871345
2063,997,2016-03-14,12835626
2064,997,2024-03-24,15680739
2065,998,2015-01-01,6422913
2066,998,2016-01-24,7296769
2067,999,2015-01-01,17911961
2068,999,2022-03-20,15685246
2069,1000,2015-01-01,18226570
2070,1000,2017-11-22,19330046
2071,1000,2024-09-18,23458893
2072,1001,2015-01-01,5320732
2073,1002,2015-01-01,18644919
2074,1002,2017-10-30,20687891
2075,1003,2015-01-01,2939733
2076,1003,2018-06-28,3141581
2077,1004,2015-01-01,10734915
2078,1005,2015-01-01,18520666
2079,1006,2015-01-01,3584864
2080,1006,2021-06-09,3333821
2081,1006,2022-12-14,3798337
2082,1006,2025-01-16,4103016
2083,1007,2015-01-01,13417753
2084,1007,2026-01-06,13914417
2085,1008,2015-01-01,19001286
2086,1008,2016-12-02,23512479
2087,1008,2017-11-05,23666861
2088,1008,2021-08-30,27245653
2089,1009,2015-01-01,11890671
2090,1009,2021-03-25,13373192
2091,1010,2015-01-01,10037534
2092,1010,2019-07-31,11730985
2093,1011,2015-01-01,7469218
2094,1011,2016-03-05,7966896
2095,1011,2020-12-04,9866411
2096,1012,2015-01-01,15924139
2097,1013,2015-01-01,14253043
2098,1013,2016-02-26,12404111
2099,1013,2024-11-03,13237683
2100,1014,2015-01-01,5721406
2101,1014,2024-07-19,5742440
2102,1015,2015-01-01,5442891
2103,1016,2015-01-01,15049061
2104,1016,2016-01-05,18214591
2105,1017,2015-01-01,16086696
2106,1017,2022-07-30,16288436
2107,1018,2015-01-01,10320852
2108,1018,2015-01-17,11520175
2109,1019,2015-01-01,18540193
2110,1019,2017-02-27,18150653
2111,1019,2017-04-13,20884924
2112,1019,2022-09-24,20746865
2113,1020,2015-01-01,17560201
2114,1020,2025-07-17,21888425
2115,1021,2015-01-01,6776324
2116,1022,2015-01-01,15460396
2117,1023,2015-01-01,1229800
2118,1024,2015-01-01,18574969
2119,1024,2026-04-13,19659892
2120,1025,2015-01-01,14922569
2121,1025,2017-11-01,17792692
2122,1025,2025-02-10,17196068
2123,1026,2015-01-01,2929038
2124,1026,2020-03-30,2975578
2125,1027,2015-01-01,12841366
2126,1028,2015-01-01,4573928
2127,1029,2015-01-01,9613013
2128,1029,2017-08-19,9170860
2129,1029,2026-04-07,10619269
2130,1030,2015-01-01,16848074
2131,1030,2018-09-08,14354143
2132,1030,2021-12-15,16803967
2133,1030,2024-07-03,19883717
2134,1031,2015-01-01,7764268
2135,1031,2020-08-25,9432496
2136,1032,2015-01-01,15287497
2137,1033,2015-01-01,8830973
2138,1033,2019-01-17,10404942
2139,1033,2024-02-25,12453729
2140,1034,2015-01-01,3131477
2141,1034,2020-03-18,3862152
2142,1035,2015-01-01,14697229
2143,1036,2015-01-01,11009254
2144,1036,2017-11-06,10537094
2145,1036,2024-12-06,12818614
2146,1037,2015-01-01,18203174
2147,1037,2021-08-23,15915130
2148,1038,2015-01-01,2517403
2149,1038,2018-05-29,2474893
2150,1038,2024-07-08,2151683
2151,1039,2015-01-01,18940686
2152,1040,2015-01-01,10327360
2153,1040,2024-11-29,9656458
2154,1040,2025-10-31,10788092
2155,1041,2015-01-01,1406545
2156,1041,2024-03-13,1439322
2157,1042,2015-01-01,3221757
2158,1042,2023-04-17,3351439
2159,1042,2025-12-21,3498622
2160,1043,2015-01-01,17340292
2161,1044,2015-01-01,10151500
2162,1044,2026-02-22,9249464
2163,1045,2015-01-01,10016953
2164,1046,2015-01-01,13166117
2165,1046,2019-08-01,12614729
2166,1047,2015-01-01,1442331
2167,1048,2015-01-01,2417250
2168,1048,2025-06-23,2396884
2169,1049,2015-01-01,13671523
2170,1049,2020-07-05,14312132
2171,1049,2020-12-21,17820648
2172,1050,2015-01-01,1475155
2173,1050,2025-05-12,1547889
2174,1051,2015-01-01,8474988
2175,1051,2016-07-03,9498192
2176,1052,2015-01-01,12300541
2177,1052,2015-11-26,13545047
2178,1053,2015-01-01,19404834
2179,1054,2015-01-01,15502104
2180,1055,2015-01-01,9421312
2181,1056,2015-01-01,2486296
2182,1056,2017-05-24,3077484
2183,1056,2025-05-14,3051355
2184,1057,2015-01-01,18798820
2185,1057,2018-11-28,21714188
2186,1058,2015-01-01,12144216
2187,1058,2019-01-29,13288318
2188,1059,2015-01-01,1589290
2189,1059,2021-02-11,1887684
2190,1060,2015-01-01,6152781
2191,1061,2015-01-01,4233608
2192,1061,2021-03-07,4343713
2193,1062,2015-01-01,16429546
2194,1062,2023-12-03,17465201
2195,1063,2015-01-01,16444295
2196,1063,2023-07-30,16380488
2197,1064,2015-01-01,4814427
2198,1064,2020-12-05,4220699
2199,1065,2015-01-01,15272737
2200,1065,2017-07-11,19050783
2201,1065,2022-10-01,21426307
2202,1066,2015-01-01,6334044
2203,1067,2015-01-01,17806081
2204,1067,2023-10-08,20291160
2205,1068,2015-01-01,11737418
2206,1068,2018-10-05,12418186
2207,1068,2026-01-18,12524643
2208,1069,2015-01-01,18257143
2209,1069,2019-06-20,17537473
2210,1069,2021-10-21,18909264
2211,1070,2015-01-01,6340976
2212,1071,2015-01-01,8374697
2213,1072,2015-01-01,15407028
2214,1073,2015-01-01,13099543
2215,1073,2018-09-01,13108680
2216,1073,2026-02-20,14407543
2217,1074,2015-01-01,10393592
2218,1075,2015-01-01,15092525
2219,1075,2023-10-10,14594686
2220,1075,2026-01-07,15419891
2221,1076,2015-01-01,4310378
2222,1076,2016-08-28,4428400
2223,1076,2025-05-12,5003726
2224,1077,2015-01-01,13883193
2225,1077,2022-05-24,16484483
2226,1078,2015-01-01,8168449
2227,1078,2016-05-22,9041628
2228,1079,2015-01-01,3900839
2229,1079,2026-04-10,4847535
2230,1080,2015-01-01,18771469
2231,1080,2015-06-16,21949321
2232,1080,2020-12-15,19449978
2233,1080,2025-03-16,20740541
2234,1081,2015-01-01,6019117
2235,1082,2015-01-01,5921811
2236,1082,2020-06-18,6983778
2237,1082,2024-06-11,8231645
2238,1083,2015-01-01,19895387
2239,1083,2023-04-22,21867875
2240,1084,2015-01-01,1785293
2241,1084,2015-04-26,2180093
2242,1084,2018-07-16,2058501
2243,1084,2021-03-22,2128628
2244,1085,2015-01-01,5845653
2245,1086,2015-01-01,16896653
2246,1087,2015-01-01,17864018
2247,1087,2017-07-18,15377167
2248,1087,2024-12-26,14002475
2249,1087,2025-10-28,12861345
2250,1088,2015-01-01,16821798
2251,1088,2021-12-18,18155489
2252,1089,2015-01-01,2204992
2253,1089,2016-06-20,2576820
2254,1089,2019-08-17,3198857
2255,1090,2015-01-01,11615226
2256,1090,2024-12-15,13928612
2257,1090,2025-03-26,15819935
2258,1091,2015-01-01,16033090
2259,1092,2015-01-01,19528395
2260,1093,2015-01-01,16636883
2261,1093,2015-12-21,18007262
2262,1093,2025-05-16,20371737
2263,1093,2026-05-21,17891285
2264,1094,2015-01-01,15937427
2265,1094,2020-01-24,15548300
2266,1095,2015-01-01,7795612
2267,1095,2016-02-05,6867603
2268,1096,2015-01-01,19275289
2269,1096,2022-04-17,21669208
2270,1097,2015-01-01,16181133
2271,1097,2022-12-18,16749213
2272,1097,2024-08-19,14681079
2273,1098,2015-01-01,3174393
2274,1098,2020-07-29,3463298
2275,1099,2015-01-01,19717546
2276,1099,2025-09-02,19674907
2277,1100,2015-01-01,14106581
2278,1101,2015-01-01,19452524
2279,1102,2015-01-01,9844094
2280,1102,2026-03-16,10113010
2281,1103,2015-01-01,7890839
2282,1103,2017-09-01,9425589
2283,1104,2015-01-01,1566874
2284,1104,2026-02-03,1581661
2285,1105,2015-01-01,6064628
2286,1106,2015-01-01,14393188
2287,1106,2015-09-19,13272860
2288,1107,2015-01-01,1934736
2289,1107,2018-03-08,1902804
2290,1108,2015-01-01,3960029
2291,1108,2022-11-24,4644765
2292,1109,2015-01-01,4347668
2293,1110,2015-01-01,19120077
2294,1110,2025-02-19,19211597
2295,1111,2015-01-01,4298113
2296,1111,2023-08-23,3883457
2297,1112,2015-01-01,1890967
2298,1112,2025-06-19,1976782
2299,1113,2015-01-01,14481834
2300,1113,2016-08-18,16714499
2301,1114,2015-01-01,2229700
2302,1114,2019-09-04,1937230
2303,1114,2020-08-01,2100837
2304,1115,2015-01-01,8363388
2305,1115,2019-06-24,7599759
2306,1116,2015-01-01,19617238
2307,1117,2015-01-01,19564971
2308,1117,2024-03-18,18437776
2309,1118,2015-01-01,10224145
2310,1118,2016-03-17,10781896
2311,1118,2016-05-17,13174169
2312,1118,2024-07-26,13499090
2313,1119,2015-01-01,11193439
2314,1119,2025-06-24,11547695
2315,1120,2015-01-01,2550891
2316,1121,2015-01-01,11609335
2317,1122,2015-01-01,17469515
2318,1122,2017-01-21,18420083
2319,1123,2015-01-01,14883673
2320,1123,2023-01-19,17312334
2321,1123,2025-08-27,20705767
2322,1124,2015-01-01,7409195
2323,1124,2017-10-01,8344285
2324,1125,2015-01-01,1445257
2325,1125,2019-10-04,1484139
2326,1125,2023-09-25,1700666
2327,1126,2015-01-01,6731382
2328,1126,2020-09-26,7493913
2329,1126,2023-10-12,9007241
2330,1127,2015-01-01,4360477
2331,1127,2020-02-13,4299890
2332,1128,2015-01-01,2433045
2333,1128,2024-02-13,2815161
2334,1129,2015-01-01,15763221
2335,1129,2023-03-25,13605138
2336,1130,2015-01-01,5260687
2337,1130,2019-08-08,5575902
2338,1131,2015-01-01,8470682
2339,1131,2024-12-25,9608831
2340,1132,2015-01-01,10400498
2341,1133,2015-01-01,11441455
2342,1133,2019-05-19,12055178
2343,1134,2015-01-01,8020814
2344,1135,2015-01-01,3561877
2345,1135,2015-09-24,3467229
2346,1136,2015-01-01,17220120
2347,1136,2015-10-02,19123981
2348,1136,2017-12-19,21622037
2349,1136,2024-10-21,24887334
2350,1137,2015-01-01,8610874
2351,1137,2018-02-16,10051572
2352,1137,2022-02-28,11964714
2353,1137,2024-05-26,11119775
2354,1138,2015-01-01,18976926
2355,1138,2020-11-23,16994450
2356,1138,2021-10-08,18712828
2357,1138,2023-10-17,18851631
2358,1139,2015-01-01,18911859
2359,1139,2024-03-09,21700636
2360,1140,2015-01-01,15693840
2361,1140,2015-05-18,16166753
2362,1140,2023-05-23,16628531
2363,1141,2015-01-01,2793041
2364,1141,2018-02-26,2532867
2365,1141,2026-03-05,2800144
2366,1142,2015-01-01,11151999
2367,1142,2015-05-14,12278632
2368,1142,2015-12-13,12191014
2369,1143,2015-01-01,18192556
2370,1144,2015-01-01,14824885
2371,1144,2024-06-25,16007940
2372,1144,2025-11-06,15485725
2373,1144,2026-04-06,18830514
2374,1145,2015-01-01,8781357
2375,1145,2015-05-20,8950866
2376,1145,2021-01-17,10673817
2377,1146,2015-01-01,11004694
2378,1146,2015-05-09,9646246
2379,1146,2022-10-09,9040188
2380,1147,2015-01-01,5520203
2381,1147,2016-05-14,5751534
2382,1148,2015-01-01,17730545
2383,1148,2024-09-10,16548361
2384,1149,2015-01-01,4993823
2385,1149,2023-06-20,6132221
2386,1150,2015-01-01,13282649
2387,1150,2019-11-08,16162308
2388,1151,2015-01-01,5942639
2389,1151,2018-07-30,5606336
2390,1152,2015-01-01,18080680
2391,1152,2026-03-10,19415470
2392,1153,2015-01-01,7991982
2393,1153,2020-06-22,7230202
2394,1153,2026-04-21,8545712
2395,1154,2015-01-01,12120835
2396,1154,2022-08-05,14771742
2397,1155,2015-01-01,11210606
2398,1155,2020-06-20,13995005
2399,1156,2015-01-01,8609093
2400,1157,2015-01-01,11069212
2401,1158,2015-01-01,13510712
2402,1159,2015-01-01,12642028
2403,1159,2017-07-01,12031617
2404,1160,2015-01-01,9302672
2405,1160,2026-03-10,10873323
2406,1161,2015-01-01,1804165
2407,1161,2017-03-11,2190532
2408,1161,2020-08-13,2124720
2409,1161,2025-06-30,2481425
2410,1162,2015-01-01,16802214
2411,1162,2020-11-06,16894802
2412,1162,2021-05-10,19274640
2413,1163,2015-01-01,12588926
2414,1163,2022-03-05,13582453
2415,1163,2025-10-28,14504806
2416,1164,2015-01-01,3762572
2417,1164,2015-06-02,3931219
2418,1164,2023-07-06,4506314
2419,1164,2024-04-23,5494726
2420,1165,2015-01-01,4855557
2421,1165,2019-07-27,4985595
2422,1166,2015-01-01,12296774
2423,1167,2015-01-01,6421119
2424,1167,2022-03-21,5655522
2425,1167,2025-03-15,6310215
2426,1168,2015-01-01,14572415
2427,1168,2015-03-24,12805103
2428,1169,2015-01-01,10619359
2429,1169,2015-01-09,9446479
2430,1169,2016-10-07,11006038
2431,1170,2015-01-01,11061359
2432,1170,2020-10-10,12356185
2433,1170,2026-02-11,12413537
2434,1171,2015-01-01,2965404
2435,1171,2016-11-22,2823237
2436,1171,2024-07-24,3034926
2437,1172,2015-01-01,17336089
2438,1172,2017-03-04,16731416
2439,1172,2018-08-04,19147057
2440,1173,2015-01-01,5310452
2441,1173,2021-06-20,6041097
2442,1174,2015-01-01,5206884
2443,1174,2017-08-04,5026966
2444,1175,2015-01-01,9098832
2445,1175,2018-03-09,10538815
2446,1175,2019-08-25,9078859
2447,1175,2019-12-29,8267436
2448,1176,2015-01-01,12672945
2449,1176,2019-11-09,14569331
2450,1176,2025-07-23,15735681
2451,1176,2025-12-25,17440230
2452,1177,2015-01-01,13900700
2453,1177,2015-08-19,12856282
2454,1177,2023-03-24,13796488
2455,1178,2015-01-01,7328621
2456,1178,2015-01-30,7555573
2457,1179,2015-01-01,5131029
2458,1179,2017-04-21,5136270
2459,1180,2015-01-01,14941459
2460,1180,2020-11-13,18393213
2461,1181,2015-01-01,1050186
2462,1182,2015-01-01,11517555
2463,1182,2016-12-22,14006593
2464,1182,2024-09-25,13462492
2465,1183,2015-01-01,2076145
2466,1184,2015-01-01,5295166
2467,1185,2015-01-01,8388022
2468,1186,2015-01-01,19260921
2469,1187,2015-01-01,8004714
2470,1187,2015-09-05,9916077
2471,1187,2021-09-08,10624984
2472,1188,2015-01-01,15125611
2473,1188,2026-01-27,16590961
2474,1189,2015-01-01,1541749
2475,1190,2015-01-01,16177994
2476,1190,2022-08-18,15869950
2477,1191,2015-01-01,11214945
2478,1192,2015-01-01,14542749
2479,1193,2015-01-01,10857140
2480,1194,2015-01-01,6509791
2481,1195,2015-01-01,12759548
2482,1196,2015-01-01,11202072
2483,1196,2017-05-13,13590199
2484,1196,2020-03-30,13912455
2485,1197,2015-01-01,11306911
2486,1198,2015-01-01,13646468
2487,1198,2019-08-01,12200180
2488,1198,2022-03-25,12242783
2489,1199,2015-01-01,17428795
2490,1199,2015-11-11,17460934
2491,1199,2025-07-28,15306145
2492,1200,2015-01-01,12969006
2493,1200,2021-02-12,14358483
2494,1200,2023-01-18,17337166
2495,1201,2015-01-01,12235872
2496,1201,2023-03-31,14110082
2497,1202,2015-01-01,7130653
2498,1202,2017-09-17,7312261
2499,1203,2015-01-01,9815024
2500,1203,2019-11-20,9515196
2501,1203,2024-01-23,8259118
2502,1204,2015-01-01,8258893
2503,1204,2019-11-30,10220367
2504,1204,2023-02-25,12445325
2505,1204,2023-03-29,13304416
2506,1205,2015-01-01,1083219
2507,1205,2019-02-17,1242647
2508,1205,2021-07-28,1222527
2509,1205,2022-10-17,1070222
2510,1206,2015-01-01,7988927
2511,1206,2015-12-04,9288870
2512,1206,2024-01-16,8902773
2513,1207,2015-01-01,10682077
2514,1207,2018-08-14,10172832
2515,1207,2020-09-02,10882189
2516,1207,2022-06-23,11344077
2517,1208,2015-01-01,7058854
2518,1208,2017-03-31,7513285
2519,1209,2015-01-01,1026629
2520,1209,2026-05-22,1182688
2521,1210,2015-01-01,8832448
2522,1211,2015-01-01,13119767
2523,1212,2015-01-01,3808239
2524,1212,2024-02-17,3971538
2525,1213,2015-01-01,7642873
2526,1214,2015-01-01,4113683
2527,1215,2015-01-01,16367541
2528,1215,2025-04-06,16966964
2529,1216,2015-01-01,11630553
2530,1217,2015-01-01,5496732
2531,1217,2015-07-04,4689981
2532,1217,2025-07-06,4012680
2533,1218,2015-01-01,11812266
2534,1219,2015-01-01,15791204
2535,1219,2016-08-10,16173014
2536,1220,2015-01-01,4179570
2537,1220,2015-12-19,3639180
2538,1221,2015-01-01,18728030
2539,1221,2015-08-18,19679776
2540,1221,2022-02-07,17198349
2541,1222,2015-01-01,18982274
2542,1222,2019-04-02,17981595
2543,1223,2015-01-01,11469648
2544,1224,2015-01-01,3828898
2545,1224,2019-07-18,4691653
2546,1225,2015-01-01,9394333
2547,1226,2015-01-01,17152468
2548,1226,2025-11-26,15751661
2549,1227,2015-01-01,4485792
2550,1227,2020-03-25,3839447
2551,1227,2022-10-30,4489744
2552,1227,2025-09-04,3955673
2553,1228,2015-01-01,16304431
2554,1229,2015-01-01,14602602
2555,1229,2016-05-15,14281832
2556,1230,2015-01-01,11106336
2557,1231,2015-01-01,16238460
2558,1231,2015-03-31,16443364
2559,1231,2023-08-04,17580691
2560,1232,2015-01-01,1077161
2561,1233,2015-01-01,15355047
2562,1233,2017-04-16,17084305
2563,1233,2019-06-30,16191760
2564,1234,2015-01-01,3419341
2565,1234,2015-10-11,3266534
2566,1235,2015-01-01,7582572
2567,1236,2015-01-01,2115361
2568,1237,2015-01-01,7551089
2569,1238,2015-01-01,17851119
2570,1238,2017-08-14,17567219
2571,1239,2015-01-01,12245338
2572,1239,2015-04-06,10500949
2573,1239,2017-09-01,10296982
2574,1239,2018-04-25,12174914
2575,1240,2015-01-01,6643844
2576,1241,2015-01-01,4207013
2577,1242,2015-01-01,6147335
2578,1243,2015-01-01,14718986
2579,1243,2020-05-17,13118130
2580,1244,2015-01-01,3529597
2581,1245,2015-01-01,5753572
2582,1246,2015-01-01,14482014
2583,1246,2024-08-03,13757037
2584,1247,2015-01-01,18425044
2585,1248,2015-01-01,5552780
2586,1248,2020-11-09,5337055
2587,1248,2023-02-10,4603758
2588,1249,2015-01-01,11721181
2589,1250,2015-01-01,5378575
2590,1251,2015-01-01,6908961
2591,1252,2015-01-01,13676217
2592,1253,2015-01-01,1923797
2593,1254,2015-01-01,2555485
2594,1254,2019-03-29,2288561
2595,1254,2022-10-08,2135442
2596,1255,2015-01-01,18924277
2597,1255,2018-08-27,17778428
2598,1256,2015-01-01,4389962
2599,1257,2015-01-01,6848850
2600,1257,2022-05-12,7237928
2601,1258,2015-01-01,4917269
2602,1258,2024-06-12,4491087
2603,1258,2026-02-06,5134098
2604,1259,2015-01-01,9528294
2605,1259,2018-03-09,11376472
2606,1260,2015-01-01,10506246
2607,1260,2023-07-12,9840479
2608,1261,2015-01-01,7230067
2609,1261,2023-03-03,7008540
2610,1262,2015-01-01,10997511
2611,1262,2021-06-07,11231523
2612,1263,2015-01-01,1166984
2613,1264,2015-01-01,18179829
2614,1264,2020-11-08,16858713
2615,1265,2015-01-01,6834029
2616,1265,2021-02-14,7803593
2617,1265,2022-08-24,8453923
2618,1266,2015-01-01,12965820
2619,1267,2015-01-01,16227573
2620,1267,2021-01-28,16867286
2621,1268,2015-01-01,9137049
2622,1269,2015-01-01,19459852
2623,1269,2020-11-26,19347165
2624,1270,2015-01-01,16834259
2625,1270,2017-05-12,16707742
2626,1270,2020-08-24,19780891
2627,1271,2015-01-01,4090871
2628,1271,2023-08-29,3767796
2629,1272,2015-01-01,13873101
2630,1272,2020-07-04,14035606
2631,1272,2022-01-14,16500674
2632,1272,2024-06-25,17739680
2633,1273,2015-01-01,3225856
2634,1274,2015-01-01,14089138
2635,1274,2021-02-15,14059449
2636,1274,2021-07-15,13335602
2637,1274,2024-03-13,14746940
2638,1275,2015-01-01,3032682
2639,1275,2015-06-02,3083092
2640,1276,2015-01-01,11071238
2641,1277,2015-01-01,16862271
2642,1277,2021-07-17,16824998
2643,1277,2022-04-02,15978455
2644,1278,2015-01-01,13444335
2645,1279,2015-01-01,15815336
2646,1279,2019-07-20,19446361
2647,1279,2023-07-10,23715256
2648,1280,2015-01-01,14213959
2649,1280,2023-02-11,13888634
2650,1281,2015-01-01,8829095
2651,1281,2023-12-08,9486661
2652,1282,2015-01-01,14680884
2653,1283,2015-01-01,19503399
2654,1283,2017-11-08,22412819
2655,1283,2026-03-11,20432386
2656,1284,2015-01-01,7796382
2657,1284,2020-04-09,8831972
2658,1284,2021-10-26,11004235
2659,1285,2015-01-01,17570995
2660,1285,2016-11-24,15994768
2661,1285,2023-01-17,14256186
2662,1285,2023-09-05,14825413
2663,1286,2015-01-01,6256443
2664,1286,2018-10-24,7478729
2665,1287,2015-01-01,15037420
2666,1287,2015-10-07,17262637
2667,1287,2015-11-15,18450667
2668,1287,2015-11-30,17340715
2669,1288,2015-01-01,10108466
2670,1289,2015-01-01,10617344
2671,1289,2017-12-28,10419961
2672,1290,2015-01-01,15400418
2673,1291,2015-01-01,1876918
2674,1291,2020-11-03,1671409
2675,1292,2015-01-01,19065703
2676,1293,2015-01-01,19975258
2677,1293,2020-12-29,22083969
2678,1294,2015-01-01,19333436
2679,1294,2019-06-12,17030158
2680,1294,2021-11-22,15130828
2681,1295,2015-01-01,8536439
2682,1295,2025-11-27,8963578
2683,1296,2015-01-01,4405979
2684,1296,2019-07-05,5122587
2685,1297,2015-01-01,7601304
2686,1297,2020-10-17,6729843
2687,1298,2015-01-01,9215572
2688,1299,2015-01-01,7986678
2689,1299,2019-03-30,8001180
2690,1300,2015-01-01,16821933
2691,1300,2019-01-23,19513546
2692,1301,2015-01-01,1136463
2693,1301,2019-11-11,1090490
2694,1301,2022-07-26,1194542
2695,1301,2025-07-30,1404551
2696,1302,2015-01-01,19585479
2697,1302,2017-04-26,16797282
2698,1302,2020-12-09,20299430
2699,1302,2023-09-03,20393598
2700,1303,2015-01-01,10230773
2701,1303,2024-12-13,9178331
2702,1304,2015-01-01,5109951
2703,1304,2019-07-08,5157436
2704,1304,2025-08-30,4789111
2705,1304,2025-10-23,5542368
2706,1305,2015-01-01,15831782
2707,1305,2023-08-28,15504474
2708,1306,2015-01-01,10327164
2709,1306,2019-11-14,11870724
2710,1306,2019-11-24,14798020
2711,1307,2015-01-01,6517951
2712,1307,2022-09-29,7371884
2713,1308,2015-01-01,12558584
2714,1308,2015-02-07,11705177
2715,1308,2019-11-17,13769711
2716,1309,2015-01-01,4653566
2717,1309,2017-01-04,5347973
2718,1310,2015-01-01,11085630
2719,1311,2015-01-01,14267811
2720,1311,2020-04-18,13624415
2721,1311,2021-04-29,16193873
2722,1312,2015-01-01,3681799
2723,1312,2015-08-07,3291288
2724,1312,2020-08-05,3642838
2725,1312,2026-05-03,4120072
2726,1313,2015-01-01,13860330
2727,1313,2018-08-10,14925673
2728,1313,2021-07-24,13214780
2729,1314,2015-01-01,14757250
2730,1314,2018-05-01,16511798
2731,1315,2015-01-01,14814155
2732,1315,2023-03-17,15855317
2733,1316,2015-01-01,8329993
2734,1316,2015-09-08,9079966
2735,1317,2015-01-01,2102648
2736,1318,2015-01-01,14073793
2737,1319,2015-01-01,12740841
2738,1319,2022-04-09,13740840
2739,1319,2025-04-07,12304034
2740,1320,2015-01-01,9284539
2741,1320,2020-09-11,8902419
2742,1321,2015-01-01,2137070
2743,1321,2016-10-20,1886010
2744,1321,2026-01-14,1773921
2745,1322,2015-01-01,10132689
2746,1322,2016-02-13,9485997
2747,1322,2016-10-11,11544996
2748,1322,2023-11-22,11749398
2749,1323,2015-01-01,17174282
2750,1323,2025-01-17,16007244
2751,1324,2015-01-01,10181565
2752,1324,2021-09-13,9063184
2753,1325,2015-01-01,2529762
2754,1325,2017-01-19,2702287
2755,1325,2026-01-11,3044240
2756,1326,2015-01-01,3973288
2757,1326,2018-05-14,4895112
2758,1326,2024-02-06,5854505
2759,1327,2015-01-01,17563266
2760,1327,2025-12-21,15193610
2761,1328,2015-01-01,9423685
2762,1328,2021-03-11,8353685
2763,1328,2022-07-02,8438747
2764,1328,2026-02-21,10465125
2765,1329,2015-01-01,3786292
2766,1329,2020-12-03,3290379
2767,1329,2025-06-29,3206869
2768,1330,2015-01-01,6420704
2769,1330,2020-07-16,5556868
2770,1330,2024-08-04,5900586
2771,1331,2015-01-01,14999885
2772,1331,2017-10-13,18304837
2773,1331,2019-10-03,18518625
2774,1332,2015-01-01,19263383
2775,1332,2018-01-12,22137400
2776,1332,2023-12-04,19457479
2777,1332,2024-10-12,21370884
2778,1333,2015-01-01,2327262
2779,1334,2015-01-01,5844570
2780,1335,2015-01-01,7730085
2781,1336,2015-01-01,12043656
2782,1336,2016-10-03,11495106
2783,1337,2015-01-01,6232355
2784,1337,2018-04-01,5819847
2785,1337,2019-03-10,5406595
2786,1337,2026-04-26,5515737
2787,1338,2015-01-01,17040876
2788,1338,2026-01-07,19060559
2789,1339,2015-01-01,17296161
2790,1339,2017-08-01,21123058
2791,1339,2019-11-30,18796896
2792,1340,2015-01-01,19238350
2793,1340,2016-04-20,16966974
2794,1341,2015-01-01,17124663
2795,1342,2015-01-01,3899451
2796,1342,2025-06-24,3495477
2797,1342,2026-05-12,4197236
2798,1343,2015-01-01,4280316
2799,1343,2025-06-15,4168063
2800,1344,2015-01-01,1544381
2801,1344,2016-06-25,1500183
2802,1344,2022-10-30,1553547
2803,1344,2022-11-10,1859553
2804,1345,2015-01-01,6421455
2805,1345,2015-02-06,6795837
2806,1345,2016-05-18,7959295
2807,1345,2023-11-04,7046411
2808,1346,2015-01-01,4087532
2809,1347,2015-01-01,18905238
2810,1347,2016-11-01,20848703
2811,1348,2015-01-01,11640573
2812,1349,2015-01-01,17259768
2813,1349,2021-06-03,15189168
2814,1349,2022-07-06,18557737
2815,1349,2022-11-03,17356136
2816,1350,2015-01-01,15634423
2817,1350,2020-01-05,16479159
2818,1351,2015-01-01,17470511
2819,1351,2018-04-18,20861092
2820,1352,2015-01-01,7292204
2821,1352,2021-06-13,6895047
2822,1353,2015-01-01,3673989
2823,1354,2015-01-01,17754299
2824,1354,2015-11-17,21984266
2825,1355,2015-01-01,13715479
2826,1356,2015-01-01,10605561
2827,1357,2015-01-01,6091944
2828,1358,2015-01-01,10528079
2829,1358,2019-06-29,9269489
2830,1358,2024-04-12,8759550
2831,1359,2015-01-01,12258029
2832,1360,2015-01-01,2724669
2833,1360,2025-08-11,3039051
2834,1361,2015-01-01,7225894
2835,1361,2015-01-16,7316997
2836,1362,2015-01-01,9498361
2837,1362,2023-11-04,9354499
2838,1362,2025-02-02,11686913
2839,1363,2015-01-01,6888814
2840,1363,2020-08-23,7224569
2841,1363,2025-04-08,7042185
2842,1364,2015-01-01,3518320
2843,1365,2015-01-01,13189793
2844,1366,2015-01-01,3181191
2845,1366,2016-09-09,3297679
2846,1366,2017-08-22,3519023
2847,1366,2022-06-17,3983233
2848,1367,2015-01-01,10258246
2849,1367,2019-05-24,12473622
2850,1368,2015-01-01,13042284
2851,1368,2018-10-19,14239612
2852,1369,2015-01-01,18001479
2853,1369,2022-01-26,22139213
2854,1370,2015-01-01,8412365
2855,1370,2019-08-13,7253563
2856,1370,2023-01-01,6472983
2857,1370,2024-10-03,8066395
2858,1371,2015-01-01,12433106
2859,1371,2019-04-21,12298172
2860,1372,2015-01-01,14485205
2861,1373,2015-01-01,13215882
2862,1373,2018-06-30,12799548
2863,1373,2025-04-13,11625289
2864,1374,2015-01-01,7181780
2865,1374,2025-10-26,8185537
2866,1375,2015-01-01,16290242
2867,1376,2015-01-01,14562947
2868,1377,2015-01-01,13134131
2869,1377,2020-03-14,11300030
2870,1378,2015-01-01,13844018
2871,1378,2021-08-23,14405591
2872,1378,2023-03-02,16067056
2873,1379,2015-01-01,3785122
2874,1380,2015-01-01,10209161
2875,1381,2015-01-01,8465266
2876,1382,2015-01-01,13686026
2877,1382,2023-10-17,16865130
2878,1383,2015-01-01,15125721
2879,1383,2024-01-27,14434033
2880,1383,2024-11-27,16815378
2881,1384,2015-01-01,18178235
2882,1384,2018-08-11,21326899
2883,1385,2015-01-01,1172741
2884,1386,2015-01-01,14819394
2885,1386,2023-08-08,16150205
2886,1387,2015-01-01,10124904
2887,1387,2016-05-21,11863175
2888,1387,2021-08-26,10559604
2889,1387,2022-02-09,9548313
2890,1388,2015-01-01,5721732
2891,1389,2015-01-01,14678257
2892,1390,2015-01-01,17827621
2893,1390,2016-07-17,16021430
2894,1390,2025-10-01,19194837
2895,1391,2015-01-01,6413597
2896,1392,2015-01-01,5792419
2897,1392,2023-12-16,5342883
2898,1393,2015-01-01,19658492
2899,1394,2015-01-01,1441944
2900,1394,2026-04-27,1497339
2901,1395,2015-01-01,6219212
2902,1395,2023-03-05,6176712
2903,1396,2015-01-01,10971043
2904,1397,2015-01-01,10157660
2905,1398,2015-01-01,19597369
2906,1399,2015-01-01,4886342
2907,1400,2015-01-01,4415164
2908,1400,2021-07-08,5405948
2909,1400,2022-10-25,5345464
2910,1401,2015-01-01,1996608
2911,1401,2020-03-23,2452387
2912,1401,2020-05-19,2392959
2913,1402,2015-01-01,11693274
2914,1402,2015-12-13,14353162
2915,1402,2023-11-27,17526046
2916,1402,2024-03-07,16051979
2917,1403,2015-01-01,18804404
2918,1403,2019-12-26,22930359
2919,1404,2015-01-01,1256885
2920,1404,2016-05-20,1287895
2921,1404,2018-03-20,1155324
2922,1405,2015-01-01,13058932
2923,1405,2022-01-18,14007138
2924,1405,2025-07-09,12135419
2925,1405,2025-10-17,14000248
2926,1406,2015-01-01,18588926
2927,1407,2015-01-01,5282409
2928,1407,2016-02-23,4526377
2929,1407,2017-10-07,3979206
2930,1407,2020-05-30,4806809
2931,1408,2015-01-01,4433513
2932,1408,2022-08-09,5382344
2933,1409,2015-01-01,12053781
2934,1410,2015-01-01,3590445
2935,1410,2024-08-07,4303632
2936,1411,2015-01-01,5236168
2937,1411,2015-08-14,5520049
2938,1411,2025-11-22,6693368
2939,1412,2015-01-01,9812635
2940,1413,2015-01-01,19645197
2941,1413,2015-06-22,20267024
2942,1414,2015-01-01,5324925
2943,1414,2020-06-19,4899540
2944,1415,2015-01-01,18110726
2945,1415,2018-04-18,22104781
2946,1416,2015-01-01,8491787
2947,1417,2015-01-01,8449520
2948,1417,2016-02-07,8864296
2949,1417,2026-04-14,10770923
2950,1418,2015-01-01,1836763
2951,1418,2017-04-13,1728279
2952,1419,2015-01-01,19733813
2953,1419,2022-02-22,17684722
2954,1420,2015-01-01,5895892
2955,1421,2015-01-01,15919400
2956,1422,2015-01-01,9037990
2957,1422,2015-05-04,9137398
2958,1422,2021-04-21,9870981
2959,1423,2015-01-01,11701732
2960,1423,2020-06-02,12532787
2961,1423,2023-05-04,15454538
2962,1424,2015-01-01,17541890
2963,1424,2016-01-21,19067027
2964,1424,2020-02-03,18541242
2965,1425,2015-01-01,1699806
2966,1425,2017-05-19,1634028
2967,1426,2015-01-01,1022236
2968,1426,2024-01-16,1115358
2969,1426,2025-09-08,1139862
2970,1427,2015-01-01,2638762
2971,1427,2020-02-20,2622175
2972,1428,2015-01-01,6141417
2973,1428,2020-09-18,7187920
2974,1429,2015-01-01,15399911
2975,1430,2015-01-01,3237328
2976,1430,2021-04-01,3254819
2977,1430,2025-07-26,3313898
2978,1431,2015-01-01,9072952
2979,1432,2015-01-01,10172722
2980,1432,2024-02-24,12283276
2981,1433,2015-01-01,3784828
2982,1433,2022-07-08,3434960
2983,1434,2015-01-01,14904100
2984,1435,2015-01-01,8471589
2985,1435,2022-03-16,9098956
2986,1436,2015-01-01,11027437
2987,1436,2024-10-01,11807460
2988,1437,2015-01-01,5698070
2989,1437,2020-06-17,6290710
2990,1438,2015-01-01,18180817
2991,1439,2015-01-01,17069574
2992,1439,2021-05-15,18714843
2993,1439,2024-08-13,17110823
2994,1440,2015-01-01,14346935
2995,1441,2015-01-01,11109748
2996,1441,2016-08-07,13164445
2997,1442,2015-01-01,7051543
2998,1442,2025-11-23,8465911
2999,1443,2015-01-01,1307032
3000,1443,2017-11-25,1464039
3001,1444,2015-01-01,9066092
3002,1444,2022-01-27,10973431
3003,1444,2023-10-11,10091645
3004,1445,2015-01-01,11116041
3005,1445,2016-07-16,12858112
3006,1446,2015-01-01,10190782
3007,1447,2015-01-01,5228497
3008,1447,2018-11-12,5950335
3009,1448,2015-01-01,12475884
3010,1449,2015-01-01,14365410
3011,1449,2015-08-04,14093203
3012,1450,2015-01-01,12342625
3013,1450,2023-06-10,11882435
3014,1451,2015-01-01,1966175
3015,1451,2023-10-27,2327240
3016,1452,2015-01-01,19894486
3017,1452,2019-02-11,17029252
3018,1452,2022-09-03,16365454
3019,1453,2015-01-01,13378988
3020,1453,2018-07-27,12652037
3021,1454,2015-01-01,8143568
3022,1455,2015-01-01,5845223
3023,1455,2016-11-09,5758566
3024,1456,2015-01-01,10768254
3025,1456,2023-11-07,13162758
3026,1457,2015-01-01,3770485
3027,1457,2019-02-11,4016049
3028,1458,2015-01-01,5674115
3029,1458,2020-12-05,5336754
3030,1459,2015-01-01,10379609
3031,1460,2015-01-01,5691629
3032,1460,2024-11-22,5731037
3033,1461,2015-01-01,4041570
3034,1461,2020-03-22,3595718
3035,1462,2015-01-01,10915025
3036,1462,2016-11-09,11898419
3037,1462,2017-11-28,14060220
3038,1462,2019-01-06,12099903
3039,1463,2015-01-01,3919667
3040,1463,2019-06-14,4180833
3041,1464,2015-01-01,6933546
3042,1464,2017-12-07,6889677
3043,1464,2020-07-29,6519668
3044,1464,2024-12-01,6000944
3045,1465,2015-01-01,14627132
3046,1465,2018-06-08,13661250
3047,1466,2015-01-01,1166237
3048,1466,2018-01-01,1451359
3049,1467,2015-01-01,12910187
3050,1467,2021-04-16,15988886
3051,1467,2023-10-14,14365118
3052,1468,2015-01-01,8738595
3053,1468,2015-12-13,9175915
3054,1469,2015-01-01,11135799
3055,1469,2018-01-30,13641892
3056,1470,2015-01-01,13022278
3057,1471,2015-01-01,6074227
3058,1472,2015-01-01,4195041
3059,1472,2019-12-01,3647586
3060,1473,2015-01-01,9031572
3061,1473,2020-11-29,8441436
3062,1474,2015-01-01,8572997
3063,1474,2020-06-06,8957799
3064,1475,2015-01-01,3073468
3065,1476,2015-01-01,1727422
3066,1477,2015-01-01,12461912
3067,1477,2023-07-04,12470799
3068,1478,2015-01-01,7180923
3069,1478,2016-04-26,7185441
3070,1478,2016-09-23,8171115
3071,1479,2015-01-01,10421177
3072,1479,2018-01-18,9124742
3073,1479,2021-07-09,10456815
3074,1480,2015-01-01,12874824
3075,1480,2018-07-14,12535466
3076,1480,2019-08-05,14300931
3077,1480,2022-11-30,15469987
3078,1481,2015-01-01,5785751
3079,1482,2015-01-01,10584980
3080,1482,2016-09-30,10454271
3081,1482,2020-08-30,12247393
3082,1483,2015-01-01,8287861
3083,1484,2015-01-01,8862904
3084,1485,2015-01-01,13920830
3085,1485,2019-10-25,14442711
3086,1486,2015-01-01,18933992
3087,1486,2017-02-19,18251336
3088,1486,2025-02-26,18264801
3089,1487,2015-01-01,15800596
3090,1487,2022-01-01,18726024
3091,1487,2023-10-01,19242397
3092,1488,2015-01-01,4968473
3093,1488,2018-06-03,6101246
3094,1489,2015-01-01,12836116
3095,1490,2015-01-01,4503421
3096,1490,2015-12-06,5034968
3097,1490,2017-04-11,6241416
3098,1490,2023-06-08,6373504
3099,1491,2015-01-01,15117026
3100,1491,2017-08-14,14905274
3101,1491,2018-07-01,14724030
3102,1492,2015-01-01,16801835
3103,1492,2016-09-11,19387071
3104,1493,2015-01-01,3244673
3105,1494,2015-01-01,6372768
3106,1494,2022-11-27,7510605
3107,1495,2015-01-01,11776078
3108,1495,2019-05-13,10268476
3109,1496,2015-01-01,3489037
3110,1496,2015-07-26,3837867
3111,1496,2025-10-14,3501485
3112,1497,2015-01-01,9251252
3113,1498,2015-01-01,4821084
3114,1498,2017-03-16,5305243
3115,1499,2015-01-01,15824315
3116,1500,2015-01-01,17033091
3117,1500,2023-12-05,15871419
3118,1501,2015-01-01,9256888
3119,1502,2015-01-01,7657954
3120,1502,2016-04-06,6886351
3121,1503,2015-01-01,12936510
3122,1503,2015-10-04,11366598
3123,1504,2015-01-01,5632507
3124,1504,2021-06-21,6219997
3125,1505,2015-01-01,10545695
3126,1505,2015-01-18,10514624
3127,1506,2015-01-01,8404464
3128,1506,2021-08-07,7425471
3129,1506,2023-03-31,7161323
3130,1506,2025-09-27,6523168
3131,1507,2015-01-01,11454522
3132,1508,2015-01-01,2343599
3133,1509,2015-01-01,9215507
3134,1509,2018-12-15,9074148
3135,1510,2015-01-01,9242919
3136,1510,2020-01-18,9845091
3137,1511,2015-01-01,5982922
3138,1511,2018-07-15,6767974
3139,1511,2019-08-29,5950807
3140,1512,2015-01-01,5805035
3141,1513,2015-01-01,12562173
3142,1513,2018-07-14,13825269
3143,1514,2015-01-01,13753999
3144,1514,2019-10-05,12839037
3145,1515,2015-01-01,17064109
3146,1515,2015-01-13,18158755
3147,1515,2022-01-23,17307869
3148,1516,2015-01-01,17471493
3149,1516,2018-02-01,16260407
3150,1517,2015-01-01,17674281
3151,1517,2026-01-19,19053756
3152,1518,2015-01-01,12436263
3153,1518,2018-07-16,15144134
3154,1518,2021-05-21,13717320
3155,1519,2015-01-01,4162424
3156,1520,2015-01-01,10220452
3157,1520,2019-03-07,8811394
3158,1521,2015-01-01,14013591
3159,1521,2021-03-28,12828979
3160,1521,2021-10-09,13100800
3161,1522,2015-01-01,10825983
3162,1523,2015-01-01,15935629
3163,1523,2016-04-03,19134383
3164,1523,2019-09-22,22934506
3165,1524,2015-01-01,13374882
3166,1525,2015-01-01,5848612
3167,1525,2021-11-12,7295378
3168,1526,2015-01-01,11600605
3169,1526,2018-01-18,10884185
3170,1526,2025-01-29,12768448
3171,1526,2025-11-10,12124443
3172,1527,2015-01-01,13261843
3173,1527,2024-04-23,12938335
3174,1528,2015-01-01,13948751
3175,1528,2026-04-18,17309997
3176,1529,2015-01-01,9730115
3177,1529,2023-06-05,10260637
3178,1530,2015-01-01,15289506
3179,1531,2015-01-01,10351018
3180,1531,2015-08-23,11190511
3181,1531,2017-11-28,12681793
3182,1532,2015-01-01,5037059
3183,1533,2015-01-01,14649808
3184,1533,2020-08-17,14297634
3185,1534,2015-01-01,14867232
3186,1534,2017-07-25,18409764
3187,1535,2015-01-01,15052819
3188,1535,2016-08-11,16009166
3189,1536,2015-01-01,12200564
3190,1536,2016-07-01,11068324
3191,1536,2021-02-14,12383983
3192,1537,2015-01-01,15149951
3193,1537,2019-07-30,17426648
3194,1537,2025-11-19,20917665
3195,1538,2015-01-01,17515156
3196,1539,2015-01-01,8765000
3197,1539,2018-11-16,9911999
3198,1539,2020-12-21,10859145
3199,1540,2015-01-01,8231344
3200,1541,2015-01-01,10035902
3201,1541,2016-08-15,8823361
3202,1541,2023-01-29,9531093
3203,1542,2015-01-01,11105312
3204,1542,2017-03-23,12915835
3205,1543,2015-01-01,13457016
3206,1543,2018-05-15,12439915
3207,1543,2026-01-19,14492113
3208,1543,2026-05-17,14015075
3209,1544,2015-01-01,17556686
3210,1544,2021-06-27,21833255
3211,1545,2015-01-01,1209794
3212,1546,2015-01-01,12572551
3213,1546,2015-09-28,14322849
3214,1546,2021-03-23,14830685
3215,1546,2023-08-19,17809995
3216,1547,2015-01-01,13535275
3217,1548,2015-01-01,18439996
3218,1549,2015-01-01,2742802
3219,1549,2019-06-24,2554768
3220,1550,2015-01-01,18773775
3221,1551,2015-01-01,10818192
3222,1551,2026-03-19,12140756
3223,1552,2015-01-01,5832451
3224,1552,2020-04-22,5408006
3225,1552,2024-02-13,5992303
3226,1553,2015-01-01,6236504
3227,1553,2021-03-09,7612189
3228,1554,2015-01-01,10050509
3229,1554,2017-11-19,11428505
3230,1555,2015-01-01,14244186
3231,1555,2021-08-10,16471619
3232,1556,2015-01-01,15940682
3233,1557,2015-01-01,7614597
3234,1557,2015-11-15,7141607
3235,1558,2015-01-01,5718584
3236,1558,2017-05-30,6653740
3237,1558,2025-10-11,7806199
3238,1559,2015-01-01,15305546
3239,1560,2015-01-01,4785736
3240,1561,2015-01-01,5641191
3241,1561,2019-03-08,6657601
3242,1561,2020-09-05,5731040
3243,1562,2015-01-01,2644514
3244,1562,2019-11-21,3009500
3245,1562,2026-02-22,3181634
3246,1563,2015-01-01,17890622
3247,1563,2017-08-13,16112295
3248,1563,2017-11-12,18961636
3249,1563,2023-01-03,21982109
3250,1564,2015-01-01,19224655
3251,1565,2015-01-01,8130862
3252,1565,2019-05-13,8379207
3253,1566,2015-01-01,13785099
3254,1567,2015-01-01,18096278
3255,1568,2015-01-01,19128028
3256,1568,2015-08-09,20074982
3257,1569,2015-01-01,3878767
3258,1569,2020-06-08,3888371
3259,1570,2015-01-01,12259799
3260,1570,2021-02-16,11662474
3261,1571,2015-01-01,10597919
3262,1571,2015-10-10,12724743
3263,1571,2019-01-13,13866885
3264,1572,2015-01-01,1806206
3265,1572,2021-11-25,1802934
3266,1573,2015-01-01,15069591
3267,1574,2015-01-01,2744782
3268,1575,2015-01-01,7301429
3269,1576,2015-01-01,13401422
3270,1576,2016-04-22,11892859
3271,1576,2016-12-21,12791604
3272,1577,2015-01-01,8219201
3273,1577,2018-11-03,9698230
3274,1578,2015-01-01,1030682
3275,1579,2015-01-01,12133437
3276,1580,2015-01-01,4681741
3277,1580,2025-06-04,5453447
3278,1581,2015-01-01,18803858
3279,1581,2015-01-27,22711877
3280,1581,2015-04-16,25140065
3281,1582,2015-01-01,19149369
3282,1582,2019-07-13,17937115
3283,1582,2021-03-21,19005612
3284,1583,2015-01-01,18098368
3285,1583,2026-02-28,20866202
3286,1584,2015-01-01,2198642
3287,1585,2015-01-01,3286322
3288,1586,2015-01-01,3061444
3289,1587,2015-01-01,3143268
3290,1587,2024-01-12,3155793
3291,1588,2015-01-01,18078239
3292,1588,2025-04-13,20335152
3293,1589,2015-01-01,12078758
3294,1590,2015-01-01,4457040
3295,1591,2015-01-01,8289414
3296,1591,2017-04-20,8564892
3297,1592,2015-01-01,12820005
3298,1592,2023-01-19,11907656
3299,1593,2015-01-01,1403399
3300,1594,2015-01-01,14533035
3301,1594,2021-03-10,14200293
3302,1595,2015-01-01,10456720
3303,1595,2025-10-18,10925424
3304,1596,2015-01-01,16126437
3305,1596,2017-10-23,13940283
3306,1597,2015-01-01,2248284
3307,1598,2015-01-01,16521933
3308,1598,2018-05-04,18385990
3309,1598,2019-07-24,18605139
3310,1599,2015-01-01,18687053
3311,1599,2015-11-17,20711518
3312,1600,2015-01-01,7852014
3313,1600,2023-08-14,6997183
3314,1601,2015-01-01,4134280
3315,1602,2015-01-01,18312640
3316,1602,2015-08-11,18673715
3317,1602,2021-05-13,21839530
3318,1602,2023-05-15,27105180
3319,1603,2015-01-01,4785703
3320,1604,2015-01-01,16771348
3321,1604,2022-02-15,16840983
3322,1604,2024-07-26,16714661
3323,1605,2015-01-01,18492471
3324,1606,2015-01-01,7684251
3325,1607,2015-01-01,3203616
3326,1607,2026-04-22,2776489
3327,1608,2015-01-01,11765858
3328,1608,2018-09-22,11567436
3329,1608,2018-11-01,14362317
3330,1609,2015-01-01,7958496
3331,1609,2020-09-09,7578345
3332,1610,2015-01-01,19089815
3333,1611,2015-01-01,12669476
3334,1611,2021-03-24,12997522
3335,1612,2015-01-01,6031526
3336,1612,2021-01-31,5722503
3337,1613,2015-01-01,9033448
3338,1613,2019-01-30,9768779
3339,1613,2021-11-01,10621659
3340,1613,2023-08-30,12262002
3341,1614,2015-01-01,6472542
3342,1615,2015-01-01,14015640
3343,1615,2021-04-22,12709529
3344,1616,2015-01-01,16707654
3345,1616,2016-01-29,18882316
3346,1616,2024-06-09,18581340
3347,1616,2025-01-14,16116074
3348,1617,2015-01-01,12081380
3349,1617,2023-12-12,11562772
3350,1618,2015-01-01,15271451
3351,1618,2017-08-13,15942645
3352,1619,2015-01-01,7979908
3353,1620,2015-01-01,7791207
3354,1621,2015-01-01,18295244
3355,1621,2024-06-20,16704218
3356,1622,2015-01-01,16503016
3357,1623,2015-01-01,13893245
3358,1623,2019-06-08,14922321
3359,1624,2015-01-01,8448364
3360,1625,2015-01-01,3336474
3361,1625,2018-07-28,3918363
3362,1626,2015-01-01,3054538
3363,1627,2015-01-01,5220541
3364,1627,2024-08-04,5211387
3365,1627,2025-06-03,5054678
3366,1628,2015-01-01,4573390
3367,1628,2020-01-21,3895463
3368,1628,2022-06-19,4159370
3369,1628,2024-01-06,4896717
3370,1629,2015-01-01,1256827
3371,1629,2021-08-17,1351995
3372,1630,2015-01-01,16834382
3373,1631,2015-01-01,1267521
3374,1631,2024-11-12,1465520
3375,1632,2015-01-01,8508149
3376,1632,2024-07-15,9665340
3377,1633,2015-01-01,6600812
3378,1633,2015-09-21,7705413
3379,1633,2015-09-30,7995576
3380,1633,2020-11-15,9738144
3381,1634,2015-01-01,4890758
3382,1635,2015-01-01,17819584
3383,1636,2015-01-01,11705186
3384,1637,2015-01-01,17130671
3385,1637,2021-02-12,20875721
3386,1638,2015-01-01,7657854
3387,1639,2015-01-01,3062876
3388,1640,2015-01-01,3783145
3389,1641,2015-01-01,2612288
3390,1641,2018-07-19,2968946
3391,1641,2023-04-23,2854532
3392,1642,2015-01-01,7491511
3393,1643,2015-01-01,10739757
3394,1643,2018-06-11,12945479
3395,1644,2015-01-01,2739094
3396,1644,2023-12-04,3049868
3397,1645,2015-01-01,16000014
3398,1645,2015-01-21,14201200
3399,1645,2022-11-03,15587484
3400,1645,2025-08-11,19034934
3401,1646,2015-01-01,15334224
3402,1646,2017-02-20,17191846
3403,1646,2021-11-28,18619210
3404,1646,2025-09-17,19362017
3405,1647,2015-01-01,13623117
3406,1647,2021-08-09,14903220
3407,1648,2015-01-01,12739588
3408,1648,2015-01-07,12880415
3409,1648,2024-10-31,13293922
3410,1649,2015-01-01,10931965
3411,1650,2015-01-01,13671081
3412,1650,2019-12-01,12902923
3413,1651,2015-01-01,10649317
3414,1651,2015-03-04,9120406
3415,1651,2020-03-03,9995940
3416,1652,2015-01-01,13302581
3417,1653,2015-01-01,10447214
3418,1653,2019-04-15,13002241
3419,1653,2021-04-19,13027527
3420,1653,2022-10-04,14787006
3421,1654,2015-01-01,7585951
3422,1654,2015-06-12,8341945
3423,1654,2016-09-29,10284577
3424,1655,2015-01-01,7116938
3425,1656,2015-01-01,3960960
3426,1656,2022-09-28,4571326
3427,1657,2015-01-01,9183162
3428,1657,2015-04-07,10389537
3429,1657,2020-05-09,10737190
3430,1657,2020-09-01,10680694
3431,1658,2015-01-01,10546702
3432,1658,2022-01-06,9990876
3433,1659,2015-01-01,2680031
3434,1659,2020-11-26,2636694
3435,1659,2021-08-30,3072898
3436,1660,2015-01-01,4834915
3437,1661,2015-01-01,12031120
3438,1662,2015-01-01,4227356
3439,1663,2015-01-01,14319949
3440,1663,2020-07-01,17381728
3441,1663,2023-10-11,17688056
3442,1664,2015-01-01,2031127
3443,1664,2025-02-15,1835773
3444,1665,2015-01-01,12698721
3445,1665,2025-05-30,14439806
3446,1666,2015-01-01,9779657
3447,1666,2015-08-30,11871467
3448,1666,2025-10-13,12929800
3449,1667,2015-01-01,19666518
3450,1667,2020-06-30,18315885
3451,1667,2021-10-07,17903004
3452,1667,2025-12-25,18852580
3453,1668,2015-01-01,7946304
3454,1668,2024-02-06,9597326
3455,1669,2015-01-01,7271023
3456,1670,2015-01-01,14519740
3457,1670,2021-10-02,12871979
3458,1671,2015-01-01,9460720
3459,1671,2025-01-18,11713503
3460,1672,2015-01-01,17956976
3461,1672,2017-04-06,22338127
3462,1672,2017-10-14,22448375
3463,1672,2023-06-15,21627942
3464,1673,2015-01-01,9055249
3465,1673,2017-11-17,7780073
3466,1673,2018-06-08,7259332
3467,1674,2015-01-01,17604584
3468,1674,2019-12-04,20719094
3469,1675,2015-01-01,14679073
3470,1675,2018-02-02,13335953
3471,1676,2015-01-01,18396217
3472,1677,2015-01-01,14181703
3473,1677,2015-09-19,13551295
3474,1678,2015-01-01,6585007
3475,1678,2015-04-23,6909147
3476,1678,2019-02-01,6228003
3477,1678,2019-04-16,5300313
3478,1679,2015-01-01,2153689
3479,1679,2016-01-16,2463507
3480,1680,2015-01-01,5739571
3481,1681,2015-01-01,14123909
3482,1681,2021-10-17,12493222
3483,1682,2015-01-01,13649695
3484,1682,2016-02-03,13347379
3485,1682,2019-01-25,14491133
3486,1683,2015-01-01,19772977
3487,1683,2016-10-14,19020048
3488,1683,2024-10-07,22435299
3489,1684,2015-01-01,17626464
3490,1684,2015-08-20,17807271
3491,1684,2022-04-23,19778196
3492,1685,2015-01-01,2913275
3493,1685,2022-12-26,3287425
3494,1685,2024-08-03,3054869
3495,1686,2015-01-01,8867567
3496,1686,2016-09-17,9030051
3497,1687,2015-01-01,8283674
3498,1687,2019-03-11,9402859
3499,1688,2015-01-01,7736804
3500,1688,2019-02-13,6852979
3501,1688,2021-06-30,5984603
3502,1689,2015-01-01,2265547
3503,1689,2020-10-12,2402679
3504,1690,2015-01-01,8878451
3505,1691,2015-01-01,15876937
3506,1691,2025-01-24,18113161
3507,1692,2015-01-01,11392565
3508,1692,2016-05-02,12106625
3509,1692,2016-07-18,10507847
3510,1693,2015-01-01,18674036
3511,1693,2020-02-15,22956779
3512,1694,2015-01-01,12271682
3513,1694,2017-07-02,11798873
3514,1695,2015-01-01,12244187
3515,1695,2015-11-04,15027658
3516,1696,2015-01-01,7030085
3517,1696,2017-08-14,6117783
3518,1697,2015-01-01,8721382
3519,1698,2015-01-01,9808444
3520,1698,2021-10-08,10822076
3521,1698,2024-04-25,11004575
3522,1699,2015-01-01,3970253
3523,1700,2015-01-01,15008444
3524,1700,2016-11-07,15961717
3525,1701,2015-01-01,1829886
3526,1701,2017-04-10,2148853
3527,1702,2015-01-01,5708711
3528,1702,2017-06-16,6392338
3529,1702,2017-09-07,6530640
3530,1702,2018-09-06,5725489
3531,1703,2015-01-01,11170342
3532,1703,2021-12-29,13489883
3533,1703,2024-06-03,16761949
3534,1704,2015-01-01,16367880
3535,1704,2017-01-19,19620602
3536,1704,2019-08-03,23830088
3537,1705,2015-01-01,8391638
3538,1706,2015-01-01,3962082
3539,1707,2015-01-01,12705514
3540,1707,2015-01-13,15611913
3541,1708,2015-01-01,9204289
3542,1709,2015-01-01,15517338
3543,1709,2017-03-28,14448522
3544,1710,2015-01-01,16027842
3545,1710,2025-10-27,15484279
3546,1711,2015-01-01,5681117
3547,1712,2015-01-01,5187324
3548,1712,2019-11-22,4699571
3549,1712,2020-08-11,4788281
3550,1713,2015-01-01,8810818
3551,1713,2020-01-26,8927797
3552,1714,2015-01-01,12944648
3553,1714,2017-04-27,14925014
3554,1715,2015-01-01,4484487
3555,1715,2017-06-23,4683278
3556,1716,2015-01-01,17070432
3557,1716,2019-06-12,15181032
3558,1717,2015-01-01,17617483
3559,1717,2025-02-11,21103863
3560,1718,2015-01-01,5203205
3561,1718,2017-08-28,5552221
3562,1719,2015-01-01,8272721
3563,1719,2017-11-27,7813378
3564,1720,2015-01-01,19278674
3565,1720,2019-11-20,21513468
3566,1721,2015-01-01,12996885
3567,1722,2015-01-01,14304743
3568,1722,2015-05-19,16635367
3569,1722,2019-01-30,15214473
3570,1723,2015-01-01,14472712
3571,1724,2015-01-01,6332312
3572,1725,2015-01-01,15504084
3573,1725,2017-07-12,16370596
3574,1726,2015-01-01,18276462
3575,1727,2015-01-01,7533592
3576,1727,2018-12-09,7600134
3577,1728,2015-01-01,14259822
3578,1728,2015-04-04,13973853
3579,1728,2015-12-13,12924479
3580,1728,2017-03-28,15725351
3581,1729,2015-01-01,19044757
3582,1729,2015-06-19,16193191
3583,1729,2016-08-22,15651910
3584,1729,2018-03-30,16958732
3585,1730,2015-01-01,11670010
3586,1730,2017-03-15,10415122
3587,1731,2015-01-01,11853477
3588,1731,2022-08-13,12335302
3589,1732,2015-01-01,16597884
3590,1733,2015-01-01,11828554
3591,1733,2017-11-30,14009483
3592,1733,2023-12-16,14038521
3593,1733,2025-04-08,12072777
3594,1734,2015-01-01,7306923
3595,1734,2017-09-28,7290431
3596,1734,2024-04-06,8360818
3597,1734,2026-03-20,7189088
3598,1735,2015-01-01,1984025
3599,1735,2019-01-05,2415317
3600,1735,2019-07-04,2962328
3601,1735,2026-04-08,2862685
3602,1736,2015-01-01,15791355
3603,1737,2015-01-01,14003402
3604,1737,2020-08-30,14991684
3605,1738,2015-01-01,7324037
3606,1738,2016-01-17,9018518
3607,1739,2015-01-01,5666586
3608,1739,2025-11-25,6967645
3609,1740,2015-01-01,12827252
3610,1740,2023-04-23,12703694
3611,1740,2024-12-20,11269764
3612,1741,2015-01-01,18880379
3613,1741,2024-08-25,20944285
3614,1742,2015-01-01,11347175
3615,1742,2016-08-18,9823829
3616,1743,2015-01-01,13115196
3617,1743,2018-12-20,11170804
3618,1743,2020-09-16,12191677
3619,1744,2015-01-01,9787578
3620,1745,2015-01-01,7071575
3621,1745,2018-12-01,7275818
3622,1746,2015-01-01,17484463
3623,1746,2017-10-02,18100304
3624,1747,2015-01-01,2670657
3625,1747,2025-04-12,2956481
3626,1748,2015-01-01,5741103
3627,1748,2020-06-28,4921314
3628,1749,2015-01-01,4411658
3629,1749,2016-12-25,4014477
3630,1749,2021-06-23,4429766
3631,1750,2015-01-01,3141036
3632,1750,2025-10-28,3161672
3633,1751,2015-01-01,2212285
3634,1751,2023-03-31,2031687
3635,1752,2015-01-01,1770333
3636,1752,2021-12-27,1960203
3637,1753,2015-01-01,12563848
3638,1754,2015-01-01,7078657
3639,1755,2015-01-01,7342881
3640,1755,2018-02-16,6860661
3641,1756,2015-01-01,4995199
3642,1756,2025-01-04,4277243
3643,1757,2015-01-01,6642116
3644,1757,2019-10-11,5682038
3645,1757,2023-11-02,6993965
3646,1758,2015-01-01,7562092
3647,1759,2015-01-01,5566808
3648,1759,2019-09-04,6480869
3649,1759,2021-12-09,7854031
3650,1760,2015-01-01,15209447
3651,1761,2015-01-01,16140843
3652,1761,2023-04-22,16751441
3653,1762,2015-01-01,10673083
3654,1762,2015-12-15,12048997
3655,1762,2019-11-12,11815880
3656,1762,2021-05-24,14222205
3657,1763,2015-01-01,4087735
3658,1763,2024-02-22,4721563
3659,1763,2025-02-20,4589501
3660,1764,2015-01-01,13330535
3661,1764,2022-09-23,14947738
3662,1764,2022-10-19,18136492
3663,1764,2024-11-13,17271106
3664,1765,2015-01-01,13765092
3665,1765,2021-03-04,14414511
3666,1766,2015-01-01,7988671
3667,1766,2018-09-01,7761565
3668,1767,2015-01-01,13504988
3669,1768,2015-01-01,12083242
3670,1768,2016-03-05,11627401
3671,1768,2021-05-25,12931141
3672,1769,2015-01-01,19420479
3673,1769,2015-01-22,21655077
3674,1769,2019-09-06,22034760
3675,1769,2024-05-21,26904252
3676,1770,2015-01-01,18250781
3677,1771,2015-01-01,9981446
3678,1771,2018-03-21,11624587
3679,1772,2015-01-01,19842972
3680,1772,2015-01-02,18681292
3681,1772,2025-12-02,22901610
3682,1773,2015-01-01,12850543
3683,1773,2022-11-29,15778924
3684,1774,2015-01-01,6369417
3685,1774,2015-09-04,7534064
3686,1774,2025-03-01,7054398
3687,1775,2015-01-01,14141158
3688,1775,2015-12-01,14947685
3689,1775,2021-09-02,14142528
3690,1776,2015-01-01,1983095
3691,1776,2019-01-15,2329267
3692,1776,2019-03-09,2420352
3693,1777,2015-01-01,18600135
3694,1777,2021-05-29,22687043
3695,1778,2015-01-01,10755202
3696,1779,2015-01-01,14707428
3697,1779,2015-12-07,16090420
3698,1779,2017-03-11,15082793
3699,1780,2015-01-01,9449752
3700,1780,2023-04-03,11325594
3701,1781,2015-01-01,15449329
3702,1781,2017-01-27,17399088
3703,1781,2018-03-12,20819891
3704,1781,2020-09-08,17960685
3705,1782,2015-01-01,1797897
3706,1782,2022-03-13,2096668
3707,1782,2022-12-29,2049809
3708,1783,2015-01-01,2998951
3709,1783,2017-10-15,3413683
3710,1784,2015-01-01,6867611
3711,1784,2022-03-03,6938740
3712,1785,2015-01-01,6542687
3713,1785,2016-03-03,5582719
3714,1785,2023-05-03,5767809
3715,1786,2015-01-01,10407457
3716,1787,2015-01-01,7581736
3717,1787,2018-05-14,8558090
3718,1788,2015-01-01,15993347
3719,1789,2015-01-01,17442421
3720,1789,2018-03-08,20718361
3721,1789,2022-04-21,22502547
3722,1789,2024-12-30,21554209
3723,1790,2015-01-01,12588345
3724,1790,2017-06-23,15581822
3725,1791,2015-01-01,1160631
3726,1792,2015-01-01,1958896
3727,1793,2015-01-01,5620689
3728,1793,2019-12-17,7009688
3729,1794,2015-01-01,4688930
3730,1794,2020-06-19,5254572
3731,1795,2015-01-01,1163261
3732,1796,2015-01-01,12525836
3733,1797,2015-01-01,7207281
3734,1797,2024-04-10,6397797
3735,1797,2025-03-06,5974820
3736,1797,2026-05-16,5621052
3737,1798,2015-01-01,3171984
3738,1799,2015-01-01,16569095
3739,1799,2024-09-25,19198800
3740,1800,2015-01-01,8802759
3741,1800,2022-08-31,10125274
3742,1800,2023-01-03,11119335
3743,1801,2015-01-01,12093489
3744,1802,2015-01-01,4374581
3745,1803,2015-01-01,9019529
3746,1803,2022-09-27,9745075
3747,1804,2015-01-01,10219792
3748,1804,2018-02-06,9368973
3749,1804,2018-04-29,9305150
3750,1804,2024-04-02,11203100
3751,1805,2015-01-01,9864826
3752,1806,2015-01-01,15567023
3753,1806,2018-04-21,15600051
3754,1806,2020-02-12,14403081
3755,1807,2015-01-01,12540913
3756,1808,2015-01-01,2715052
3757,1808,2023-07-20,2846362
3758,1809,2015-01-01,18734514
3759,1810,2015-01-01,12747317
3760,1810,2017-08-28,12580181
3761,1811,2015-01-01,3692643
3762,1812,2015-01-01,15475008
3763,1812,2016-02-02,18094532
3764,1812,2019-10-02,21342841
3765,1812,2022-05-09,23484037
3766,1813,2015-01-01,8789671
3767,1813,2017-10-29,7746837
3768,1814,2015-01-01,11215191
3769,1814,2025-02-08,11136591
3770,1815,2015-01-01,8379274
3771,1815,2017-09-21,9463678
3772,1816,2015-01-01,15021693
3773,1817,2015-01-01,7257129
3774,1817,2017-10-26,6481061
3775,1818,2015-01-01,16288322
3776,1819,2015-01-01,15839845
3777,1820,2015-01-01,4203386
3778,1820,2017-09-25,3808935
3779,1820,2018-03-02,3369946
3780,1820,2024-01-07,3292384
3781,1821,2015-01-01,16959417
3782,1821,2018-10-18,17286248
3783,1822,2015-01-01,6596415
3784,1822,2018-05-07,6285929
3785,1822,2023-11-18,5598257
3786,1823,2015-01-01,15237647
3787,1824,2015-01-01,9641560
3788,1824,2016-05-28,10166693
3789,1825,2015-01-01,15833590
3790,1825,2018-05-08,13547951
3791,1826,2015-01-01,2986783
3792,1826,2023-07-05,2818377
3793,1827,2015-01-01,15478313
3794,1828,2015-01-01,8880975
3795,1828,2017-10-11,9672138
3796,1828,2018-01-02,11896034
3797,1828,2020-07-15,12185472
3798,1829,2015-01-01,17578299
3799,1829,2018-09-13,17126639
3800,1829,2020-09-30,14780194
3801,1829,2025-03-25,14513737
3802,1830,2015-01-01,19114457
3803,1831,2015-01-01,5195736
3804,1831,2015-06-23,5879284
3805,1831,2017-06-17,5982225
3806,1831,2021-07-18,5629426
3807,1832,2015-01-01,4354041
3808,1832,2015-06-20,5359420
3809,1832,2023-04-04,5017088
3810,1832,2024-11-18,5833156
3811,1833,2015-01-01,18817932
3812,1833,2015-09-21,19989104
3813,1833,2016-08-18,17298397
3814,1833,2019-12-15,18177721
3815,1834,2015-01-01,4035049
3816,1834,2019-09-23,4479248
3817,1835,2015-01-01,2918787
3818,1836,2015-01-01,9129956
3819,1836,2020-02-03,9098066
3820,1837,2015-01-01,5857095
3821,1837,2016-04-07,6818673
3822,1838,2015-01-01,8970735
3823,1839,2015-01-01,9568181
3824,1840,2015-01-01,13140392
3825,1840,2017-12-03,13490259
3826,1840,2020-04-19,13984316
3827,1841,2015-01-01,3144912
3828,1842,2015-01-01,12114416
3829,1843,2015-01-01,1814797
3830,1843,2017-09-23,1998970
3831,1843,2020-10-03,1854310
3832,1844,2015-01-01,3854840
3833,1844,2018-02-26,4367145
3834,1845,2015-01-01,11037963
3835,1846,2015-01-01,13499433
3836,1847,2015-01-01,3837242
3837,1847,2017-08-20,4314097
3838,1847,2025-01-15,5143704
3839,1848,2015-01-01,17233935
3840,1848,2019-04-13,19324091
3841,1849,2015-01-01,4597137
3842,1849,2021-04-16,4657819
3843,1850,2015-01-01,4848434
3844,1850,2015-06-13,5936670
3845,1850,2021-08-07,6482740
3846,1850,2022-07-14,6521187
3847,1851,2015-01-01,12399515
3848,1851,2023-11-21,15051533
3849,1851,2026-04-27,14079983
3850,1852,2015-01-01,6426546
3851,1852,2025-12-22,7626646
3852,1853,2015-01-01,5739717
3853,1853,2024-08-26,5070193
3854,1854,2015-01-01,2797685
3855,1854,2018-10-02,2925451
3856,1854,2024-10-14,3446294
3857,1855,2015-01-01,6221733
3858,1856,2015-01-01,19453089
3859,1857,2015-01-01,3533896
3860,1857,2018-11-09,3629528
3861,1857,2025-12-16,4071455
3862,1858,2015-01-01,15601193
3863,1858,2015-08-04,13971856
3864,1858,2020-12-05,12026442
3865,1859,2015-01-01,5593903
3866,1859,2019-10-04,6281829
3867,1860,2015-01-01,17351876
3868,1861,2015-01-01,10798481
3869,1861,2022-01-22,11748129
3870,1862,2015-01-01,3717075
3871,1862,2017-08-29,3451671
3872,1863,2015-01-01,9532742
3873,1864,2015-01-01,2715250
3874,1865,2015-01-01,6958650
3875,1866,2015-01-01,13659541
3876,1866,2018-03-21,14455854
3877,1866,2025-06-09,15528254
3878,1867,2015-01-01,19621084
3879,1867,2018-05-06,23639908
3880,1868,2015-01-01,11391089
3881,1868,2025-12-07,13694356
3882,1869,2015-01-01,6707642
3883,1869,2022-10-23,7051070
3884,1870,2015-01-01,16186369
3885,1870,2016-12-02,14064212
3886,1870,2019-09-26,15603253
3887,1871,2015-01-01,2594643
3888,1872,2015-01-01,7902664
3889,1873,2015-01-01,16409477
3890,1873,2020-12-29,15901422
3891,1874,2015-01-01,3308793
3892,1874,2018-05-07,3770172
3893,1875,2015-01-01,9056204
3894,1875,2020-10-26,9660084
3895,1875,2024-05-28,8583016
3896,1876,2015-01-01,3533929
3897,1876,2018-07-11,4177251
3898,1876,2018-12-26,4661863
3899,1877,2015-01-01,15978940
3900,1878,2015-01-01,2626322
3901,1878,2022-08-08,2561790
3902,1878,2023-11-20,2427228
3903,1879,2015-01-01,10422664
3904,1879,2023-08-26,9278464
3905,1880,2015-01-01,11418798
3906,1881,2015-01-01,1098046
3907,1882,2015-01-01,18965619
3908,1882,2025-12-15,17403299
3909,1883,2015-01-01,8920386
3910,1884,2015-01-01,19460750
3911,1884,2021-03-19,21874983
3912,1884,2024-11-28,19265711
3913,1885,2015-01-01,13976692
3914,1885,2025-08-14,15925964
3915,1886,2015-01-01,14793376
3916,1887,2015-01-01,1303251
3917,1888,2015-01-01,19969672
3918,1888,2016-05-10,22407739
3919,1889,2015-01-01,17068684
3920,1889,2015-05-15,19548964
3921,1889,2020-10-15,21310190
3922,1889,2025-05-14,22084658
3923,1890,2015-01-01,18122179
3924,1890,2019-02-14,17623866
3925,1891,2015-01-01,17310539
3926,1891,2015-07-20,15989310
3927,1892,2015-01-01,2434175
3928,1893,2015-01-01,5341995
3929,1894,2015-01-01,4346153
3930,1894,2024-11-08,5374493
3931,1894,2025-11-14,6531782
3932,1895,2015-01-01,16326054
3933,1896,2015-01-01,9101522
3934,1897,2015-01-01,13253536
3935,1897,2019-07-24,11411742
3936,1897,2020-10-15,12686254
3937,1898,2015-01-01,18888972
3938,1898,2023-03-16,18478257
3939,1898,2024-07-20,17039195
3940,1899,2015-01-01,16394028
3941,1900,2015-01-01,13459243
3942,1901,2015-01-01,4695322
3943,1901,2021-02-23,5088115
3944,1901,2024-09-14,4488741
3945,1902,2015-01-01,9886267
3946,1902,2016-01-03,9605228
3947,1902,2020-11-17,9161626
3948,1903,2015-01-01,13192627
3949,1903,2023-08-28,13707724
3950,1904,2015-01-01,14268358
3951,1904,2018-02-24,14351030
3952,1905,2015-01-01,4854856
3953,1905,2020-11-16,5007336
3954,1906,2015-01-01,17727431
3955,1907,2015-01-01,15736797
3956,1907,2023-02-11,17684101
3957,1908,2015-01-01,4903354
3958,1908,2017-03-13,5493187
3959,1909,2015-01-01,17793185
3960,1909,2018-10-30,16130350
3961,1910,2015-01-01,15282680
3962,1911,2015-01-01,12890865
3963,1911,2018-02-04,11650619
3964,1912,2015-01-01,14479654
3965,1912,2015-03-29,14518359
3966,1912,2018-04-02,16849201
3967,1913,2015-01-01,19250349
3968,1914,2015-01-01,1847565
3969,1914,2015-02-05,1935818
3970,1915,2015-01-01,16393645
3971,1916,2015-01-01,19269401
3972,1916,2015-01-28,20423660
3973,1916,2023-03-15,23466292
3974,1917,2015-01-01,2561565
3975,1918,2015-01-01,5690569
3976,1919,2015-01-01,10686821
3977,1919,2024-07-08,13193584
3978,1920,2015-01-01,11130952
3979,1921,2015-01-01,14119189
3980,1921,2016-03-11,12994786
3981,1921,2022-03-03,13250850
3982,1922,2015-01-01,8328702
3983,1923,2015-01-01,4706086
3984,1924,2015-01-01,16337019
3985,1924,2024-06-26,14518789
3986,1925,2015-01-01,11005605
3987,1926,2015-01-01,4431480
3988,1926,2022-05-31,4290597
3989,1927,2015-01-01,8608944
3990,1928,2015-01-01,14313798
3991,1928,2020-02-29,16387134
3992,1928,2023-07-23,15287288
3993,1928,2025-04-04,18638761
3994,1929,2015-01-01,9788975
3995,1929,2020-01-26,11616454
3996,1930,2015-01-01,14029123
3997,1930,2021-09-13,14947457
3998,1931,2015-01-01,19970890
3999,1931,2022-10-06,21053422
4000,1932,2015-01-01,17208007
4001,1932,2019-11-07,16116679
4002,1932,2022-12-07,17252624
4003,1932,2025-09-20,20043475
4004,1933,2015-01-01,8762032
4005,1934,2015-01-01,10338330
4006,1934,2020-12-15,10799094
4007,1935,2015-01-01,8644952
4008,1935,2017-11-11,8133216
4009,1936,2015-01-01,3642677
4010,1936,2016-08-31,3936499
4011,1936,2025-07-18,3631223
4012,1937,2015-01-01,5864280
4013,1937,2019-07-29,6642931
4014,1937,2024-04-26,8165597
4015,1938,2015-01-01,4812280
4016,1938,2019-04-01,4413182
4017,1939,2015-01-01,2934449
4018,1939,2021-03-28,3196565
4019,1940,2015-01-01,10400594
4020,1941,2015-01-01,9865833
4021,1942,2015-01-01,5870558
4022,1942,2025-12-30,5182425
4023,1943,2015-01-01,16155282
4024,1944,2015-01-01,18232314
4025,1945,2015-01-01,17099894
4026,1946,2015-01-01,7461897
4027,1947,2015-01-01,19001065
4028,1948,2015-01-01,14437830
4029,1948,2021-06-24,17169365
4030,1949,2015-01-01,17121511
4031,1949,2021-03-05,17622826
4032,1950,2015-01-01,18469771
4033,1950,2015-09-14,21850705
4034,1951,2015-01-01,17007621
4035,1951,2024-06-16,18413370
4036,1951,2025-11-08,18956900
4037,1952,2015-01-01,2908583
4038,1952,2021-06-25,3554123
4039,1953,2015-01-01,5523871
4040,1954,2015-01-01,5168763
4041,1955,2015-01-01,19330291
4042,1955,2017-04-27,22543197
4043,1955,2024-09-20,28069389
4044,1956,2015-01-01,12943570
4045,1956,2026-04-22,11493480
4046,1957,2015-01-01,18936090
4047,1957,2017-05-16,23631489
4048,1958,2015-01-01,1315853
4049,1958,2022-10-17,1377706
4050,1959,2015-01-01,11515391
4051,1959,2026-03-28,10908548
4052,1960,2015-01-01,14688014
4053,1961,2015-01-01,4158088
4054,1962,2015-01-01,16468537
4055,1962,2015-01-05,16412697
4056,1962,2017-12-09,16264320
4057,1962,2020-08-30,19146201
4058,1963,2015-01-01,14905551
4059,1964,2015-01-01,11237064
4060,1964,2017-03-19,10531010
4061,1965,2015-01-01,19809061
4062,1965,2021-04-11,17540368
4063,1966,2015-01-01,8088680
4064,1966,2025-10-21,9107017
4065,1967,2015-01-01,2796905
4066,1967,2026-05-13,3471551
4067,1968,2015-01-01,6593176
4068,1968,2019-06-30,5904396
4069,1969,2015-01-01,7951857
4070,1969,2025-08-25,6800326
4071,1970,2015-01-01,3578984
4072,1970,2016-10-03,3748988
4073,1971,2015-01-01,7325853
4074,1971,2016-11-18,8265341
4075,1971,2026-05-13,7405478
4076,1972,2015-01-01,8442486
4077,1972,2016-01-21,9509795
4078,1972,2021-04-05,9687026
4079,1973,2015-01-01,5044461
4080,1973,2021-01-15,4776250
4081,1973,2021-12-25,4958141
4082,1974,2015-01-01,18679273
4083,1974,2018-01-10,20198986
4084,1975,2015-01-01,2523672
4085,1975,2026-02-11,2752873
4086,1976,2015-01-01,2888521
4087,1977,2015-01-01,6480854
4088,1977,2020-02-28,7452295
4089,1978,2015-01-01,13467871
4090,1978,2016-03-21,13241116
4091,1979,2015-01-01,8546641
4092,1979,2017-06-06,8704234
4093,1980,2015-01-01,8865830
4094,1980,2022-03-12,10788187
4095,1981,2015-01-01,19393154
4096,1981,2021-12-11,17443462
4097,1981,2026-03-23,18188849
4098,1982,2015-01-01,10343287
4099,1982,2022-02-28,9693013
4100,1982,2022-08-01,10689910
4101,1982,2025-12-20,9708575
4102,1983,2015-01-01,11809783
4103,1983,2015-06-12,14251933
4104,1983,2023-08-19,12717520
4105,1984,2015-01-01,10137847
4106,1985,2015-01-01,7182609
4107,1985,2026-01-05,8635175
4108,1986,2015-01-01,3240391
4109,1986,2024-09-09,3847047
4110,1987,2015-01-01,9524865
4111,1987,2015-11-03,11401820
4112,1987,2019-07-07,13787218
4113,1988,2015-01-01,4566624
4114,1988,2020-04-29,5692676
4115,1988,2024-09-02,6447908
4116,1989,2015-01-01,14616927
4117,1989,2020-02-21,13134854
4118,1989,2021-11-04,14012262
4119,1990,2015-01-01,8827274
4120,1990,2023-03-26,8425174
4121,1991,2015-01-01,9664022
4122,1992,2015-01-01,7976274
4123,1992,2015-08-08,8550114
4124,1992,2019-03-24,8356330
4125,1993,2015-01-01,4147943
4126,1993,2018-05-30,3886835
4127,1994,2015-01-01,2769032
4128,1994,2022-03-21,2363287
4129,1995,2015-01-01,16780426
4130,1995,2019-07-15,17762526
4131,1996,2015-01-01,12330489
4132,1996,2017-11-25,13547569
4133,1996,2019-12-02,15041119
4134,1997,2015-01-01,15383073
4135,1997,2020-07-11,14957600
4136,1998,2015-01-01,19065012
4137,1998,2018-05-19,21006880
4138,1999,2015-01-01,2077447
4139,1999,2017-08-26,2388447
4140,2000,2015-01-01,6900278
4141,2000,2015-05-26,7137377
4142,2000,2022-04-27,7882665
