property_id,address,property_type,area,rooms,floor,build_year,cadastral_number,owner_info
1,"клх Муравленко, пер. Тельмана, д. 2/1 стр. 223, 775331",Коммерческое,77.1,4,20,2014,64:80:567574:919,"[{""owner_id"": 287, ""share"": 1.0}]"
2,"ст. Радужный, ул. Сплавная, д. 801, 902517",Дом,66.7,2,21,1985,76:72:757193:245,"[{""owner_id"": 244, ""share"": 1.0}]"
3,"клх Хужир, алл. Привольная, д. 8 стр. 5/4, 268319",Коммерческое,71.4,3,11,1990,79:20:245095:155,"[{""owner_id"": 40, ""share"": 1.0}]"
4,"п. Асбест, ул. Терешковой, д. 9/2, 287339",Коммерческое,58.5,4,14,1992,79:69:535970:64,"[{""owner_id"": 79, ""share"": 1.0}]"
5,"к. Южно-Сахалинск, ш. Придорожное, д. 776 стр. 391, 117309",Дом,182.9,5,23,1952,83:58:600149:7,"[{""owner_id"": 216, ""share"": 1.0}]"
6,"п. Льгов, пр. Фурманова, д. 224 к. 98, 690819",Коммерческое,181.6,4,8,1984,65:72:130434:399,"[{""owner_id"": 153, ""share"": 0.53}, {""owner_id"": 200, ""share"": 0.3}, {""owner_id"": 215, ""share"": 0.17}]"
7,"клх Артем, наб. 60 лет СССР, д. 4, 023850",Коммерческое,49.7,4,5,2018,13:60:720644:578,"[{""owner_id"": 208, ""share"": 1.0}]"
8,"г. Фатеж, бул. Парковый, д. 2 стр. 2/9, 240107",Коммерческое,97.2,4,6,1956,43:58:443254:217,"[{""owner_id"": 43, ""share"": 1.0}]"
9,"с. Сосногорск, ш. Курское, д. 400 к. 1/9, 066266",Дом,70.1,4,9,1960,70:12:885408:553,"[{""owner_id"": 173, ""share"": 1.0}]"
10,"с. Геленджик, наб. Есенина, д. 75 стр. 233, 368900",Квартира,137.0,1,25,1953,41:35:979995:21,"[{""owner_id"": 180, ""share"": 1.0}]"
11,"г. Березники, пр. Осенний, д. 1, 593429",Квартира,105.2,1,19,1977,69:99:368690:786,"[{""owner_id"": 123, ""share"": 1.0}]"
12,"клх Горячий Ключ, ул. Магистральная, д. 9 стр. 67, 745843",Квартира,193.6,1,19,1953,49:83:810250:930,"[{""owner_id"": 59, ""share"": 1.0}]"
13,"клх Урай, ул. Трактовая, д. 7 стр. 5/2, 283483",Квартира,38.3,3,22,1965,82:15:464069:546,"[{""owner_id"": 204, ""share"": 0.57}, {""owner_id"": 102, ""share"": 0.29}, {""owner_id"": 39, ""share"": 0.14}]"
14,"клх Дмитров, алл. Щетинкина, д. 2/1, 044964",Квартира,111.1,3,1,2003,72:23:554582:984,"[{""owner_id"": 190, ""share"": 1.0}]"
15,"к. Шуя, пр. Степной, д. 7/8 к. 733, 680408",Коммерческое,47.5,2,24,2016,93:44:745830:828,"[{""owner_id"": 236, ""share"": 1.0}]"
16,"д. Нарым, ш. Полтавское, д. 759 к. 1/2, 487699",Дом,173.3,1,9,2007,41:69:697530:625,"[{""owner_id"": 248, ""share"": 0.76}, {""owner_id"": 239, ""share"": 0.12}, {""owner_id"": 224, ""share"": 0.12}]"
17,"с. Снежинск, алл. Шахтерская, д. 244 стр. 58, 960945",Квартира,109.0,3,6,2012,37:55:936587:265,"[{""owner_id"": 173, ""share"": 1.0}]"
18,"ст. Шилка, ул. Дзержинского, д. 5, 770707",Коммерческое,21.8,2,3,1980,62:72:682144:777,"[{""owner_id"": 142, ""share"": 1.0}]"
19,"с. Усть-Кулом, пр. Майский, д. 949, 172444",Коммерческое,148.1,4,1,1961,47:38:524045:709,"[{""owner_id"": 244, ""share"": 1.0}]"
20,"п. Ясный (Оренб.), алл. Клубная, д. 11, 879508",Дом,105.2,5,12,2004,80:52:468900:720,"[{""owner_id"": 298, ""share"": 1.0}]"
21,"клх Кропоткин (Краснод.), ул. К.Маркса, д. 693 к. 818, 813359",Дом,61.5,2,11,1965,78:98:294143:197,"[{""owner_id"": 157, ""share"": 1.0}]"
22,"г. Россошь, алл. Восточная, д. 6 к. 7, 749025",Дом,150.4,5,20,1986,22:34:410636:233,"[{""owner_id"": 248, ""share"": 1.0}]"
23,"п. Чокурдах, ул. Ульяновская, д. 9, 369026",Квартира,147.4,2,9,1955,16:80:406327:715,"[{""owner_id"": 155, ""share"": 1.0}]"
24,"п. Хабаровск, пер. Правды, д. 880 стр. 6/5, 943535",Дом,81.3,1,9,2011,24:18:520172:504,"[{""owner_id"": 252, ""share"": 0.56}, {""owner_id"": 53, ""share"": 0.21}, {""owner_id"": 7, ""share"": 0.23}]"
25,"к. Гатчина, алл. 9 Января, д. 6/2 стр. 9, 579376",Квартира,46.9,5,10,1960,41:25:685181:783,"[{""owner_id"": 28, ""share"": 1.0}]"
26,"д. Костомукша, бул. Придорожный, д. 5 к. 6, 166829",Коммерческое,88.5,4,10,2004,49:82:751194:62,"[{""owner_id"": 116, ""share"": 1.0}]"
27,"п. Серафимович, алл. Киевская, д. 5/9, 120602",Квартира,132.6,3,22,1960,30:40:282256:566,"[{""owner_id"": 51, ""share"": 1.0}]"
28,"д. Туруханск, пр. 40 лет Октября, д. 96 к. 24, 599910",Дом,101.1,5,16,1987,14:39:402099:724,"[{""owner_id"": 2, ""share"": 1.0}]"
29,"с. Поронайск, пр. Спартака, д. 8 стр. 92, 209957",Квартира,143.7,3,21,1975,64:24:671015:231,"[{""owner_id"": 233, ""share"": 1.0}]"
30,"с. Игнашино, бул. Заливный, д. 834 стр. 1, 456522",Квартира,32.9,2,10,2022,46:66:230394:480,"[{""owner_id"": 137, ""share"": 1.0}]"
31,"с. Торжок, пер. Матросова, д. 354 к. 844, 324491",Дом,110.1,4,15,1960,86:15:553014:753,"[{""owner_id"": 207, ""share"": 1.0}]"
32,"п. Владикавказ, пер. Тукая, д. 10, 070534",Квартира,36.4,5,19,1952,96:44:704238:42,"[{""owner_id"": 129, ""share"": 1.0}]"
33,"д. Грозный, наб. Рябиновая, д. 876 к. 2, 415131",Дом,184.9,2,19,2005,91:72:195674:482,"[{""owner_id"": 90, ""share"": 0.52}, {""owner_id"": 241, ""share"": 0.48}]"
34,"д. Нарткала, пр. Уральский, д. 1 к. 2/9, 380032",Дом,140.6,2,11,2002,98:73:402218:679,"[{""owner_id"": 171, ""share"": 1.0}]"
35,"клх Каменск-Уральский, пр. Деповский, д. 3/8 к. 3, 183061",Квартира,194.6,4,17,1950,94:79:584417:424,"[{""owner_id"": 282, ""share"": 0.17}, {""owner_id"": 19, ""share"": 0.26}, {""owner_id"": 233, ""share"": 0.57}]"
36,"клх Избербаш, пр. Механический, д. 4/6, 824347",Дом,132.1,4,21,2006,16:36:380028:563,"[{""owner_id"": 266, ""share"": 1.0}]"
37,"д. Новомосковск, пр. Калинина, д. 531 стр. 8/6, 612751",Дом,178.6,4,4,1953,90:87:938141:246,"[{""owner_id"": 148, ""share"": 1.0}]"
38,"клх Губкин, ш. Восьмого Марта, д. 4/1 к. 5, 608545",Дом,36.8,1,15,1965,92:29:622584:956,"[{""owner_id"": 160, ""share"": 0.11}, {""owner_id"": 283, ""share"": 0.89}]"
39,"ст. Саратов, пр. Троицкий, д. 447 к. 1, 763928",Дом,196.4,2,15,2020,28:59:299869:944,"[{""owner_id"": 261, ""share"": 0.43}, {""owner_id"": 140, ""share"": 0.57}]"
40,"д. Щелково, алл. Южная, д. 661 к. 9, 083583",Квартира,69.7,4,11,2014,44:10:396578:744,"[{""owner_id"": 70, ""share"": 1.0}]"
41,"ст. Киржач, ш. Алтайское, д. 6 к. 4/9, 000818",Коммерческое,108.1,2,15,2018,71:54:448588:566,"[{""owner_id"": 297, ""share"": 1.0}]"
42,"г. Енисейск, наб. Железнодорожная, д. 13 к. 2, 624111",Квартира,196.5,2,19,1999,39:62:145767:326,"[{""owner_id"": 194, ""share"": 0.85}, {""owner_id"": 234, ""share"": 0.15}]"
43,"г. Урай, алл. Кубанская, д. 4/5 стр. 7, 447314",Коммерческое,196.5,4,2,1966,74:85:448121:891,"[{""owner_id"": 196, ""share"": 0.89}, {""owner_id"": 198, ""share"": 0.11}]"
44,"к. Рубцовск, алл. Плеханова, д. 8, 883607",Квартира,114.7,4,1,1968,62:93:261859:77,"[{""owner_id"": 226, ""share"": 1.0}]"
45,"ст. Усмань, ул. Докучаева, д. 19 стр. 4/8, 791452",Дом,132.2,4,21,1960,52:96:659543:390,"[{""owner_id"": 136, ""share"": 1.0}]"
46,"д. Зеленогорск (Ленин.), ш. Пожарского, д. 31, 978930",Коммерческое,185.8,2,24,1961,65:22:897305:649,"[{""owner_id"": 250, ""share"": 0.59}, {""owner_id"": 278, ""share"": 0.15}, {""owner_id"": 19, ""share"": 0.26}]"
47,"с. Минусинск, наб. Короткая, д. 759 стр. 943, 875357",Дом,182.6,1,11,1957,47:55:493049:442,"[{""owner_id"": 52, ""share"": 0.23}, {""owner_id"": 228, ""share"": 0.77}]"
48,"г. Рославль, ул. Менделеева, д. 30 стр. 823, 067287",Дом,121.9,2,6,1972,20:88:501126:635,"[{""owner_id"": 272, ""share"": 1.0}]"
49,"с. Алдан, ул. Демьяна Бедного, д. 5 к. 6, 248395",Коммерческое,45.8,4,21,1982,68:42:799233:10,"[{""owner_id"": 255, ""share"": 1.0}]"
50,"с. Касимов, бул. Театральный, д. 88 к. 356, 710433",Квартира,33.3,3,19,1988,91:64:823846:257,"[{""owner_id"": 239, ""share"": 0.64}, {""owner_id"": 148, ""share"": 0.36}]"
51,"к. Витим, пер. Семашко, д. 61, 503446",Квартира,199.9,4,4,1980,58:83:476395:589,"[{""owner_id"": 155, ""share"": 1.0}]"
52,"д. Печенга, пер. Краснознаменный, д. 292 к. 34, 912896",Квартира,196.0,4,9,1951,82:97:916118:763,"[{""owner_id"": 152, ""share"": 1.0}]"
53,"ст. Энгельс, пр. Санаторный, д. 40 стр. 31, 270510",Коммерческое,54.2,3,22,1967,90:22:757937:662,"[{""owner_id"": 255, ""share"": 0.59}, {""owner_id"": 147, ""share"": 0.17}, {""owner_id"": 118, ""share"": 0.24}]"
54,"с. Солнечногорск, наб. Громова, д. 738 к. 7/8, 485819",Квартира,124.3,2,3,1987,51:63:284171:206,"[{""owner_id"": 226, ""share"": 1.0}]"
55,"клх Лабинск, алл. Николаева, д. 8/5 стр. 686, 057563",Дом,115.6,3,6,1982,71:47:882824:892,"[{""owner_id"": 277, ""share"": 1.0}]"
56,"к. Инта, ул. Привольная, д. 6/9 стр. 50, 154809",Дом,193.3,2,25,1978,96:96:516716:991,"[{""owner_id"": 59, ""share"": 1.0}]"
57,"клх Кырен, пр. Розы Люксембург, д. 144 стр. 879, 278105",Дом,22.5,5,4,2008,57:96:885395:689,"[{""owner_id"": 286, ""share"": 0.17}, {""owner_id"": 188, ""share"": 0.83}]"
58,"клх Ижевск, ул. Маркса Карла, д. 107, 184390",Коммерческое,189.3,1,22,1979,70:13:749641:906,"[{""owner_id"": 196, ""share"": 1.0}]"
59,"клх Зеленогорск (Ленин.), бул. Осипенко, д. 166 стр. 338, 127049",Коммерческое,74.4,4,4,1967,15:14:419149:505,"[{""owner_id"": 168, ""share"": 0.61}, {""owner_id"": 114, ""share"": 0.19}, {""owner_id"": 33, ""share"": 0.2}]"
60,"п. Агинское (Забайк.), наб. 60 лет Октября, д. 257 к. 2/2, 212590",Коммерческое,44.4,4,12,2019,63:85:878325:745,"[{""owner_id"": 121, ""share"": 1.0}]"
61,"п. Озеры, ул. Лазурная, д. 4 к. 14, 424295",Коммерческое,37.8,4,20,2002,45:14:823811:380,"[{""owner_id"": 213, ""share"": 1.0}]"
62,"ст. Калач, алл. Тепличная, д. 5 к. 5/2, 595587",Квартира,174.0,1,22,1997,79:92:476096:63,"[{""owner_id"": 228, ""share"": 1.0}]"
63,"ст. Черняховск, алл. Союзная, д. 6/5 к. 95, 183437",Квартира,190.8,4,3,1977,92:91:726152:995,"[{""owner_id"": 98, ""share"": 1.0}]"
64,"г. Томпа, бул. Производственный, д. 3/8 стр. 6, 905150",Квартира,198.0,5,7,1958,80:36:714867:222,"[{""owner_id"": 171, ""share"": 1.0}]"
65,"с. Наро-Фоминск, бул. Сиреневый, д. 55 к. 97, 079799",Коммерческое,20.5,2,5,2019,42:32:215266:677,"[{""owner_id"": 120, ""share"": 0.72}, {""owner_id"": 169, ""share"": 0.28}]"
66,"с. Корсаков, бул. Королева, д. 8 к. 5/1, 816649",Квартира,126.0,1,6,1983,16:26:877747:432,"[{""owner_id"": 68, ""share"": 0.39}, {""owner_id"": 8, ""share"": 0.61}]"
67,"п. Тобольск, наб. Выгонная, д. 62, 142576",Дом,100.7,3,17,1963,67:74:332311:969,"[{""owner_id"": 33, ""share"": 1.0}]"
68,"г. Дубна, алл. Мичурина, д. 2, 336132",Дом,102.4,1,2,2011,61:64:819425:111,"[{""owner_id"": 267, ""share"": 1.0}]"
69,"с. Ессентуки, ул. Ермака, д. 4/8 к. 8/4, 625265",Квартира,181.9,3,20,1968,18:26:388375:640,"[{""owner_id"": 228, ""share"": 1.0}]"
70,"д. Партизанск, ул. Белинского, д. 1/4 стр. 63, 580996",Коммерческое,78.5,5,17,1987,68:74:734836:441,"[{""owner_id"": 281, ""share"": 1.0}]"
71,"п. Тамбов, ул. Ульяновская, д. 7, 562624",Коммерческое,137.2,5,24,1977,65:67:339592:424,"[{""owner_id"": 59, ""share"": 1.0}]"
72,"клх Ставрополь, наб. 60 лет СССР, д. 72, 715160",Дом,94.9,1,11,2004,50:95:367271:384,"[{""owner_id"": 233, ""share"": 1.0}]"
73,"п. Цимлянск, пр. Смирнова, д. 776 стр. 546, 978575",Квартира,154.0,3,5,2021,17:85:688866:576,"[{""owner_id"": 243, ""share"": 0.77}, {""owner_id"": 35, ""share"": 0.1}, {""owner_id"": 47, ""share"": 0.13}]"
74,"ст. Инта, пер. Пархоменко, д. 620 к. 4, 607401",Дом,83.6,4,24,1956,46:86:427626:361,"[{""owner_id"": 63, ""share"": 1.0}]"
75,"к. Белогорск (Амур.), бул. Павлова, д. 7 стр. 5, 842456",Квартира,47.9,4,8,1963,54:81:485415:118,"[{""owner_id"": 260, ""share"": 1.0}]"
76,"к. Макаров, ул. Боровая, д. 1 стр. 4/3, 812276",Коммерческое,195.4,5,20,2021,13:87:789786:850,"[{""owner_id"": 294, ""share"": 0.75}, {""owner_id"": 116, ""share"": 0.25}]"
77,"с. Южно-Курильск, ш. Гафури, д. 615, 291681",Квартира,69.2,3,11,1994,10:33:250210:580,"[{""owner_id"": 15, ""share"": 1.0}]"
78,"с. Петухово, алл. Иркутская, д. 461, 498830",Квартира,153.4,1,3,2017,37:58:540226:465,"[{""owner_id"": 36, ""share"": 1.0}]"
79,"п. Сальск, бул. Производственный, д. 9 к. 396, 406306",Дом,149.9,5,20,1960,16:29:265056:773,"[{""owner_id"": 190, ""share"": 1.0}]"
80,"к. Славянск-на-Кубани, ш. Карла Маркса, д. 133 стр. 4, 949796",Дом,99.8,4,16,2006,63:44:326040:774,"[{""owner_id"": 42, ""share"": 1.0}]"
81,"с. Усть-Ордынский, наб. 50 лет Октября, д. 6, 277382",Дом,40.0,5,16,2017,95:49:147623:226,"[{""owner_id"": 177, ""share"": 1.0}]"
82,"с. Аршан (Бурят.), ш. Крестьянское, д. 9/6 стр. 638, 457702",Квартира,56.8,2,25,1967,42:47:444061:123,"[{""owner_id"": 29, ""share"": 1.0}]"
83,"д. Рыбинск, ш. Солнечное, д. 9 к. 4/7, 691163",Квартира,43.3,5,23,1979,74:81:973835:685,"[{""owner_id"": 221, ""share"": 1.0}]"
84,"д. Льгов, ш. Аэродромное, д. 9/7, 369455",Квартира,98.5,4,3,1990,83:64:701253:415,"[{""owner_id"": 37, ""share"": 0.79}, {""owner_id"": 204, ""share"": 0.21}]"
85,"д. Тюмень, пр. Хвойный, д. 8/8 стр. 8, 264085",Квартира,193.9,2,20,2008,98:56:192410:448,"[{""owner_id"": 214, ""share"": 0.19}, {""owner_id"": 149, ""share"": 0.81}]"
86,"клх Внуково (метеост.), пер. Правды, д. 7/4 к. 393, 996059",Коммерческое,34.2,3,24,1993,38:52:916964:173,"[{""owner_id"": 125, ""share"": 0.57}, {""owner_id"": 224, ""share"": 0.43}]"
87,"д. Якша, бул. Социалистический, д. 1 к. 9/9, 275327",Коммерческое,111.8,3,12,1968,40:23:253557:263,"[{""owner_id"": 59, ""share"": 1.0}]"
88,"п. Магадан, ул. Ясная, д. 8/4, 327819",Коммерческое,33.6,4,15,2022,84:67:814220:947,"[{""owner_id"": 79, ""share"": 1.0}]"
89,"п. Славянск-на-Кубани, ул. Набережная, д. 868 стр. 2/7, 819807",Квартира,104.4,3,9,1957,55:74:177794:318,"[{""owner_id"": 166, ""share"": 0.22}, {""owner_id"": 162, ""share"": 0.78}]"
90,"к. Пермь, ш. Вокзальное, д. 7 стр. 7/2, 249125",Квартира,86.4,3,3,1961,88:86:631699:394,"[{""owner_id"": 20, ""share"": 1.0}]"
91,"п. Королев, алл. Путевая, д. 851 к. 4/5, 475749",Коммерческое,181.3,4,19,1974,51:87:598733:514,"[{""owner_id"": 284, ""share"": 1.0}]"
92,"ст. Дивногорск, пер. Рязанский, д. 635, 429477",Дом,38.6,3,23,1960,74:92:280941:41,"[{""owner_id"": 32, ""share"": 1.0}]"
93,"клх Губкин, пер. Гагарина, д. 5/4, 394290",Дом,114.3,5,6,1996,57:46:506235:419,"[{""owner_id"": 225, ""share"": 1.0}]"
94,"клх Тикси, ш. Кольцова, д. 3/6 стр. 99, 856728",Квартира,120.4,4,10,1982,94:87:257677:342,"[{""owner_id"": 27, ""share"": 0.15}, {""owner_id"": 172, ""share"": 0.85}]"
95,"с. Оленегорск (Якут.), бул. Ключевой, д. 4, 332491",Дом,75.8,4,5,1960,49:81:494976:659,"[{""owner_id"": 73, ""share"": 1.0}]"
96,"с. Сибай, бул. Первомайский, д. 63 стр. 661, 488810",Коммерческое,96.2,3,1,1996,49:33:324597:350,"[{""owner_id"": 66, ""share"": 0.17}, {""owner_id"": 270, ""share"": 0.83}]"
97,"п. Красноуральск, алл. Владимирская, д. 37 стр. 994, 131284",Дом,172.0,1,17,2019,77:14:794083:345,"[{""owner_id"": 249, ""share"": 0.9}, {""owner_id"": 99, ""share"": 0.08}, {""owner_id"": 116, ""share"": 0.02}]"
98,"п. Корсаков, ш. Беляева, д. 2/9 стр. 451, 171731",Квартира,169.6,5,6,2006,15:62:481995:693,"[{""owner_id"": 68, ""share"": 0.22}, {""owner_id"": 193, ""share"": 0.78}]"
99,"к. Хатанга, пер. Парижской Коммуны, д. 873, 469472",Дом,62.1,2,10,2010,34:57:811256:970,"[{""owner_id"": 228, ""share"": 0.7}, {""owner_id"": 146, ""share"": 0.3}]"
100,"д. Листвянка (Иркут.), наб. Путевая, д. 55 стр. 8, 270587",Дом,158.5,4,17,2017,63:30:956572:205,"[{""owner_id"": 226, ""share"": 1.0}]"
101,"п. Бологое, бул. Свободы, д. 975 к. 23, 348458",Дом,177.3,5,4,2016,25:46:187949:782,"[{""owner_id"": 71, ""share"": 0.14}, {""owner_id"": 129, ""share"": 0.86}]"
102,"клх Малгобек, алл. Поселковая, д. 3 стр. 36, 925879",Коммерческое,46.5,4,3,1978,67:54:127965:425,"[{""owner_id"": 231, ""share"": 1.0}]"
103,"п. Кулу, ш. Лермонтова, д. 3 к. 6, 574696",Дом,62.4,1,12,1978,13:50:203896:860,"[{""owner_id"": 258, ""share"": 1.0}]"
104,"ст. Печора, пр. 40 лет Октября, д. 57, 334450",Дом,185.1,4,23,1967,70:67:745239:6,"[{""owner_id"": 172, ""share"": 0.21}, {""owner_id"": 75, ""share"": 0.79}]"
105,"ст. Онега, пер. Крымский, д. 99 к. 5/2, 325797",Коммерческое,129.6,4,4,1986,40:48:227767:49,"[{""owner_id"": 10, ""share"": 0.77}, {""owner_id"": 132, ""share"": 0.12}, {""owner_id"": 111, ""share"": 0.11}]"
106,"клх Суздаль, наб. Менделеева, д. 610, 857417",Квартира,40.0,4,20,2018,12:90:640410:589,"[{""owner_id"": 235, ""share"": 1.0}]"
107,"к. Псебай, ш. Короткое, д. 4, 735984",Дом,97.3,5,12,1980,83:63:296412:681,"[{""owner_id"": 74, ""share"": 1.0}]"
108,"п. Борзя, бул. Матросова, д. 8 стр. 62, 375534",Дом,32.2,5,18,2014,74:80:121322:400,"[{""owner_id"": 269, ""share"": 1.0}]"
109,"п. Голицыно, пр. Войкова, д. 8/1 стр. 185, 085874",Дом,154.5,3,3,1994,40:94:758775:107,"[{""owner_id"": 23, ""share"": 0.88}, {""owner_id"": 199, ""share"": 0.12}]"
110,"клх Буденновск, ул. Урожайная, д. 28 стр. 4/2, 477251",Коммерческое,80.9,2,25,2009,99:71:762423:187,"[{""owner_id"": 171, ""share"": 0.14}, {""owner_id"": 69, ""share"": 0.86}]"
111,"с. Тулун, бул. Космодемьянской, д. 569 стр. 196, 356243",Квартира,27.9,2,2,1990,49:75:517568:835,"[{""owner_id"": 33, ""share"": 0.13}, {""owner_id"": 235, ""share"": 0.87}]"
112,"клх Кандалакша, наб. Амурская, д. 42 стр. 3, 089028",Квартира,155.6,2,10,1995,16:93:448048:280,"[{""owner_id"": 130, ""share"": 1.0}]"
113,"к. Можга, бул. Снежный, д. 34, 433502",Дом,180.1,4,13,1993,33:73:825686:510,"[{""owner_id"": 189, ""share"": 1.0}]"
114,"ст. Оймякон, пр. Снежный, д. 1/8, 633691",Дом,164.2,4,3,2005,87:33:671971:301,"[{""owner_id"": 266, ""share"": 1.0}]"
115,"д. Чегем, пер. Индустриальный, д. 23 стр. 6/6, 331857",Дом,139.0,3,15,2004,31:98:565471:360,"[{""owner_id"": 41, ""share"": 1.0}]"
116,"с. Амурск, пр. Фадеева, д. 2/6, 416431",Коммерческое,199.7,3,21,1957,19:95:768480:416,"[{""owner_id"": 181, ""share"": 1.0}]"
117,"г. Кырен, бул. Шевченко, д. 323 стр. 328, 700934",Квартира,45.7,5,22,2006,14:26:170499:242,"[{""owner_id"": 82, ""share"": 1.0}]"
118,"ст. Ербогачен, алл. Локомотивная, д. 62 к. 820, 465495",Коммерческое,25.8,2,22,2007,57:57:565504:782,"[{""owner_id"": 188, ""share"": 0.41}, {""owner_id"": 186, ""share"": 0.59}]"
119,"к. Арсеньев, ул. Средняя, д. 1/9 к. 9/3, 105316",Коммерческое,86.1,3,21,1985,41:24:127172:754,"[{""owner_id"": 71, ""share"": 1.0}]"
120,"с. Слюдянка, ш. Щетинкина, д. 19 к. 8, 425859",Дом,184.4,1,9,1983,67:37:741599:293,"[{""owner_id"": 266, ""share"": 1.0}]"
121,"с. Холмогоры, алл. Новосельская, д. 42, 164913",Квартира,42.1,1,15,1972,66:21:949884:699,"[{""owner_id"": 252, ""share"": 1.0}]"
122,"п. Малоярославец, бул. Леонова, д. 3 к. 7, 290603",Дом,173.2,2,12,2015,38:25:310743:812,"[{""owner_id"": 164, ""share"": 0.54}, {""owner_id"": 178, ""share"": 0.18}, {""owner_id"": 34, ""share"": 0.28}]"
123,"п. Асбест, алл. М.Горького, д. 1, 753967",Квартира,85.0,5,12,2009,80:26:741674:906,"[{""owner_id"": 253, ""share"": 1.0}]"
124,"д. Кулу, пр. Пригородный, д. 9 стр. 6, 457871",Дом,199.9,4,17,2002,62:83:177333:129,"[{""owner_id"": 159, ""share"": 1.0}]"
125,"г. Норильск, бул. Заводской, д. 41 к. 2/2, 254768",Коммерческое,135.2,2,25,1966,65:74:158104:852,"[{""owner_id"": 38, ""share"": 0.64}, {""owner_id"": 231, ""share"": 0.16}, {""owner_id"": 239, ""share"": 0.2}]"
126,"с. Тихорецк, алл. Минская, д. 935, 988085",Дом,49.6,3,23,1978,54:76:397846:867,"[{""owner_id"": 79, ""share"": 1.0}]"
127,"к. Ершов, бул. Мелиоративный, д. 92, 340646",Коммерческое,192.1,3,5,1988,88:78:197966:515,"[{""owner_id"": 101, ""share"": 1.0}]"
128,"с. Москва, МГУ, бул. Чкалова, д. 914, 399106",Квартира,50.8,5,24,1993,82:15:965322:885,"[{""owner_id"": 298, ""share"": 1.0}]"
129,"с. Железногорск(Курск.), пр. Большой, д. 7/4, 513426",Коммерческое,158.8,3,21,1976,83:63:748133:655,"[{""owner_id"": 24, ""share"": 1.0}]"
130,"п. Сасово, бул. Томский, д. 1, 848197",Дом,135.5,3,16,1981,97:61:411882:465,"[{""owner_id"": 280, ""share"": 1.0}]"
131,"к. Гремячинск (Бурят.), бул. Смирнова, д. 61 стр. 1, 417692",Квартира,99.1,4,15,1976,53:87:250647:321,"[{""owner_id"": 31, ""share"": 1.0}]"
132,"п. Троицк (Моск.), ул. Гастелло, д. 77, 014448",Квартира,156.9,5,18,1963,50:40:589131:126,"[{""owner_id"": 164, ""share"": 0.88}, {""owner_id"": 177, ""share"": 0.12}]"
133,"клх Красногорск (Моск.), ул. Полевая, д. 873 к. 79, 178996",Квартира,37.4,3,13,2003,41:30:952993:336,"[{""owner_id"": 127, ""share"": 1.0}]"
134,"д. Всеволожск, ш. Гражданское, д. 613 стр. 7/1, 779806",Дом,178.2,4,1,1961,60:74:579441:990,"[{""owner_id"": 161, ""share"": 0.5}, {""owner_id"": 98, ""share"": 0.25}, {""owner_id"": 82, ""share"": 0.25}]"
135,"п. Хасавюрт, ул. Урицкого, д. 146, 455534",Дом,28.8,3,16,2010,46:78:108574:868,"[{""owner_id"": 299, ""share"": 1.0}]"
136,"к. Серпухов, бул. Механический, д. 93 стр. 7, 271559",Дом,151.0,4,12,1955,61:16:697983:576,"[{""owner_id"": 69, ""share"": 1.0}]"
137,"ст. Мелеуз, бул. Революционный, д. 6/8, 634755",Дом,33.2,5,15,2020,45:89:813449:626,"[{""owner_id"": 284, ""share"": 1.0}]"
138,"ст. Ессентуки, наб. Юбилейная, д. 539, 882691",Дом,87.2,3,18,1996,28:35:731728:522,"[{""owner_id"": 50, ""share"": 1.0}]"
139,"г. Шатки, пр. Механический, д. 95 стр. 7, 614991",Квартира,27.0,3,16,2016,68:29:735710:915,"[{""owner_id"": 21, ""share"": 1.0}]"
140,"с. Бавлы, пер. Поселковый, д. 1, 333373",Коммерческое,77.3,4,20,1988,85:53:631958:849,"[{""owner_id"": 168, ""share"": 1.0}]"
141,"к. Корсаков, ш. Клары Цеткин, д. 7/9, 628969",Коммерческое,121.3,4,1,1997,52:96:214928:427,"[{""owner_id"": 251, ""share"": 1.0}]"
142,"клх Ногинск (Моск.), пр. Степана Разина, д. 4 к. 9, 125389",Коммерческое,105.4,5,19,1979,16:84:603787:175,"[{""owner_id"": 14, ""share"": 1.0}]"
143,"ст. Терскол, пр. Матросова, д. 693 стр. 57, 797796",Квартира,167.9,2,2,2023,99:24:300051:20,"[{""owner_id"": 195, ""share"": 1.0}]"
144,"г. Уфа, пер. Коммунальный, д. 8 к. 61, 494097",Квартира,94.3,2,14,2014,88:70:989587:754,"[{""owner_id"": 215, ""share"": 1.0}]"
145,"с. Кашира, пр. Гоголя, д. 6 стр. 99, 289509",Дом,199.7,4,17,1998,50:32:581992:935,"[{""owner_id"": 71, ""share"": 0.27}, {""owner_id"": 266, ""share"": 0.73}]"
146,"д. Голицыно, пер. Вишневый, д. 3/4, 922071",Дом,141.7,3,20,2011,34:41:392559:572,"[{""owner_id"": 280, ""share"": 1.0}]"
147,"г. Печора, бул. Красина, д. 7/8 стр. 35, 452647",Дом,146.9,4,11,2011,54:81:934042:739,"[{""owner_id"": 153, ""share"": 1.0}]"
148,"к. Петушки, алл. 60 лет Октября, д. 257, 090805",Коммерческое,141.8,4,13,1994,28:47:144109:295,"[{""owner_id"": 63, ""share"": 1.0}]"
149,"г. Тура, ул. Энгельса, д. 5/1, 123972",Квартира,56.4,5,9,2021,99:44:243941:112,"[{""owner_id"": 41, ""share"": 0.62}, {""owner_id"": 178, ""share"": 0.23}, {""owner_id"": 227, ""share"": 0.15}]"
150,"г. Елец, наб. Тепличная, д. 3/9 стр. 17, 814415",Квартира,29.1,5,8,1979,16:22:533377:339,"[{""owner_id"": 123, ""share"": 1.0}]"
151,"г. Талдом, пер. Поселковый, д. 8, 718153",Коммерческое,196.0,2,14,2010,71:93:309144:775,"[{""owner_id"": 52, ""share"": 0.1}, {""owner_id"": 71, ""share"": 0.9}]"
152,"п. Сусуман, ш. 50 лет ВЛКСМ, д. 850, 815899",Коммерческое,61.8,1,6,2003,32:14:976822:407,"[{""owner_id"": 165, ""share"": 0.83}, {""owner_id"": 147, ""share"": 0.1}, {""owner_id"": 31, ""share"": 0.07}]"
153,"к. Москва, пр. Ивановский, д. 7, 661707",Квартира,73.7,5,4,1992,46:68:772464:557,"[{""owner_id"": 96, ""share"": 0.8}, {""owner_id"": 149, ""share"": 0.2}]"
154,"д. Стерлитамак, пр. Фрунзе, д. 5/1 стр. 531, 508004",Коммерческое,104.2,2,4,1992,30:68:779776:264,"[{""owner_id"": 69, ""share"": 1.0}]"
155,"к. Углегорск, ш. Блюхера, д. 68, 317235",Коммерческое,141.4,2,6,2001,64:75:443856:89,"[{""owner_id"": 8, ""share"": 0.73}, {""owner_id"": 173, ""share"": 0.27}]"
156,"с. Каргасок, бул. Пионерский, д. 263 стр. 1, 526356",Квартира,196.7,4,11,1981,10:43:502206:242,"[{""owner_id"": 49, ""share"": 1.0}]"
157,"п. Шатой, пер. Отрадный, д. 5/4, 606664",Дом,74.4,5,1,1983,93:56:826420:242,"[{""owner_id"": 137, ""share"": 1.0}]"
158,"к. Шатура, бул. Геологов, д. 472, 112712",Дом,75.2,4,22,2014,49:98:223119:655,"[{""owner_id"": 61, ""share"": 1.0}]"
159,"клх Красноуральск, бул. Розы Люксембург, д. 9 стр. 5, 116318",Квартира,101.9,5,12,2003,99:80:593699:776,"[{""owner_id"": 152, ""share"": 0.28}, {""owner_id"": 189, ""share"": 0.17}, {""owner_id"": 114, ""share"": 0.55}]"
160,"п. Томск, пр. Серафимовича, д. 113, 211369",Квартира,142.5,5,3,2017,67:77:837952:371,"[{""owner_id"": 112, ""share"": 1.0}]"
161,"клх Дно, пер. Дачный, д. 63 к. 390, 425730",Квартира,31.1,5,17,1975,83:78:257131:169,"[{""owner_id"": 289, ""share"": 1.0}]"
162,"п. Люберцы, ул. Хвойная, д. 63 стр. 1/8, 398482",Дом,40.9,2,23,2024,72:21:635167:457,"[{""owner_id"": 267, ""share"": 1.0}]"
163,"г. Вязьма, ул. Специалистов, д. 692 стр. 1, 130609",Дом,121.5,5,15,1989,12:60:366817:837,"[{""owner_id"": 233, ""share"": 0.51}, {""owner_id"": 68, ""share"": 0.49}]"
164,"ст. Хасавюрт, ш. Вольное, д. 298, 796496",Коммерческое,33.1,4,12,1958,79:17:172371:957,"[{""owner_id"": 112, ""share"": 1.0}]"
165,"клх Сусуман, наб. Мелиораторов, д. 8/3 стр. 9/6, 242642",Дом,52.4,2,25,2003,57:58:570325:891,"[{""owner_id"": 147, ""share"": 1.0}]"
166,"с. Малгобек, ул. Высоцкого, д. 9/4, 253666",Коммерческое,43.9,3,4,1972,78:60:654531:131,"[{""owner_id"": 194, ""share"": 0.65}, {""owner_id"": 193, ""share"": 0.2}, {""owner_id"": 42, ""share"": 0.15}]"
167,"с. Осташков, наб. Энтузиастов, д. 7 к. 48, 339395",Дом,103.3,5,14,2018,58:39:359535:472,"[{""owner_id"": 115, ""share"": 0.7}, {""owner_id"": 2, ""share"": 0.3}]"
168,"к. Меренга, пр. Малый, д. 2/9, 496033",Квартира,188.7,1,2,2003,88:12:352356:212,"[{""owner_id"": 142, ""share"": 1.0}]"
169,"клх Оренбург, пр. Осенний, д. 1/4 стр. 3/5, 693265",Дом,127.6,1,8,1955,61:66:345722:553,"[{""owner_id"": 18, ""share"": 1.0}]"
170,"ст. Гудермес, наб. Парковая, д. 111 к. 205, 532341",Квартира,110.7,3,8,2023,50:83:726962:792,"[{""owner_id"": 29, ""share"": 1.0}]"
171,"д. Северо-Курильск, наб. Ягодная, д. 5 к. 382, 618962",Квартира,74.3,2,22,2016,38:62:415098:282,"[{""owner_id"": 165, ""share"": 1.0}]"
172,"клх Красная Поляна, бул. Братский, д. 2/1, 676720",Коммерческое,142.2,5,16,1956,54:92:803953:391,"[{""owner_id"": 90, ""share"": 1.0}]"
173,"д. Холмск, пр. Южный, д. 6/6, 512294",Дом,87.8,5,16,1980,38:48:999197:725,"[{""owner_id"": 164, ""share"": 0.43}, {""owner_id"": 214, ""share"": 0.57}]"
174,"г. Каменск-Шахтинский, наб. Гагарина, д. 859 стр. 799, 543848",Квартира,121.2,4,18,2017,27:59:354655:262,"[{""owner_id"": 238, ""share"": 1.0}]"
175,"к. Завьялиха, бул. Волочаевский, д. 5, 650471",Дом,172.5,1,18,1974,16:44:495489:690,"[{""owner_id"": 41, ""share"": 1.0}]"
176,"п. Якутск, бул. Степной, д. 7, 766046",Квартира,53.9,5,24,2021,37:71:319036:891,"[{""owner_id"": 21, ""share"": 1.0}]"
177,"ст. Тобольск, пр. Володарского, д. 55 к. 57, 171581",Квартира,154.4,4,8,1976,60:40:678897:330,"[{""owner_id"": 156, ""share"": 0.85}, {""owner_id"": 8, ""share"": 0.05}, {""owner_id"": 109, ""share"": 0.1}]"
178,"ст. Воткинск, ул. Тепличная, д. 2, 931100",Дом,75.5,3,17,2013,69:22:941814:740,"[{""owner_id"": 195, ""share"": 0.53}, {""owner_id"": 239, ""share"": 0.47}]"
179,"п. Череповец, ш. Бажова, д. 2 стр. 402, 211063",Квартира,86.7,4,2,2022,38:28:117007:268,"[{""owner_id"": 164, ""share"": 1.0}]"
180,"клх Валаам, наб. Тупиковая, д. 4/8 к. 57, 728012",Коммерческое,149.6,3,5,1975,52:39:498290:584,"[{""owner_id"": 300, ""share"": 1.0}]"
181,"п. Уренгой, алл. Волжская, д. 632 стр. 72, 968436",Коммерческое,80.8,4,24,2012,68:31:868367:815,"[{""owner_id"": 256, ""share"": 0.62}, {""owner_id"": 282, ""share"": 0.38}]"
182,"клх Комсомольск-на-Амуре, ул. Ударная, д. 3 стр. 801, 096170",Коммерческое,118.4,2,18,1957,77:14:979827:868,"[{""owner_id"": 72, ""share"": 1.0}]"
183,"д. Новый Оскол, бул. Песчаный, д. 6 стр. 6/8, 747583",Квартира,94.2,2,3,1969,11:37:630299:467,"[{""owner_id"": 25, ""share"": 1.0}]"
184,"г. Новая Игирма, пр. Кочубея, д. 7 к. 8/8, 266025",Коммерческое,107.8,1,18,2020,62:11:117538:543,"[{""owner_id"": 248, ""share"": 1.0}]"
185,"с. Норильск, пр. Коллективный, д. 39, 106724",Коммерческое,141.3,2,4,1962,77:29:352674:197,"[{""owner_id"": 275, ""share"": 0.11}, {""owner_id"": 147, ""share"": 0.89}]"
186,"г. Талдом, алл. Лермонтова, д. 4 к. 87, 627051",Дом,68.1,4,3,1997,61:68:692447:250,"[{""owner_id"": 130, ""share"": 1.0}]"
187,"клх Сосновый Бор, наб. Малая, д. 88 стр. 86, 425496",Квартира,36.8,4,13,2020,70:17:767678:10,"[{""owner_id"": 116, ""share"": 0.62}, {""owner_id"": 154, ""share"": 0.25}, {""owner_id"": 42, ""share"": 0.13}]"
188,"д. Лесной (Сверд.), бул. Королева, д. 85 к. 607, 335357",Коммерческое,161.2,5,4,2017,15:39:321686:923,"[{""owner_id"": 43, ""share"": 0.78}, {""owner_id"": 256, ""share"": 0.22}]"
189,"д. Надым, алл. Полярная, д. 4 стр. 83, 058162",Квартира,143.2,3,18,2022,94:14:288066:952,"[{""owner_id"": 291, ""share"": 0.32}, {""owner_id"": 244, ""share"": 0.68}]"
190,"д. Сусуман, пер. Физкультурный, д. 476 к. 3, 073305",Коммерческое,167.8,1,10,1970,82:40:694223:855,"[{""owner_id"": 9, ""share"": 0.57}, {""owner_id"": 107, ""share"": 0.43}]"
191,"д. Домбай, наб. Водников, д. 9 к. 23, 038843",Коммерческое,45.2,1,17,1994,16:22:558320:238,"[{""owner_id"": 277, ""share"": 0.41}, {""owner_id"": 170, ""share"": 0.59}]"
192,"клх Александров Гай, наб. Логовая, д. 14 к. 661, 276829",Дом,25.3,3,15,2012,39:55:679902:964,"[{""owner_id"": 175, ""share"": 0.88}, {""owner_id"": 204, ""share"": 0.12}]"
193,"г. Кызыл, наб. Ивановская, д. 5/3 к. 15, 058752",Коммерческое,125.5,4,3,1987,41:19:186023:275,"[{""owner_id"": 96, ""share"": 1.0}]"
194,"д. Ардон, пр. Шевченко, д. 3/6 стр. 145, 271122",Коммерческое,90.1,3,4,1961,10:49:566339:369,"[{""owner_id"": 79, ""share"": 1.0}]"
195,"клх Кисловодск, ш. Терешковой, д. 6, 651768",Дом,100.8,5,17,2002,23:13:193972:363,"[{""owner_id"": 53, ""share"": 0.17}, {""owner_id"": 68, ""share"": 0.83}]"
196,"клх Пенза, алл. Родниковая, д. 37 стр. 443, 800370",Дом,22.2,4,13,1960,81:41:699743:534,"[{""owner_id"": 167, ""share"": 1.0}]"
197,"ст. Кировск (Мурм.), ш. Болотное, д. 6, 608470",Квартира,45.0,3,9,2013,28:18:275329:446,"[{""owner_id"": 195, ""share"": 1.0}]"
198,"г. Камышлов, ул. Снежная, д. 89 стр. 651, 632809",Дом,160.9,3,9,1981,90:73:722651:632,"[{""owner_id"": 154, ""share"": 1.0}]"
199,"д. Озеры, пр. Большой, д. 59 стр. 4, 461470",Квартира,74.8,4,11,1998,52:66:450996:441,"[{""owner_id"": 55, ""share"": 1.0}]"
200,"п. Кабанск, ул. Красина, д. 533, 945703",Коммерческое,56.2,3,6,2000,50:47:870571:712,"[{""owner_id"": 70, ""share"": 0.36}, {""owner_id"": 154, ""share"": 0.64}]"
201,"д. Апшеронск, ул. Полтавская, д. 45 к. 7/6, 692778",Квартира,78.7,3,13,1996,24:82:309505:607,"[{""owner_id"": 295, ""share"": 1.0}]"
202,"г. Югорск, ул. Совхозная, д. 104, 769210",Коммерческое,57.7,3,23,1958,62:96:623557:143,"[{""owner_id"": 93, ""share"": 0.86}, {""owner_id"": 282, ""share"": 0.07}, {""owner_id"": 14, ""share"": 0.07}]"
203,"клх Калевала, бул. Жуковского, д. 146 к. 1, 424731",Дом,138.6,4,13,1959,67:86:602514:597,"[{""owner_id"": 124, ""share"": 1.0}]"
204,"п. Алексин, ул. Белорусская, д. 9/5, 097123",Коммерческое,95.3,1,12,2018,86:91:189110:112,"[{""owner_id"": 260, ""share"": 1.0}]"
205,"клх Октябрьское (Хант.), ул. Машиностроителей, д. 8/7, 090144",Квартира,121.4,4,25,1992,65:23:111060:101,"[{""owner_id"": 182, ""share"": 0.62}, {""owner_id"": 86, ""share"": 0.38}]"
206,"ст. Курганинск, бул. Городской, д. 83, 096873",Коммерческое,113.4,5,23,2023,38:67:492292:401,"[{""owner_id"": 262, ""share"": 1.0}]"
207,"к. Верхний Тагил, наб. Иванова, д. 9/3 стр. 6, 556296",Квартира,82.1,1,16,1963,47:63:190025:119,"[{""owner_id"": 257, ""share"": 1.0}]"
208,"к. Лянтор, ш. Культуры, д. 6/7, 942557",Дом,161.2,5,16,1994,70:22:559450:740,"[{""owner_id"": 73, ""share"": 0.35}, {""owner_id"": 179, ""share"": 0.65}]"
209,"г. Нерчинск, ш. Безымянное, д. 9 стр. 39, 616188",Квартира,74.0,1,1,1993,92:23:810032:820,"[{""owner_id"": 164, ""share"": 1.0}]"
210,"д. Адлер, пер. Тракторный, д. 85 к. 955, 863956",Коммерческое,51.4,2,11,2021,64:69:343118:817,"[{""owner_id"": 125, ""share"": 1.0}]"
211,"клх Серафимович, ш. Енисейское, д. 881, 143643",Квартира,135.3,4,13,1953,88:35:571413:607,"[{""owner_id"": 95, ""share"": 1.0}]"
212,"г. Амурск, наб. Киевская, д. 22, 471656",Коммерческое,58.7,3,25,1958,83:23:938338:893,"[{""owner_id"": 3, ""share"": 1.0}]"
213,"к. Осташков, алл. Свободы, д. 8/1 к. 1/8, 504768",Дом,55.5,1,9,2012,77:91:428628:612,"[{""owner_id"": 188, ""share"": 1.0}]"
214,"клх Черусти, наб. Папанина, д. 860 стр. 974, 131765",Коммерческое,40.6,3,15,1972,96:48:744333:605,"[{""owner_id"": 201, ""share"": 1.0}]"
215,"г. Мостовской, пер. Микрорайон, д. 79 к. 102, 182749",Дом,41.2,3,4,1973,57:98:248225:524,"[{""owner_id"": 69, ""share"": 1.0}]"
216,"к. Черняховск, бул. Папанина, д. 57, 049561",Коммерческое,89.1,2,16,2018,98:92:281649:569,"[{""owner_id"": 71, ""share"": 1.0}]"
217,"п. Старая Русса, алл. Садовая, д. 3/7 к. 442, 973711",Квартира,53.7,4,20,1956,55:11:608149:140,"[{""owner_id"": 148, ""share"": 1.0}]"
218,"п. Шенкурск, ул. Бабушкина, д. 6/7 стр. 985, 670468",Коммерческое,111.0,4,14,2012,63:66:612438:172,"[{""owner_id"": 197, ""share"": 1.0}]"
219,"г. Верхний Баскунчак, бул. Фурманова, д. 7/9 к. 22, 219237",Квартира,72.6,3,8,2018,46:31:918665:469,"[{""owner_id"": 16, ""share"": 1.0}]"
220,"с. Бомнак, алл. Красных Партизан, д. 480 стр. 52, 605080",Коммерческое,111.9,5,4,1984,79:56:668373:843,"[{""owner_id"": 254, ""share"": 1.0}]"
221,"д. Тутаев, наб. Болотная, д. 4, 337773",Дом,38.4,2,10,1954,67:43:465509:883,"[{""owner_id"": 226, ""share"": 0.27}, {""owner_id"": 280, ""share"": 0.73}]"
222,"с. Усть-Калманка, бул. Кирпичный, д. 92 стр. 81, 923653",Квартира,57.8,5,23,1994,88:90:548965:170,"[{""owner_id"": 225, ""share"": 0.72}, {""owner_id"": 61, ""share"": 0.28}]"
223,"г. Рыльск, ш. Ломоносова, д. 1/4, 679327",Квартира,165.0,5,12,2018,45:86:664939:173,"[{""owner_id"": 106, ""share"": 1.0}]"
224,"п. Шатой, наб. Машиностроителей, д. 169 стр. 2/9, 205464",Дом,123.1,5,22,1962,27:62:162165:284,"[{""owner_id"": 150, ""share"": 1.0}]"
225,"к. Тюмень, наб. Свердлова, д. 9/8 стр. 9/3, 517588",Коммерческое,78.0,2,25,2000,72:28:705474:648,"[{""owner_id"": 65, ""share"": 0.3}, {""owner_id"": 68, ""share"": 0.7}]"
226,"клх Курильск, ш. Рязанское, д. 65 к. 49, 435864",Дом,101.4,1,13,2015,45:98:486999:466,"[{""owner_id"": 213, ""share"": 1.0}]"
227,"клх Калач, ш. Кленовое, д. 4 стр. 9, 379821",Квартира,151.6,4,21,1995,18:78:517035:224,"[{""owner_id"": 168, ""share"": 0.8}, {""owner_id"": 298, ""share"": 0.1}, {""owner_id"": 2, ""share"": 0.1}]"
228,"п. Шатки, ш. Энтузиастов, д. 67 стр. 86, 978524",Коммерческое,124.0,5,16,1993,97:16:148174:102,"[{""owner_id"": 109, ""share"": 0.36}, {""owner_id"": 254, ""share"": 0.22}, {""owner_id"": 138, ""share"": 0.42}]"
229,"г. Октябрьский (Башк.), пр. Школьный, д. 834 стр. 9/5, 340679",Квартира,42.4,2,15,2008,10:64:312146:706,"[{""owner_id"": 236, ""share"": 1.0}]"
230,"с. Оса, ул. Казачья, д. 61 к. 501, 884216",Квартира,86.9,2,2,2000,90:49:861253:717,"[{""owner_id"": 155, ""share"": 0.17}, {""owner_id"": 82, ""share"": 0.33}, {""owner_id"": 141, ""share"": 0.5}]"
231,"клх Хасавюрт, ул. Боровая, д. 5, 633399",Квартира,58.4,1,5,1978,76:97:566686:10,"[{""owner_id"": 220, ""share"": 0.66}, {""owner_id"": 47, ""share"": 0.34}]"
232,"ст. Ковров, ул. Крупской, д. 72, 890219",Квартира,197.9,4,23,1966,71:19:340068:393,"[{""owner_id"": 176, ""share"": 1.0}]"
233,"г. Владивосток, ш. Плеханова, д. 83, 234103",Квартира,76.4,3,5,1998,27:92:810029:147,"[{""owner_id"": 53, ""share"": 1.0}]"
234,"д. Шатура, пр. Горняцкий, д. 21 к. 8/8, 696084",Квартира,129.9,2,15,1994,37:90:884616:156,"[{""owner_id"": 289, ""share"": 1.0}]"
235,"с. Троицко-Печорск, наб. Колхозная, д. 9/7 к. 4/6, 196263",Квартира,126.1,4,12,2004,50:27:359822:284,"[{""owner_id"": 227, ""share"": 0.82}, {""owner_id"": 112, ""share"": 0.1}, {""owner_id"": 45, ""share"": 0.08}]"
236,"к. Пинега, алл. Ленина, д. 86 к. 293, 069556",Коммерческое,128.2,5,10,1953,94:48:315425:531,"[{""owner_id"": 128, ""share"": 1.0}]"
237,"с. Светлогорск (Калин.), ул. Николаева, д. 6 к. 64, 722398",Коммерческое,90.5,1,8,2013,59:24:352792:512,"[{""owner_id"": 97, ""share"": 1.0}]"
238,"с. Ноглики, ш. Курганное, д. 921, 418472",Коммерческое,180.0,1,12,1990,26:59:979727:583,"[{""owner_id"": 37, ""share"": 1.0}]"
239,"ст. Салехард, ш. Производственное, д. 56 к. 28, 190924",Коммерческое,51.1,4,25,1959,12:85:170813:15,"[{""owner_id"": 280, ""share"": 1.0}]"
240,"п. Клин, ш. Привольное, д. 511, 817852",Квартира,190.8,4,17,1986,90:74:904373:426,"[{""owner_id"": 21, ""share"": 1.0}]"
241,"п. Алапаевск, ш. Ярославское, д. 9 к. 188, 220722",Квартира,135.3,5,20,1969,45:20:424960:81,"[{""owner_id"": 206, ""share"": 1.0}]"
242,"д. Лабытнанги, алл. Смирнова, д. 41 к. 19, 620478",Квартира,116.6,4,19,1958,49:99:558737:748,"[{""owner_id"": 105, ""share"": 1.0}]"
243,"д. Урай, пр. Ульянова, д. 7 стр. 9, 287203",Дом,130.2,1,10,1972,25:11:842287:141,"[{""owner_id"": 123, ""share"": 0.17}, {""owner_id"": 30, ""share"": 0.37}, {""owner_id"": 126, ""share"": 0.46}]"
244,"ст. Макушино, пер. Коммуны, д. 7/5, 057303",Коммерческое,113.1,3,6,1997,26:44:868538:908,"[{""owner_id"": 84, ""share"": 0.86}, {""owner_id"": 255, ""share"": 0.14}]"
245,"с. Чита, алл. Дружбы, д. 4/3 стр. 537, 677537",Дом,165.3,3,17,1958,43:83:758015:79,"[{""owner_id"": 16, ""share"": 1.0}]"
246,"г. Кострома, бул. Сельский, д. 6, 576619",Дом,30.0,5,6,1997,30:42:910894:106,"[{""owner_id"": 262, ""share"": 1.0}]"
247,"ст. Тобольск, пр. Дорожный, д. 2/6 стр. 4, 820128",Квартира,27.9,1,8,1955,70:56:501583:943,"[{""owner_id"": 60, ""share"": 0.69}, {""owner_id"": 117, ""share"": 0.31}]"
248,"г. Тимашевск, бул. Попова, д. 676, 595450",Коммерческое,164.6,4,8,1991,41:63:855276:328,"[{""owner_id"": 19, ""share"": 1.0}]"
249,"ст. Сузун, ш. Подгорное, д. 626 к. 5/3, 319646",Коммерческое,87.1,5,22,1956,32:38:943409:529,"[{""owner_id"": 40, ""share"": 1.0}]"
250,"г. Медногорск, алл. Омская, д. 4/7, 689430",Дом,78.9,5,15,1951,57:35:405759:578,"[{""owner_id"": 206, ""share"": 0.79}, {""owner_id"": 36, ""share"": 0.11}, {""owner_id"": 239, ""share"": 0.1}]"
251,"ст. Ачинск, бул. Клары Цеткин, д. 337 к. 2/2, 595749",Дом,199.6,2,24,2019,41:29:106687:955,"[{""owner_id"": 125, ""share"": 0.39}, {""owner_id"": 238, ""share"": 0.61}]"
252,"д. Ельня, бул. Медицинский, д. 13 стр. 8/5, 847609",Коммерческое,82.4,1,11,1950,94:58:990247:756,"[{""owner_id"": 120, ""share"": 1.0}]"
253,"г. Дубна, алл. Новосельская, д. 37 стр. 688, 669541",Квартира,95.6,1,5,1985,21:15:342716:919,"[{""owner_id"": 54, ""share"": 0.52}, {""owner_id"": 106, ""share"": 0.48}]"
254,"д. Ставрополь, ул. Матросова, д. 766 стр. 86, 551437",Коммерческое,35.3,1,17,1967,91:60:178465:607,"[{""owner_id"": 212, ""share"": 0.47}, {""owner_id"": 191, ""share"": 0.53}]"
255,"д. Качканар, пр. Белорусский, д. 4 к. 35, 961111",Коммерческое,193.6,2,10,1983,50:60:834764:852,"[{""owner_id"": 223, ""share"": 1.0}]"
256,"д. Ростов-на-Дону, ул. Деповская, д. 307 к. 624, 910245",Квартира,189.8,2,25,2024,23:29:210790:169,"[{""owner_id"": 163, ""share"": 0.32}, {""owner_id"": 232, ""share"": 0.68}]"
257,"д. Великие Луки, пер. Советский, д. 72, 149498",Дом,41.7,3,25,1976,67:49:585854:272,"[{""owner_id"": 161, ""share"": 1.0}]"
258,"п. Бодайбо, пер. Троицкий, д. 28 к. 4/5, 652775",Дом,168.7,5,2,1977,51:28:195643:729,"[{""owner_id"": 47, ""share"": 0.75}, {""owner_id"": 81, ""share"": 0.25}]"
259,"клх Петухово, ш. Белорусское, д. 6 к. 83, 201091",Дом,112.4,3,9,1972,13:61:996114:464,"[{""owner_id"": 183, ""share"": 1.0}]"
260,"с. Грозный, бул. Уральский, д. 6, 937661",Квартира,37.1,1,5,1965,11:17:970708:800,"[{""owner_id"": 282, ""share"": 1.0}]"
261,"с. Асбест, алл. Черняховского, д. 25 к. 704, 776572",Коммерческое,35.1,5,9,1959,12:18:307356:925,"[{""owner_id"": 67, ""share"": 0.4}, {""owner_id"": 102, ""share"": 0.35}, {""owner_id"": 206, ""share"": 0.25}]"
262,"клх Можга, ш. Воронежское, д. 724 стр. 375, 238974",Квартира,182.9,3,4,1955,69:16:276149:947,"[{""owner_id"": 66, ""share"": 1.0}]"
263,"с. Ачхой Мартан, бул. Ватутина, д. 6, 017833",Дом,25.3,4,6,1995,37:33:388339:287,"[{""owner_id"": 203, ""share"": 1.0}]"
264,"клх Териберка, пер. Черняховского, д. 16 к. 9/5, 045069",Квартира,130.5,5,8,1987,73:62:677438:491,"[{""owner_id"": 77, ""share"": 1.0}]"
265,"ст. Пушкинские Горы, пер. Камский, д. 4 к. 5/5, 394640",Дом,44.7,2,21,2017,41:90:941134:557,"[{""owner_id"": 144, ""share"": 1.0}]"
266,"п. Североморск, пр. Центральный, д. 1/2, 886084",Дом,81.9,5,17,1991,59:44:288550:27,"[{""owner_id"": 196, ""share"": 0.48}, {""owner_id"": 184, ""share"": 0.52}]"
267,"д. Катайск, бул. Высотный, д. 936 стр. 3, 061537",Квартира,181.2,3,2,2010,77:55:904092:599,"[{""owner_id"": 113, ""share"": 1.0}]"
268,"п. Красноярск, бул. Гагарина, д. 7, 632514",Коммерческое,30.1,2,19,1999,55:32:284654:243,"[{""owner_id"": 82, ""share"": 0.63}, {""owner_id"": 52, ""share"": 0.15}, {""owner_id"": 127, ""share"": 0.22}]"
269,"г. Ельня, ш. Школьное, д. 51, 175188",Коммерческое,25.1,3,19,2022,28:82:297377:857,"[{""owner_id"": 184, ""share"": 1.0}]"
270,"с. Эльтон, ш. Народное, д. 2 к. 3, 384091",Квартира,61.9,2,1,2017,71:10:447848:940,"[{""owner_id"": 253, ""share"": 0.24}, {""owner_id"": 278, ""share"": 0.12}, {""owner_id"": 159, ""share"": 0.64}]"
271,"п. Неплюевка, пер. Каштановый, д. 6/1, 661863",Дом,149.0,3,2,1952,28:85:838927:940,"[{""owner_id"": 67, ""share"": 1.0}]"
272,"д. Стерлитамак, бул. Ленинградский, д. 97 стр. 7/6, 300730",Коммерческое,174.9,1,12,2000,85:22:452909:310,"[{""owner_id"": 57, ""share"": 1.0}]"
273,"клх Объячево, наб. Карбышева, д. 257 стр. 91, 927788",Коммерческое,190.8,4,21,1990,32:81:827250:911,"[{""owner_id"": 81, ""share"": 1.0}]"
274,"д. Аршан (Бурят.), наб. Высоковольтная, д. 9 стр. 5/1, 042462",Дом,42.9,1,23,2023,60:82:133955:187,"[{""owner_id"": 183, ""share"": 0.4}, {""owner_id"": 115, ""share"": 0.39}, {""owner_id"": 90, ""share"": 0.21}]"
275,"ст. Приозерск, пер. Жданова, д. 574, 004521",Коммерческое,121.8,4,5,1992,19:40:463656:328,"[{""owner_id"": 114, ""share"": 1.0}]"
276,"к. Гагарин, наб. Орджоникидзе, д. 2, 939130",Коммерческое,140.6,3,15,1951,43:36:361662:710,"[{""owner_id"": 46, ""share"": 1.0}]"
277,"ст. Усть-Джегута, ш. Российское, д. 9 стр. 2, 046154",Квартира,149.7,1,13,2006,63:31:534130:505,"[{""owner_id"": 132, ""share"": 1.0}]"
278,"г. Витим, ул. Загородная, д. 1/8 стр. 7, 429831",Дом,162.0,5,21,1978,30:67:177289:819,"[{""owner_id"": 180, ""share"": 0.4}, {""owner_id"": 280, ""share"": 0.6}]"
279,"п. Хатанга, ш. Крайнее, д. 373 стр. 48, 084937",Квартира,33.4,2,13,1970,19:80:197627:347,"[{""owner_id"": 151, ""share"": 0.35}, {""owner_id"": 11, ""share"": 0.65}]"
280,"с. Каспийск, бул. Коминтерна, д. 58 стр. 3, 969443",Коммерческое,25.6,2,20,2005,30:16:206176:340,"[{""owner_id"": 248, ""share"": 1.0}]"
281,"к. Шенкурск, ул. Донская, д. 4/5 к. 39, 320330",Дом,145.5,5,9,1986,48:40:200575:51,"[{""owner_id"": 98, ""share"": 1.0}]"
282,"п. Кежма, ул. Центральная, д. 11 к. 2/6, 722155",Дом,47.6,3,1,2004,21:47:963918:678,"[{""owner_id"": 282, ""share"": 1.0}]"
283,"клх Торжок, наб. Сурикова, д. 42 стр. 6/4, 774604",Квартира,37.5,2,6,1987,20:70:984756:119,"[{""owner_id"": 246, ""share"": 1.0}]"
284,"с. Ершов, ш. Таежное, д. 9/5, 614244",Дом,108.0,3,3,2019,59:33:489043:907,"[{""owner_id"": 204, ""share"": 1.0}]"
285,"ст. Алексин, ш. Ключевое, д. 6/5 к. 47, 764273",Дом,28.0,4,15,1983,38:44:691655:64,"[{""owner_id"": 96, ""share"": 1.0}]"
286,"г. Кисловодск, пр. Серова, д. 98 стр. 51, 841484",Квартира,140.3,5,14,1979,80:17:981639:397,"[{""owner_id"": 50, ""share"": 1.0}]"
287,"г. Хасавюрт, алл. Запорожская, д. 4, 780205",Дом,123.1,2,16,1988,20:60:995420:732,"[{""owner_id"": 215, ""share"": 0.65}, {""owner_id"": 275, ""share"": 0.35}]"
288,"г. Ставрополь, алл. Приозерная, д. 7, 493699",Коммерческое,164.1,5,5,1965,67:32:275284:996,"[{""owner_id"": 293, ""share"": 1.0}]"
289,"с. Солнечногорск, алл. Владимирская, д. 1 стр. 6, 385736",Квартира,27.7,1,22,2005,35:90:255061:855,"[{""owner_id"": 99, ""share"": 1.0}]"
290,"г. Хабаровск, алл. Халтурина, д. 737, 187233",Коммерческое,184.6,1,3,1999,81:60:678870:334,"[{""owner_id"": 164, ""share"": 1.0}]"
291,"г. Ахтубинск, ул. Глинки, д. 849 к. 61, 911498",Квартира,161.6,5,19,2016,63:24:534574:154,"[{""owner_id"": 267, ""share"": 0.83}, {""owner_id"": 235, ""share"": 0.17}]"
292,"с. Кяхта, алл. Лесная, д. 4/7 стр. 2, 893940",Квартира,186.5,5,25,1962,46:78:460572:899,"[{""owner_id"": 299, ""share"": 1.0}]"
293,"к. Семлячики, бул. Тракторный, д. 119 стр. 4, 230233",Коммерческое,107.4,5,16,1954,32:45:522548:148,"[{""owner_id"": 197, ""share"": 1.0}]"
294,"к. Сковородино, бул. Химиков, д. 39, 135462",Квартира,91.2,3,23,1980,16:70:381631:919,"[{""owner_id"": 206, ""share"": 1.0}]"
295,"с. Октябрьское (Челяб.), алл. Грибоедова, д. 782, 123126",Дом,76.0,4,23,1962,39:27:415076:998,"[{""owner_id"": 173, ""share"": 1.0}]"
296,"п. Завьялиха, бул. Ворошилова, д. 3/9 к. 77, 974549",Коммерческое,136.2,2,15,1977,62:72:896386:529,"[{""owner_id"": 165, ""share"": 0.68}, {""owner_id"": 138, ""share"": 0.32}]"
297,"п. Плес, пр. Вавилова, д. 391 к. 238, 692082",Квартира,76.0,5,13,1967,77:82:130354:178,"[{""owner_id"": 29, ""share"": 0.73}, {""owner_id"": 264, ""share"": 0.27}]"
298,"п. Белогорск (Амур.), ш. Уральское, д. 98 стр. 958, 445822",Квартира,64.9,4,2,1996,35:45:486244:844,"[{""owner_id"": 103, ""share"": 1.0}]"
299,"с. Карачаевск, ш. Проточное, д. 882, 681572",Коммерческое,186.2,1,8,1997,72:86:567773:182,"[{""owner_id"": 204, ""share"": 1.0}]"
300,"г. Аршан (Бурят.), ш. Нагорное, д. 601, 911371",Дом,154.8,1,10,1953,59:16:270820:875,"[{""owner_id"": 243, ""share"": 0.38}, {""owner_id"": 283, ""share"": 0.45}, {""owner_id"": 180, ""share"": 0.17}]"
301,"г. Ясный (Оренб.), пер. Заводской, д. 65 стр. 2/9, 442182",Квартира,136.5,2,9,2002,75:12:918207:991,"[{""owner_id"": 110, ""share"": 1.0}]"
302,"с. Троицк (Челяб.), алл. Ягодная, д. 9, 567086",Коммерческое,51.2,1,8,1982,87:49:847362:991,"[{""owner_id"": 5, ""share"": 0.83}, {""owner_id"": 243, ""share"": 0.17}]"
303,"г. Шатой, ул. Лесхозная, д. 66, 158482",Дом,102.6,2,15,1988,96:76:964352:639,"[{""owner_id"": 141, ""share"": 0.82}, {""owner_id"": 217, ""share"": 0.18}]"
304,"д. Горячий Ключ, пр. Учительский, д. 9, 550542",Квартира,112.1,3,18,1986,48:97:213355:494,"[{""owner_id"": 53, ""share"": 1.0}]"
305,"д. Аша, пр. Цветочный, д. 4/4 стр. 9/8, 098221",Коммерческое,78.5,3,9,1988,34:29:642421:784,"[{""owner_id"": 142, ""share"": 1.0}]"
306,"ст. Барнаул, ш. Ветеранов, д. 9, 880442",Коммерческое,92.7,3,22,1967,13:93:621533:303,"[{""owner_id"": 30, ""share"": 1.0}]"
307,"п. Томари, пр. Енисейский, д. 464, 126942",Дом,89.9,1,19,2023,34:53:861842:731,"[{""owner_id"": 215, ""share"": 1.0}]"
308,"к. Ершов, алл. Маркса Карла, д. 95, 314417",Коммерческое,161.3,3,17,1988,31:94:685365:186,"[{""owner_id"": 274, ""share"": 1.0}]"
309,"к. Яхрома, алл. Крылова, д. 5 к. 426, 582430",Квартира,153.4,5,25,1973,97:52:786224:92,"[{""owner_id"": 242, ""share"": 1.0}]"
310,"с. Миасс, ш. Заливное, д. 9 к. 631, 888245",Коммерческое,176.9,4,11,1997,43:84:408334:475,"[{""owner_id"": 115, ""share"": 1.0}]"
311,"д. Бирск, бул. 50 лет Октября, д. 540 стр. 43, 538495",Коммерческое,124.5,5,3,2010,34:74:225636:889,"[{""owner_id"": 241, ""share"": 0.79}, {""owner_id"": 28, ""share"": 0.21}]"
312,"клх Кизел, ш. Кузнечное, д. 819, 180933",Дом,94.4,2,5,1975,53:62:697062:915,"[{""owner_id"": 272, ""share"": 1.0}]"
313,"с. Кашхатау, пр. Энергетиков, д. 70, 119875",Квартира,107.8,2,11,1957,10:67:386814:215,"[{""owner_id"": 235, ""share"": 0.79}, {""owner_id"": 74, ""share"": 0.1}, {""owner_id"": 162, ""share"": 0.11}]"
314,"с. Тарко-Сале, ш. Октябрьское, д. 123 к. 691, 182980",Дом,161.3,1,5,2005,91:64:522988:440,"[{""owner_id"": 87, ""share"": 0.71}, {""owner_id"": 296, ""share"": 0.29}]"
315,"к. Солнечногорск, бул. Машиностроителей, д. 5 стр. 460, 595201",Квартира,180.6,5,7,1952,96:10:757128:752,"[{""owner_id"": 197, ""share"": 0.53}, {""owner_id"": 3, ""share"": 0.3}, {""owner_id"": 20, ""share"": 0.17}]"
316,"ст. Горячинск, бул. Лунный, д. 484 стр. 96, 509263",Дом,43.2,4,17,1989,31:18:963862:47,"[{""owner_id"": 177, ""share"": 1.0}]"
317,"п. Шереметьево, пер. Тенистый, д. 537 стр. 6, 114042",Дом,151.0,5,17,1993,65:97:240288:351,"[{""owner_id"": 149, ""share"": 1.0}]"
318,"ст. Ноябрьск, ул. Энтузиастов, д. 77 стр. 7/1, 126003",Дом,23.4,2,24,1966,37:12:718337:517,"[{""owner_id"": 251, ""share"": 0.23}, {""owner_id"": 184, ""share"": 0.62}, {""owner_id"": 97, ""share"": 0.15}]"
319,"к. Охотск, пер. Целинный, д. 862 к. 253, 345506",Коммерческое,137.1,1,13,1982,78:89:150947:609,"[{""owner_id"": 188, ""share"": 1.0}]"
320,"д. Вуктыл, бул. Водников, д. 9/3 к. 58, 013480",Дом,42.2,3,16,1969,36:98:819050:646,"[{""owner_id"": 56, ""share"": 0.65}, {""owner_id"": 11, ""share"": 0.16}, {""owner_id"": 25, ""share"": 0.19}]"
321,"к. Макушино, пр. Геологический, д. 1/4, 591015",Коммерческое,38.2,5,9,1967,63:23:636435:737,"[{""owner_id"": 216, ""share"": 1.0}]"
322,"д. Барнаул, наб. Ключевая, д. 5 стр. 80, 926999",Квартира,161.3,4,7,1975,43:76:311469:367,"[{""owner_id"": 145, ""share"": 1.0}]"
323,"ст. Майкоп, бул. Иванова, д. 384 стр. 7, 259140",Дом,183.9,4,11,1980,10:11:804258:92,"[{""owner_id"": 152, ""share"": 0.13}, {""owner_id"": 83, ""share"": 0.87}]"
324,"п. Калачинск, алл. Главная, д. 3, 698069",Квартира,150.2,1,9,1979,68:47:376955:476,"[{""owner_id"": 294, ""share"": 0.86}, {""owner_id"": 253, ""share"": 0.05}, {""owner_id"": 77, ""share"": 0.09}]"
325,"п. Пермь, ул. Л.Толстого, д. 1/8 стр. 53, 893595",Квартира,173.4,3,22,1990,64:24:199613:872,"[{""owner_id"": 90, ""share"": 1.0}]"
326,"клх Ухта, ш. Балтийское, д. 256, 996508",Коммерческое,136.5,3,12,2006,89:44:868677:96,"[{""owner_id"": 24, ""share"": 0.78}, {""owner_id"": 5, ""share"": 0.22}]"
327,"д. Новороссийск, бул. Братский, д. 5/2 стр. 7/6, 130876",Квартира,40.5,4,15,1984,59:98:991993:490,"[{""owner_id"": 176, ""share"": 1.0}]"
328,"ст. Калачинск, наб. Луначарского, д. 543 стр. 9/3, 948400",Коммерческое,30.6,2,4,2003,85:71:941235:583,"[{""owner_id"": 86, ""share"": 0.21}, {""owner_id"": 58, ""share"": 0.79}]"
329,"ст. Кизляр, ул. Блюхера, д. 7/2, 168311",Коммерческое,88.4,3,20,1953,97:26:606545:943,"[{""owner_id"": 93, ""share"": 1.0}]"
330,"ст. Ардон, ул. Менделеева, д. 294, 915076",Дом,28.3,3,21,1990,11:96:650311:786,"[{""owner_id"": 211, ""share"": 1.0}]"
331,"ст. Череповец, бул. Морозова, д. 60 к. 54, 777946",Коммерческое,177.2,5,17,1962,65:94:861949:255,"[{""owner_id"": 290, ""share"": 0.88}, {""owner_id"": 115, ""share"": 0.12}]"
332,"клх Северодвинск, бул. Шолохова, д. 3/3, 081776",Квартира,171.0,5,20,1956,11:92:264550:518,"[{""owner_id"": 198, ""share"": 1.0}]"
333,"д. Шахты, ш. Механическое, д. 968, 133373",Дом,77.7,3,9,1956,74:38:677236:659,"[{""owner_id"": 254, ""share"": 0.16}, {""owner_id"": 85, ""share"": 0.84}]"
334,"к. Новороссийка, алл. Краснознаменная, д. 7 стр. 278, 032119",Квартира,102.6,5,15,1961,73:67:431414:122,"[{""owner_id"": 121, ""share"": 1.0}]"
335,"с. Гаврилов-Ям, ш. Челюскинцев, д. 68, 778956",Квартира,168.7,5,20,1988,75:81:316899:671,"[{""owner_id"": 10, ""share"": 0.43}, {""owner_id"": 53, ""share"": 0.31}, {""owner_id"": 207, ""share"": 0.26}]"
336,"п. Северобайкальск, бул. Чапаева, д. 5, 295026",Дом,168.6,2,15,1992,81:89:729094:485,"[{""owner_id"": 175, ""share"": 1.0}]"
337,"ст. Витим, наб. Балтийская, д. 437 к. 2, 781277",Коммерческое,59.9,3,12,1987,80:76:492052:719,"[{""owner_id"": 187, ""share"": 0.19}, {""owner_id"": 232, ""share"": 0.81}]"
338,"г. Алексин, бул. Звездный, д. 9/3, 348629",Дом,45.3,4,4,1982,88:35:296653:124,"[{""owner_id"": 85, ""share"": 1.0}]"
339,"ст. Шереметьево, алл. Кузнецова, д. 48 к. 982, 605397",Дом,39.4,4,2,1965,67:68:790441:604,"[{""owner_id"": 202, ""share"": 0.76}, {""owner_id"": 111, ""share"": 0.11}, {""owner_id"": 235, ""share"": 0.13}]"
340,"ст. Чехов, бул. Панфилова, д. 2/8 стр. 1/7, 368205",Дом,171.0,4,17,1972,98:84:282085:749,"[{""owner_id"": 69, ""share"": 0.52}, {""owner_id"": 256, ""share"": 0.11}, {""owner_id"": 3, ""share"": 0.37}]"
341,"д. Добрянка, бул. Ярославский, д. 63, 216505",Коммерческое,178.9,5,13,2003,87:98:899407:255,"[{""owner_id"": 54, ""share"": 0.63}, {""owner_id"": 199, ""share"": 0.37}]"
342,"клх Кунгур, пер. Кавказский, д. 282 к. 75, 908984",Дом,101.5,2,5,2002,87:99:884782:525,"[{""owner_id"": 176, ""share"": 1.0}]"
343,"д. Шумиха, наб. Юбилейная, д. 12 стр. 1, 869484",Дом,148.1,5,21,1977,35:36:754487:732,"[{""owner_id"": 281, ""share"": 1.0}]"
344,"д. Нарьян-Мар, пер. Песчаный, д. 845 стр. 1/8, 523867",Коммерческое,43.9,2,17,2019,98:91:438041:728,"[{""owner_id"": 177, ""share"": 1.0}]"
345,"п. Улан-Удэ, алл. Заводская, д. 5/7 стр. 891, 987682",Коммерческое,106.5,5,22,2003,96:78:399817:899,"[{""owner_id"": 181, ""share"": 1.0}]"
346,"клх Елатьма, наб. Привольная, д. 1/9, 806235",Дом,46.2,1,7,1984,30:46:816586:257,"[{""owner_id"": 7, ""share"": 0.19}, {""owner_id"": 268, ""share"": 0.81}]"
347,"г. Новочеркасск, пр. Толстого, д. 1/1 к. 924, 554428",Коммерческое,161.2,2,25,2019,14:55:953568:464,"[{""owner_id"": 32, ""share"": 1.0}]"
348,"д. Партизанск, алл. К.Маркса, д. 3, 289463",Квартира,153.6,5,13,1980,75:99:401610:710,"[{""owner_id"": 288, ""share"": 1.0}]"
349,"к. Пинега, наб. Российская, д. 3, 725629",Дом,95.0,3,18,1956,11:42:312952:636,"[{""owner_id"": 196, ""share"": 1.0}]"
350,"д. Кижи, алл. Кутузова, д. 2 стр. 28, 550784",Коммерческое,147.7,3,25,2019,87:35:913848:743,"[{""owner_id"": 227, ""share"": 0.83}, {""owner_id"": 116, ""share"": 0.17}]"
351,"г. Шуя, ш. Советов, д. 5 к. 40, 918911",Квартира,152.3,1,13,1955,64:45:683635:271,"[{""owner_id"": 151, ""share"": 0.89}, {""owner_id"": 230, ""share"": 0.09}, {""owner_id"": 91, ""share"": 0.02}]"
352,"п. Барнаул, пер. Орджоникидзе, д. 14, 536415",Дом,21.0,4,23,1969,15:29:438302:612,"[{""owner_id"": 300, ""share"": 1.0}]"
353,"г. Муром, алл. Загородная, д. 62 к. 86, 367500",Дом,162.2,5,12,1959,50:77:330646:980,"[{""owner_id"": 155, ""share"": 1.0}]"
354,"клх Вуктыл, ш. Базарное, д. 852 к. 9/2, 809270",Коммерческое,48.7,5,18,2001,21:54:331942:905,"[{""owner_id"": 35, ""share"": 1.0}]"
355,"п. Кисловодск, пер. Тельмана, д. 3/3 стр. 9, 605986",Дом,84.9,2,25,2017,70:81:963699:771,"[{""owner_id"": 170, ""share"": 1.0}]"
356,"к. Макушино, алл. 8-е Марта, д. 9, 485965",Коммерческое,185.3,2,2,1991,58:24:504620:263,"[{""owner_id"": 5, ""share"": 0.46}, {""owner_id"": 59, ""share"": 0.41}, {""owner_id"": 178, ""share"": 0.13}]"
357,"п. Тверь, наб. Стадионная, д. 165, 000245",Квартира,184.0,3,17,2015,67:72:145981:304,"[{""owner_id"": 145, ""share"": 1.0}]"
358,"г. Ковров, бул. Пограничный, д. 6, 305570",Квартира,50.1,5,18,1950,90:18:321020:687,"[{""owner_id"": 99, ""share"": 0.51}, {""owner_id"": 165, ""share"": 0.49}]"
359,"д. Истра, ул. Дальневосточная, д. 5 стр. 7/8, 736774",Коммерческое,96.4,1,7,2018,99:65:777968:837,"[{""owner_id"": 110, ""share"": 1.0}]"
360,"клх Азов (Рост.), наб. Славянская, д. 5, 183281",Квартира,29.8,3,18,1959,83:39:371212:418,"[{""owner_id"": 79, ""share"": 0.67}, {""owner_id"": 13, ""share"": 0.1}, {""owner_id"": 236, ""share"": 0.23}]"
361,"ст. Благовещенск (Амур.), алл. Волгоградская, д. 249, 601836",Дом,77.0,4,22,1965,78:10:772580:738,"[{""owner_id"": 208, ""share"": 1.0}]"
362,"п. Карабудахкент, пер. Надежды, д. 1 стр. 77, 722577",Квартира,146.2,1,12,2014,23:47:925115:703,"[{""owner_id"": 300, ""share"": 1.0}]"
363,"клх Новый Уренгой, бул. Физкультурный, д. 3/7 стр. 19, 291876",Дом,157.7,4,13,2000,94:13:597012:161,"[{""owner_id"": 45, ""share"": 1.0}]"
364,"с. Белорецк, ш. Саратовское, д. 2/8 стр. 81, 373992",Коммерческое,90.4,5,10,1968,48:96:933635:888,"[{""owner_id"": 70, ""share"": 1.0}]"
365,"п. Змеиногорск, пер. Прибрежный, д. 3/2, 591438",Коммерческое,45.4,1,1,2023,86:60:663244:561,"[{""owner_id"": 192, ""share"": 0.54}, {""owner_id"": 6, ""share"": 0.46}]"
366,"п. Мураши, наб. Владимирская, д. 95 стр. 5, 177732",Коммерческое,45.6,2,8,1982,34:24:290167:688,"[{""owner_id"": 157, ""share"": 0.27}, {""owner_id"": 108, ""share"": 0.58}, {""owner_id"": 177, ""share"": 0.15}]"
367,"п. Андреаполь, наб. Лесхозная, д. 8 стр. 827, 292712",Коммерческое,33.2,1,9,1962,35:84:610856:975,"[{""owner_id"": 28, ""share"": 0.47}, {""owner_id"": 282, ""share"": 0.53}]"
368,"п. Шамары, ш. Машиностроителей, д. 637 к. 99, 220125",Коммерческое,138.0,1,10,1958,34:50:609462:462,"[{""owner_id"": 66, ""share"": 1.0}]"
369,"д. Калач, ул. Красная, д. 9, 978889",Коммерческое,125.2,5,19,1996,50:64:276831:5,"[{""owner_id"": 157, ""share"": 1.0}]"
370,"клх Касимов, бул. Жуковского, д. 3 стр. 78, 030443",Коммерческое,153.2,4,9,1996,27:96:868577:340,"[{""owner_id"": 114, ""share"": 1.0}]"
371,"ст. Хоста, наб. Рябиновая, д. 2/6 стр. 23, 292950",Дом,107.7,1,6,1960,45:27:664781:202,"[{""owner_id"": 237, ""share"": 0.39}, {""owner_id"": 229, ""share"": 0.61}]"
372,"п. Сосногорск, бул. Тупиковый, д. 193 к. 8/2, 971912",Коммерческое,33.6,1,17,1953,84:84:524814:788,"[{""owner_id"": 40, ""share"": 1.0}]"
373,"клх Ейск, алл. Пограничная, д. 22 стр. 7/8, 019111",Коммерческое,66.9,5,16,1969,56:60:334153:913,"[{""owner_id"": 19, ""share"": 1.0}]"
374,"г. Губкинский, ул. Киевская, д. 672, 339304",Коммерческое,36.3,3,17,1951,94:40:989173:988,"[{""owner_id"": 149, ""share"": 0.47}, {""owner_id"": 69, ""share"": 0.53}]"
375,"с. Нарьян-Мар, пер. Полевой, д. 57, 242114",Квартира,52.2,5,22,1968,71:55:142383:225,"[{""owner_id"": 85, ""share"": 0.21}, {""owner_id"": 264, ""share"": 0.79}]"
376,"клх Туапсе, наб. Октябрьская, д. 3, 946209",Квартира,27.7,2,17,1996,59:70:576728:903,"[{""owner_id"": 119, ""share"": 0.31}, {""owner_id"": 33, ""share"": 0.69}]"
377,"к. Оленек, ш. Молодежное, д. 69, 970137",Квартира,146.7,5,21,1985,43:84:670792:584,"[{""owner_id"": 166, ""share"": 1.0}]"
378,"к. Калевала, наб. Энгельса, д. 7 к. 3, 041202",Дом,125.8,1,17,1982,58:38:641455:416,"[{""owner_id"": 194, ""share"": 1.0}]"
379,"с. Горячинск, пер. Алтайский, д. 4/9 к. 5/1, 990716",Дом,162.7,5,1,2014,27:66:273650:236,"[{""owner_id"": 177, ""share"": 1.0}]"
380,"с. Киренск, алл. Детская, д. 555, 034030",Квартира,47.0,2,12,1965,94:39:534753:831,"[{""owner_id"": 144, ""share"": 1.0}]"
381,"д. Новый Уренгой, пр. Микрорайон, д. 7 к. 2, 795546",Дом,141.5,4,7,1970,92:62:123536:250,"[{""owner_id"": 59, ""share"": 1.0}]"
382,"к. Сочи, алл. Ударная, д. 7/1, 080181",Коммерческое,49.0,5,2,2023,28:17:274421:265,"[{""owner_id"": 294, ""share"": 1.0}]"
383,"г. Прохладный, алл. Сиреневая, д. 7/5 стр. 772, 808157",Коммерческое,139.1,3,3,1977,67:87:594312:889,"[{""owner_id"": 265, ""share"": 0.61}, {""owner_id"": 208, ""share"": 0.27}, {""owner_id"": 289, ""share"": 0.12}]"
384,"д. Архангельск, ул. Володарского, д. 471 стр. 267, 073510",Дом,128.2,5,25,1973,89:94:635617:271,"[{""owner_id"": 113, ""share"": 1.0}]"
385,"д. Кыштым, наб. Крымская, д. 3/2 к. 10, 258857",Дом,127.4,1,8,1998,59:26:213844:17,"[{""owner_id"": 176, ""share"": 1.0}]"
386,"д. Краснокамск, ул. Логовая, д. 680 к. 73, 746662",Коммерческое,95.6,2,20,1962,32:70:744610:615,"[{""owner_id"": 259, ""share"": 1.0}]"
387,"д. Богучар, алл. Придорожная, д. 1/1 стр. 746, 145901",Коммерческое,155.4,1,16,1966,87:79:967719:2,"[{""owner_id"": 273, ""share"": 1.0}]"
388,"с. Чехов, бул. Павлика Морозова, д. 140 к. 4, 949053",Квартира,145.6,4,8,2011,58:54:717661:824,"[{""owner_id"": 221, ""share"": 0.44}, {""owner_id"": 268, ""share"": 0.56}]"
389,"ст. Змеиногорск, наб. О.Кошевого, д. 894, 987313",Дом,105.9,2,3,1986,86:79:528497:264,"[{""owner_id"": 295, ""share"": 0.44}, {""owner_id"": 51, ""share"": 0.56}]"
390,"клх Горно-Алтайск, пр. Гагарина, д. 266 к. 83, 077943",Коммерческое,114.1,5,1,1998,93:36:821175:824,"[{""owner_id"": 4, ""share"": 1.0}]"
391,"ст. Мостовской, алл. Союзная, д. 2 к. 1/2, 262037",Квартира,47.9,5,9,1983,78:64:692099:375,"[{""owner_id"": 186, ""share"": 1.0}]"
392,"ст. Ульяновск, ул. Родниковая, д. 1/3, 418135",Квартира,94.4,5,16,1972,57:81:681866:496,"[{""owner_id"": 204, ""share"": 1.0}]"
393,"г. Великий Устюг, ул. Толбухина, д. 9 к. 718, 482217",Коммерческое,82.0,4,24,1967,94:25:884140:236,"[{""owner_id"": 158, ""share"": 1.0}]"
394,"д. Саранск, наб. Бабушкина, д. 182 стр. 148, 757123",Квартира,58.6,4,11,2020,88:99:817817:724,"[{""owner_id"": 83, ""share"": 1.0}]"
395,"к. Шали, ул. Промышленная, д. 88 к. 3, 882769",Коммерческое,21.0,1,5,2010,86:65:192422:66,"[{""owner_id"": 200, ""share"": 1.0}]"
396,"к. Балашиха, наб. Курганная, д. 741 стр. 156, 832748",Квартира,129.6,4,13,2016,46:86:160254:969,"[{""owner_id"": 190, ""share"": 1.0}]"
397,"клх Октябрьское (Хант.), ул. Бажова, д. 3/5 к. 596, 683496",Квартира,173.1,5,10,1974,14:86:635348:529,"[{""owner_id"": 90, ""share"": 0.45}, {""owner_id"": 254, ""share"": 0.55}]"
398,"с. Тихорецк, алл. Ключевая, д. 1/3 к. 2, 225936",Коммерческое,26.5,2,21,1950,30:21:389340:799,"[{""owner_id"": 87, ""share"": 1.0}]"
399,"г. Тверь, ш. Минское, д. 9 стр. 9/9, 906246",Дом,125.5,5,1,1958,21:80:398313:744,"[{""owner_id"": 203, ""share"": 1.0}]"
400,"ст. Тулпан, пер. Профсоюзный, д. 1/2 к. 441, 935923",Дом,60.7,2,15,2001,83:10:373791:180,"[{""owner_id"": 299, ""share"": 0.38}, {""owner_id"": 179, ""share"": 0.62}]"
401,"п. Катайск, бул. Макаренко, д. 452 к. 945, 650254",Коммерческое,33.0,3,11,1964,75:42:664032:833,"[{""owner_id"": 55, ""share"": 1.0}]"
402,"п. Кузнецк, пер. Фестивальный, д. 6/1, 440966",Коммерческое,107.1,2,25,1993,68:97:583100:919,"[{""owner_id"": 129, ""share"": 0.87}, {""owner_id"": 227, ""share"": 0.13}]"
403,"ст. Стерлитамак, ул. Подлесная, д. 9 стр. 188, 782141",Дом,40.9,1,13,1978,96:99:341099:820,"[{""owner_id"": 15, ""share"": 1.0}]"
404,"с. Томпа, ш. Космическое, д. 3, 648698",Коммерческое,116.4,3,8,1986,21:61:806423:767,"[{""owner_id"": 181, ""share"": 1.0}]"
405,"клх Южно-Сахалинск, пр. Труда, д. 5/2 стр. 6, 501192",Дом,76.5,2,19,1984,33:97:299405:511,"[{""owner_id"": 39, ""share"": 0.85}, {""owner_id"": 284, ""share"": 0.15}]"
406,"ст. Сосногорск, алл. Революции, д. 251 к. 2/7, 398863",Квартира,61.3,2,20,1995,29:23:225701:943,"[{""owner_id"": 121, ""share"": 0.8}, {""owner_id"": 124, ""share"": 0.2}]"
407,"п. Приморско-Ахтарск, бул. Кедровый, д. 589 стр. 6, 670009",Коммерческое,21.2,5,2,2011,57:89:430738:505,"[{""owner_id"": 253, ""share"": 1.0}]"
408,"к. Тутаев, наб. Республиканская, д. 746 стр. 9, 676056",Коммерческое,70.4,2,25,2023,26:16:651273:819,"[{""owner_id"": 295, ""share"": 0.49}, {""owner_id"": 141, ""share"": 0.51}]"
409,"г. Минусинск, пр. Жданова, д. 8/6 к. 597, 338906",Квартира,110.4,4,22,1972,68:25:832162:531,"[{""owner_id"": 277, ""share"": 1.0}]"
410,"ст. Нязепетровск, ш. Черемушки, д. 3/3 к. 6/5, 165995",Квартира,141.3,4,19,1962,51:56:742544:883,"[{""owner_id"": 5, ""share"": 1.0}]"
411,"г. Рославль, ш. Техническое, д. 522, 767746",Дом,62.7,4,20,1993,56:33:622998:435,"[{""owner_id"": 281, ""share"": 1.0}]"
412,"д. Бомнак, ул. Крайняя, д. 224 к. 558, 008017",Дом,173.8,3,15,1973,83:26:703867:703,"[{""owner_id"": 191, ""share"": 1.0}]"
413,"клх Тавда, алл. Привольная, д. 629 стр. 1/5, 264261",Коммерческое,68.6,2,18,2005,58:35:252928:820,"[{""owner_id"": 52, ""share"": 1.0}]"
414,"п. Белорецк, пер. Ударный, д. 67, 659680",Коммерческое,113.1,3,16,1988,42:81:695417:49,"[{""owner_id"": 77, ""share"": 0.24}, {""owner_id"": 243, ""share"": 0.38}, {""owner_id"": 5, ""share"": 0.38}]"
415,"ст. Звенигород, наб. Ягодная, д. 3 к. 983, 454006",Квартира,58.8,3,16,1962,67:52:372387:370,"[{""owner_id"": 84, ""share"": 1.0}]"
416,"клх Нурлат, бул. Павлика Морозова, д. 3 к. 21, 327489",Дом,81.9,4,4,1994,96:87:308622:591,"[{""owner_id"": 286, ""share"": 1.0}]"
417,"с. Самара, ш. Ясное, д. 34 к. 3/1, 886217",Квартира,196.3,3,12,1991,96:75:611174:794,"[{""owner_id"": 276, ""share"": 1.0}]"
418,"клх Уренгой, ш. Ленинградское, д. 4/1, 530693",Дом,133.7,2,6,1993,63:90:742053:586,"[{""owner_id"": 41, ""share"": 0.59}, {""owner_id"": 196, ""share"": 0.41}]"
419,"к. Якутск, наб. Угловая, д. 1, 181677",Квартира,49.2,2,11,1990,93:47:844943:274,"[{""owner_id"": 37, ""share"": 1.0}]"
420,"ст. Рославль, алл. Медицинская, д. 5 к. 5, 608385",Дом,179.8,3,24,2016,67:62:275445:189,"[{""owner_id"": 203, ""share"": 1.0}]"
421,"д. Южноуральск, пр. Загородный, д. 253, 878848",Коммерческое,146.1,1,7,1971,60:23:200195:66,"[{""owner_id"": 65, ""share"": 0.63}, {""owner_id"": 121, ""share"": 0.37}]"
422,"д. Тулун, ш. Поселковое, д. 845 стр. 27, 724630",Квартира,38.7,5,5,1960,93:59:424398:235,"[{""owner_id"": 243, ""share"": 0.12}, {""owner_id"": 281, ""share"": 0.37}, {""owner_id"": 28, ""share"": 0.51}]"
423,"клх Краснодар, наб. Шахтерская, д. 48, 283391",Дом,132.8,2,17,1971,13:14:795781:366,"[{""owner_id"": 146, ""share"": 1.0}]"
424,"клх Усть-Баргузин, ул. Ветеранов, д. 49 к. 98, 983221",Коммерческое,188.3,5,15,1967,99:79:285636:606,"[{""owner_id"": 167, ""share"": 0.47}, {""owner_id"": 244, ""share"": 0.53}]"
425,"г. Кабанск, алл. Центральная, д. 718, 661008",Дом,114.2,5,10,1994,71:79:338161:825,"[{""owner_id"": 289, ""share"": 1.0}]"
426,"г. Александров Гай, ул. Калинина, д. 75 стр. 440, 531980",Дом,94.2,2,10,1951,10:76:954987:777,"[{""owner_id"": 158, ""share"": 1.0}]"
427,"с. Усть-Джегута, алл. Омская, д. 5 стр. 6/2, 030762",Квартира,143.8,4,25,2011,48:11:903072:441,"[{""owner_id"": 177, ""share"": 0.48}, {""owner_id"": 147, ""share"": 0.52}]"
428,"ст. Лабытнанги, бул. Воровского, д. 2/6 к. 706, 641106",Квартира,94.1,5,14,2000,41:30:849666:755,"[{""owner_id"": 119, ""share"": 0.54}, {""owner_id"": 4, ""share"": 0.46}]"
429,"ст. Верхнее Пенжино, ул. Хвойная, д. 1 стр. 9/6, 699497",Квартира,67.3,4,21,1980,76:88:946803:711,"[{""owner_id"": 194, ""share"": 1.0}]"
430,"к. Учалы, пр. Маркса Карла, д. 94, 689996",Коммерческое,153.7,3,14,1974,18:33:243260:297,"[{""owner_id"": 146, ""share"": 1.0}]"
431,"д. Сибай, пер. Астраханский, д. 9/9, 787915",Коммерческое,101.5,5,16,1974,51:12:259540:51,"[{""owner_id"": 234, ""share"": 1.0}]"
432,"ст. Чокурдах, алл. Гастелло, д. 2/8 к. 1/4, 012657",Дом,150.9,2,3,1969,11:73:327738:351,"[{""owner_id"": 12, ""share"": 0.33}, {""owner_id"": 96, ""share"": 0.16}, {""owner_id"": 53, ""share"": 0.51}]"
433,"г. Махачкала, пер. Садовый, д. 3, 755851",Дом,103.5,1,11,1960,28:17:379449:795,"[{""owner_id"": 256, ""share"": 1.0}]"
434,"с. Любань, ул. Придорожная, д. 5/7 стр. 21, 419962",Дом,52.7,3,13,1951,25:41:503489:790,"[{""owner_id"": 279, ""share"": 1.0}]"
435,"п. Жигулевск, пер. Беляева, д. 9, 704542",Коммерческое,139.9,2,16,1999,97:49:438756:163,"[{""owner_id"": 127, ""share"": 0.47}, {""owner_id"": 18, ""share"": 0.35}, {""owner_id"": 102, ""share"": 0.18}]"
436,"клх Магадан, пр. Трудовой, д. 7 к. 30, 570900",Коммерческое,188.7,5,4,1982,71:91:413328:204,"[{""owner_id"": 22, ""share"": 1.0}]"
437,"п. Неплюевка, наб. Цветочная, д. 3/4 к. 84, 828954",Коммерческое,59.2,1,8,2005,51:11:275490:814,"[{""owner_id"": 27, ""share"": 1.0}]"
438,"г. Ступино, бул. Казанский, д. 84 стр. 31, 168507",Дом,162.0,1,2,2024,98:70:821846:611,"[{""owner_id"": 62, ""share"": 1.0}]"
439,"ст. Нижний Новгород, бул. Привокзальный, д. 619 стр. 892, 152610",Квартира,48.4,1,22,1993,90:17:162678:365,"[{""owner_id"": 46, ""share"": 1.0}]"
440,"ст. Сарапул, ш. Геологическое, д. 10, 169500",Квартира,42.6,2,11,2021,92:54:944654:914,"[{""owner_id"": 275, ""share"": 1.0}]"
441,"клх Верхнее Пенжино, пер. Труда, д. 5 стр. 92, 698936",Квартира,144.1,3,24,1967,42:15:608876:724,"[{""owner_id"": 99, ""share"": 1.0}]"
442,"д. Красноуфимск, пр. Пограничный, д. 2/9 к. 47, 813104",Коммерческое,145.5,2,19,1973,79:54:439403:750,"[{""owner_id"": 151, ""share"": 1.0}]"
443,"п. Нижний Тагил, бул. Шолохова, д. 22 стр. 5/4, 748352",Квартира,32.4,2,15,1987,43:79:484945:465,"[{""owner_id"": 284, ""share"": 1.0}]"
444,"с. Кущевская, пр. Партизанский, д. 8/4 стр. 54, 842536",Дом,152.1,1,20,1996,89:40:436272:739,"[{""owner_id"": 260, ""share"": 1.0}]"
445,"п. Ульяновск, наб. Герцена, д. 577, 657955",Дом,54.2,4,25,2020,29:88:396882:331,"[{""owner_id"": 276, ""share"": 1.0}]"
446,"с. Ессентуки, пер. Казанский, д. 990, 510740",Квартира,37.3,1,2,1966,32:14:311895:110,"[{""owner_id"": 165, ""share"": 1.0}]"
447,"г. Великий Устюг, пр. 9 мая, д. 2/1, 547602",Квартира,122.8,4,22,2012,77:89:835381:605,"[{""owner_id"": 51, ""share"": 1.0}]"
448,"с. Юровск, алл. Островского, д. 2 к. 20, 275950",Квартира,129.1,1,1,1976,93:72:972496:82,"[{""owner_id"": 188, ""share"": 1.0}]"
449,"ст. Пушкинские Горы, ул. Крестьянская, д. 2 стр. 4, 594795",Дом,120.4,4,12,1957,88:44:654718:42,"[{""owner_id"": 32, ""share"": 1.0}]"
450,"к. Балашиха, ул. Азина, д. 82 к. 659, 310064",Коммерческое,37.5,2,18,1999,34:34:651752:673,"[{""owner_id"": 156, ""share"": 0.86}, {""owner_id"": 40, ""share"": 0.14}]"
451,"ст. Александровск, бул. Стадионный, д. 345, 360894",Коммерческое,154.9,4,24,1963,91:83:475351:691,"[{""owner_id"": 92, ""share"": 1.0}]"
452,"д. Малгобек, пер. Мирный, д. 35 стр. 6, 595205",Квартира,50.0,2,18,2001,74:53:789472:162,"[{""owner_id"": 219, ""share"": 1.0}]"
453,"г. Бийск, пр. Полевой, д. 769 к. 718, 740378",Дом,182.4,5,11,1997,62:91:551504:846,"[{""owner_id"": 227, ""share"": 1.0}]"
454,"клх Кежма, алл. Рязанская, д. 6 стр. 10, 776255",Дом,157.8,3,12,2007,67:60:100205:744,"[{""owner_id"": 124, ""share"": 0.54}, {""owner_id"": 289, ""share"": 0.46}]"
455,"п. Яшкуль, ш. Заречное, д. 773 к. 5, 624178",Коммерческое,22.9,2,10,1950,48:38:325258:877,"[{""owner_id"": 146, ""share"": 1.0}]"
456,"д. Биробиджан, алл. Кавказская, д. 53 стр. 2, 009060",Коммерческое,112.0,5,19,1969,22:14:582732:365,"[{""owner_id"": 142, ""share"": 1.0}]"
457,"г. Ульяновск, пр. Прудный, д. 30 стр. 716, 329045",Дом,180.1,2,8,1982,48:21:698199:410,"[{""owner_id"": 136, ""share"": 1.0}]"
458,"ст. Уэлен, ш. Курчатова, д. 3 стр. 729, 260336",Коммерческое,33.9,3,16,1972,72:98:836989:591,"[{""owner_id"": 112, ""share"": 1.0}]"
459,"клх Диксон, наб. 40 лет Октября, д. 51 к. 8/1, 071152",Коммерческое,88.7,1,25,1992,54:65:536754:953,"[{""owner_id"": 49, ""share"": 0.13}, {""owner_id"": 154, ""share"": 0.87}]"
460,"п. Калач-на-Дону, бул. Радужный, д. 292 к. 9, 897059",Коммерческое,88.8,3,17,1955,50:79:692354:154,"[{""owner_id"": 117, ""share"": 0.61}, {""owner_id"": 6, ""share"": 0.39}]"
461,"г. Вязьма, пр. Ульяновский, д. 6 стр. 895, 216880",Квартира,29.1,4,15,2023,74:21:332873:443,"[{""owner_id"": 114, ""share"": 1.0}]"
462,"п. Сосьва (Хант.), ш. Полтавское, д. 386 стр. 3/9, 540182",Квартира,43.8,1,16,2023,16:80:518582:269,"[{""owner_id"": 202, ""share"": 1.0}]"
463,"п. Абинск, алл. Горняцкая, д. 9, 322041",Дом,159.3,2,25,1967,71:81:307731:500,"[{""owner_id"": 257, ""share"": 1.0}]"
464,"с. Лабытнанги, алл. Украинская, д. 616 стр. 30, 203042",Квартира,121.0,5,8,1981,19:44:914504:441,"[{""owner_id"": 293, ""share"": 1.0}]"
465,"п. Санкт-Петербург, наб. Полярная, д. 435 к. 228, 506463",Квартира,40.3,4,14,1996,54:34:436318:353,"[{""owner_id"": 295, ""share"": 1.0}]"
466,"к. Шали, ш. Щетинкина, д. 8/6, 919832",Дом,50.5,3,20,2006,89:28:561859:46,"[{""owner_id"": 13, ""share"": 1.0}]"
467,"клх Жиганск, ул. Карбышева, д. 774 стр. 929, 104384",Квартира,40.2,1,8,1968,46:11:459946:711,"[{""owner_id"": 120, ""share"": 0.22}, {""owner_id"": 103, ""share"": 0.52}, {""owner_id"": 192, ""share"": 0.26}]"
468,"с. Жигулевск, пер. Широкий, д. 71, 080568",Дом,57.6,5,7,1976,79:76:886804:265,"[{""owner_id"": 157, ""share"": 0.48}, {""owner_id"": 231, ""share"": 0.52}]"
469,"ст. Палана, ш. Дорожное, д. 4/7 к. 91, 550494",Коммерческое,145.8,1,13,2024,94:77:145594:262,"[{""owner_id"": 73, ""share"": 1.0}]"
470,"клх Ахтубинск, пр. Черняховского, д. 44 к. 79, 049627",Квартира,162.1,5,9,1956,69:93:108739:69,"[{""owner_id"": 146, ""share"": 1.0}]"
471,"ст. Звенигород, алл. Блюхера, д. 314 к. 4, 258542",Коммерческое,173.4,3,4,1952,47:93:505298:237,"[{""owner_id"": 139, ""share"": 1.0}]"
472,"д. Сызрань, бул. Гражданский, д. 3/4 стр. 2, 433853",Квартира,53.6,5,15,2021,12:15:359409:945,"[{""owner_id"": 261, ""share"": 0.49}, {""owner_id"": 51, ""share"": 0.29}, {""owner_id"": 162, ""share"": 0.22}]"
473,"с. Казань, бул. Коммунальный, д. 9 к. 43, 303115",Дом,90.8,2,1,1994,97:55:472640:641,"[{""owner_id"": 171, ""share"": 1.0}]"
474,"г. Одинцово, наб. Павлова, д. 7/5 стр. 6/8, 945353",Дом,166.1,3,13,1953,81:45:336540:156,"[{""owner_id"": 257, ""share"": 1.0}]"
475,"д. Солнечногорск, пр. 50 лет Победы, д. 2/7 к. 34, 254508",Коммерческое,44.7,4,17,1979,63:40:700727:157,"[{""owner_id"": 202, ""share"": 1.0}]"
476,"ст. Южно-Сахалинск, пер. Базарный, д. 3 к. 3/6, 966472",Коммерческое,79.3,5,5,1976,93:27:709254:555,"[{""owner_id"": 160, ""share"": 1.0}]"
477,"г. Серафимович, алл. Ставропольская, д. 2 к. 3, 140489",Квартира,75.6,5,5,2005,28:93:692282:940,"[{""owner_id"": 104, ""share"": 1.0}]"
478,"ст. Ербогачен, ш. Огородное, д. 6 к. 4, 796373",Коммерческое,115.9,1,6,1990,28:13:902616:327,"[{""owner_id"": 35, ""share"": 1.0}]"
479,"г. Тында, бул. Индустриальный, д. 9/6 стр. 22, 587184",Коммерческое,188.1,3,5,1974,23:26:293720:27,"[{""owner_id"": 212, ""share"": 0.34}, {""owner_id"": 211, ""share"": 0.66}]"
480,"п. Новый Уренгой, наб. Смоленская, д. 9/8 стр. 5, 017320",Коммерческое,61.8,1,12,1960,98:71:240600:515,"[{""owner_id"": 137, ""share"": 0.59}, {""owner_id"": 291, ""share"": 0.41}]"
481,"клх Дубна, пр. Леонова, д. 3/7, 563370",Дом,108.5,2,6,1974,38:14:528436:783,"[{""owner_id"": 241, ""share"": 0.25}, {""owner_id"": 192, ""share"": 0.75}]"
482,"г. Баргузин, бул. 70 лет Октября, д. 97 стр. 605, 002722",Квартира,31.9,4,20,2012,98:51:579770:909,"[{""owner_id"": 139, ""share"": 0.69}, {""owner_id"": 212, ""share"": 0.21}, {""owner_id"": 114, ""share"": 0.1}]"
483,"п. Моршанск, бул. Омский, д. 560 к. 29, 681720",Квартира,129.4,4,24,1990,60:88:878533:586,"[{""owner_id"": 208, ""share"": 1.0}]"
484,"п. Октябрьское (Челяб.), наб. 60 лет Октября, д. 78 стр. 30, 352595",Коммерческое,177.6,1,17,1963,67:68:967182:899,"[{""owner_id"": 269, ""share"": 1.0}]"
485,"п. Зеленогорск (Ленин.), бул. Азина, д. 49, 045735",Коммерческое,116.8,1,18,1999,76:90:151690:195,"[{""owner_id"": 126, ""share"": 1.0}]"
486,"п. Ревда (Сверд.), ул. 9 мая, д. 1 к. 7/2, 870826",Дом,159.3,3,15,1971,64:47:742917:942,"[{""owner_id"": 204, ""share"": 1.0}]"
487,"ст. Териберка, ш. Крымское, д. 1/2, 712615",Квартира,103.4,4,3,2014,24:33:916558:600,"[{""owner_id"": 265, ""share"": 1.0}]"
488,"клх Верхний Уфалей, бул. Демьяна Бедного, д. 9 к. 7, 357422",Квартира,101.7,2,15,1961,42:51:825318:665,"[{""owner_id"": 280, ""share"": 0.43}, {""owner_id"": 70, ""share"": 0.27}, {""owner_id"": 202, ""share"": 0.3}]"
489,"клх Елабуга, алл. Тукая, д. 519, 258922",Дом,35.4,4,24,2015,88:30:497073:564,"[{""owner_id"": 84, ""share"": 0.19}, {""owner_id"": 64, ""share"": 0.37}, {""owner_id"": 47, ""share"": 0.44}]"
490,"с. Березники, алл. Энтузиастов, д. 15 к. 4/8, 118046",Дом,121.8,2,6,1968,32:16:539963:316,"[{""owner_id"": 88, ""share"": 1.0}]"
491,"г. Клин, пр. Островского, д. 58, 852013",Дом,132.8,1,5,1975,10:89:902575:260,"[{""owner_id"": 229, ""share"": 1.0}]"
492,"с. Березники, ш. Лунное, д. 4/8 стр. 7, 547055",Дом,117.8,1,20,2013,40:37:717466:676,"[{""owner_id"": 255, ""share"": 1.0}]"
493,"ст. Ивдель, бул. Ленинградский, д. 2 стр. 5/2, 955640",Дом,34.3,5,1,1981,80:45:749871:644,"[{""owner_id"": 210, ""share"": 1.0}]"
494,"д. Каспийск, наб. Курчатова, д. 6/3 стр. 370, 426201",Квартира,53.3,1,21,1994,14:28:995304:34,"[{""owner_id"": 107, ""share"": 1.0}]"
495,"п. Верхний Уфалей, наб. Уральская, д. 49, 967897",Дом,185.7,1,4,2003,32:30:804737:292,"[{""owner_id"": 153, ""share"": 1.0}]"
496,"д. Троицк (Моск.), алл. Уральская, д. 86 к. 4/2, 276075",Коммерческое,51.9,4,24,2024,56:14:197649:787,"[{""owner_id"": 294, ""share"": 1.0}]"
497,"к. Ковров, алл. Некрасова, д. 21 стр. 6/5, 089523",Дом,167.6,4,18,1958,47:70:241081:125,"[{""owner_id"": 189, ""share"": 1.0}]"
498,"г. Ершов, пер. Верхний, д. 1, 764497",Дом,114.9,5,7,1976,88:17:214611:586,"[{""owner_id"": 141, ""share"": 1.0}]"
499,"г. Белогорск (Амур.), алл. Фадеева, д. 7/5, 867649",Коммерческое,128.9,3,14,1990,43:77:703080:639,"[{""owner_id"": 271, ""share"": 0.49}, {""owner_id"": 45, ""share"": 0.51}]"
500,"к. Верхний Уфалей, ш. Проезжее, д. 6/7 к. 145, 635537",Коммерческое,121.3,5,24,2013,73:33:739008:239,"[{""owner_id"": 67, ""share"": 1.0}]"
501,"д. Орск, пер. Кузнецова, д. 87 к. 619, 963530",Дом,132.6,1,24,1976,88:63:534153:47,"[{""owner_id"": 100, ""share"": 0.19}, {""owner_id"": 1, ""share"": 0.81}]"
502,"клх Алапаевск, наб. Котовского, д. 328, 636431",Коммерческое,58.2,2,23,1986,42:18:422722:308,"[{""owner_id"": 287, ""share"": 1.0}]"
503,"д. Юровск, ш. Щорса, д. 6/5 стр. 7/4, 544344",Квартира,40.5,3,11,2000,82:88:130531:853,"[{""owner_id"": 166, ""share"": 1.0}]"
504,"д. Городовиковск, пер. Владимирский, д. 54 к. 5/4, 640882",Дом,186.0,4,16,1954,92:27:604884:160,"[{""owner_id"": 170, ""share"": 1.0}]"
505,"г. Чусовой, пер. Фадеева, д. 89 к. 99, 132109",Дом,103.2,4,24,1957,76:48:692385:743,"[{""owner_id"": 275, ""share"": 1.0}]"
506,"г. Иваново, ш. Серафимовича, д. 575, 346557",Коммерческое,23.4,5,22,1992,55:18:256557:288,"[{""owner_id"": 285, ""share"": 1.0}]"
507,"г. Костомукша, ул. Дружбы, д. 7, 612939",Квартира,122.8,4,6,1964,49:50:844321:33,"[{""owner_id"": 174, ""share"": 0.6}, {""owner_id"": 193, ""share"": 0.4}]"
508,"п. Новомичуринск, алл. Донская, д. 67, 589635",Дом,177.9,3,15,1988,37:77:417003:180,"[{""owner_id"": 45, ""share"": 1.0}]"
509,"г. Усть-Катав, ш. Крестьянское, д. 51 к. 9, 345663",Квартира,184.4,4,17,1953,71:74:261562:195,"[{""owner_id"": 20, ""share"": 1.0}]"
510,"п. Уренгой, наб. Сосновая, д. 34 стр. 36, 033474",Коммерческое,177.3,3,25,1991,28:22:962074:961,"[{""owner_id"": 248, ""share"": 1.0}]"
511,"с. Каргополь, ул. Степная, д. 4 стр. 7/9, 800852",Квартира,150.4,4,13,2016,24:10:426087:955,"[{""owner_id"": 68, ""share"": 1.0}]"
512,"ст. Череповец, алл. Родниковая, д. 8/5, 743043",Дом,104.0,1,4,2016,94:49:123572:592,"[{""owner_id"": 45, ""share"": 1.0}]"
513,"п. Киренск, ш. Осипенко, д. 922 стр. 7, 527523",Дом,69.8,3,25,2006,95:25:385898:153,"[{""owner_id"": 108, ""share"": 0.26}, {""owner_id"": 165, ""share"": 0.74}]"
514,"д. Елабуга, ш. Астраханское, д. 320 стр. 7, 330303",Квартира,192.5,5,17,1963,36:79:467335:563,"[{""owner_id"": 59, ""share"": 1.0}]"
515,"с. Снежногорск (Мурм.), ул. Красногвардейская, д. 8/6 к. 376, 995530",Коммерческое,164.7,5,8,1971,19:49:743052:914,"[{""owner_id"": 73, ""share"": 1.0}]"
516,"клх Обнинск, ул. Крестьянская, д. 93, 723034",Квартира,43.4,4,22,1956,23:59:156413:89,"[{""owner_id"": 228, ""share"": 1.0}]"
517,"п. Ульяновск, пр. Профсоюзный, д. 317 к. 52, 507648",Коммерческое,127.3,5,21,2007,88:55:427617:341,"[{""owner_id"": 92, ""share"": 1.0}]"
518,"ст. Сортавала, бул. Мая 1, д. 5 стр. 2/3, 065838",Дом,122.2,1,23,2009,22:68:425469:701,"[{""owner_id"": 274, ""share"": 0.88}, {""owner_id"": 41, ""share"": 0.12}]"
519,"ст. Соболево, алл. Лазо, д. 622 стр. 795, 844823",Дом,61.7,2,5,1983,56:60:292259:717,"[{""owner_id"": 239, ""share"": 1.0}]"
520,"клх Калач, пер. Магистральный, д. 31 к. 210, 803586",Квартира,83.3,4,6,1986,54:87:702593:131,"[{""owner_id"": 170, ""share"": 0.49}, {""owner_id"": 167, ""share"": 0.12}, {""owner_id"": 233, ""share"": 0.39}]"
521,"с. Белгород, наб. Парковая, д. 39 к. 2, 529517",Коммерческое,163.4,3,18,1959,48:78:583367:411,"[{""owner_id"": 208, ""share"": 1.0}]"
522,"п. Дмитров, пр. Краснопартизанский, д. 93 к. 3/3, 542216",Коммерческое,63.9,2,16,1999,18:53:318353:834,"[{""owner_id"": 123, ""share"": 1.0}]"
523,"клх Москва, ш. Троицкое, д. 4/4 стр. 483, 447048",Дом,122.1,3,18,1980,32:94:802131:80,"[{""owner_id"": 221, ""share"": 1.0}]"
524,"г. Курумкан, ул. Ольховая, д. 759 к. 2, 377492",Коммерческое,103.3,5,4,2006,32:49:525505:72,"[{""owner_id"": 294, ""share"": 0.19}, {""owner_id"": 250, ""share"": 0.81}]"
525,"клх Карталы, пер. Крупской, д. 4/5, 777522",Дом,109.0,1,3,1977,27:84:891662:652,"[{""owner_id"": 195, ""share"": 1.0}]"
526,"г. Пышма, пр. Тимирязева, д. 329, 592294",Дом,90.2,5,15,1975,36:97:431976:307,"[{""owner_id"": 76, ""share"": 0.46}, {""owner_id"": 77, ""share"": 0.54}]"
527,"к. Приморско-Ахтарск, ул. Деповская, д. 6, 363726",Дом,149.2,3,3,2024,11:88:635218:414,"[{""owner_id"": 156, ""share"": 1.0}]"
528,"клх Ирбит, пр. Репина, д. 954, 851331",Коммерческое,194.2,1,23,2021,55:24:395917:887,"[{""owner_id"": 151, ""share"": 0.4}, {""owner_id"": 32, ""share"": 0.6}]"
529,"г. Кущевская, пер. Вольный, д. 21 стр. 22, 154815",Коммерческое,126.2,3,23,1998,61:58:556329:559,"[{""owner_id"": 222, ""share"": 1.0}]"
530,"д. Пушкинские Горы, пр. Короленко, д. 1 стр. 991, 488064",Дом,45.0,5,13,1996,63:29:402483:894,"[{""owner_id"": 89, ""share"": 1.0}]"
531,"ст. Абакан, ш. Коминтерна, д. 99, 787358",Квартира,32.9,1,5,2012,94:65:242371:87,"[{""owner_id"": 69, ""share"": 1.0}]"
532,"клх Петушки, ш. Маркса, д. 2 к. 3/4, 219262",Дом,180.8,5,14,1973,68:75:544726:566,"[{""owner_id"": 213, ""share"": 1.0}]"
533,"п. Ишим, наб. Вишневая, д. 542, 147891",Дом,128.8,5,16,1980,74:44:530794:949,"[{""owner_id"": 197, ""share"": 0.28}, {""owner_id"": 182, ""share"": 0.72}]"
534,"ст. Эльтон, алл. Плеханова, д. 9 к. 428, 800366",Квартира,196.1,5,16,1997,24:84:604923:985,"[{""owner_id"": 188, ""share"": 1.0}]"
535,"клх Звенигород, ул. Овражная, д. 353 стр. 4, 310505",Коммерческое,151.6,3,15,2016,20:76:739705:91,"[{""owner_id"": 73, ""share"": 1.0}]"
536,"п. Туруханск, пер. Молодежный, д. 9, 692990",Коммерческое,134.1,5,10,1956,53:78:916344:12,"[{""owner_id"": 40, ""share"": 1.0}]"
537,"с. Тында, пр. Ростовский, д. 7/4 стр. 92, 896337",Дом,123.3,3,14,1995,47:47:275645:37,"[{""owner_id"": 263, ""share"": 1.0}]"
538,"д. Нарым, ул. Шолохова, д. 86 стр. 936, 101328",Коммерческое,161.3,3,2,2010,84:31:700687:53,"[{""owner_id"": 156, ""share"": 1.0}]"
539,"п. Шумиха, ул. Тукая, д. 35, 918750",Коммерческое,132.4,3,16,1960,26:74:180595:872,"[{""owner_id"": 150, ""share"": 1.0}]"
540,"с. Орехово-Зуево, бул. Московский, д. 6/3, 881431",Дом,174.4,1,24,1964,87:32:720515:757,"[{""owner_id"": 130, ""share"": 0.59}, {""owner_id"": 68, ""share"": 0.41}]"
541,"д. Саянск, ул. Бажова, д. 759 к. 58, 720266",Дом,165.4,3,23,1980,72:33:938202:541,"[{""owner_id"": 229, ""share"": 1.0}]"
542,"д. Оренбург, пер. 40 лет Октября, д. 825, 498992",Коммерческое,188.1,2,16,2002,59:40:792759:451,"[{""owner_id"": 176, ""share"": 0.87}, {""owner_id"": 44, ""share"": 0.13}]"
543,"п. Шахты, бул. Демьяна Бедного, д. 374 к. 874, 966941",Дом,29.8,3,25,1964,16:31:586554:409,"[{""owner_id"": 86, ""share"": 0.56}, {""owner_id"": 108, ""share"": 0.44}]"
544,"с. Апатиты, ул. Л.Толстого, д. 8 стр. 9, 994641",Коммерческое,190.7,5,8,1998,97:59:597643:269,"[{""owner_id"": 244, ""share"": 1.0}]"
545,"г. Приморско-Ахтарск, алл. Рязанская, д. 9/6 к. 96, 649804",Квартира,72.0,4,13,1990,77:97:143010:100,"[{""owner_id"": 223, ""share"": 1.0}]"
546,"г. Шенкурск, бул. Льва Толстого, д. 252, 262706",Квартира,66.0,5,13,2009,96:40:869983:689,"[{""owner_id"": 182, ""share"": 0.37}, {""owner_id"": 222, ""share"": 0.21}, {""owner_id"": 140, ""share"": 0.42}]"
547,"д. Шахты, ул. Республиканская, д. 9, 581308",Коммерческое,80.7,2,11,2020,11:96:108887:852,"[{""owner_id"": 100, ""share"": 1.0}]"
548,"к. Старый Оскол, бул. Азовский, д. 5/2 к. 7, 027500",Квартира,114.5,4,12,1978,46:42:302458:35,"[{""owner_id"": 211, ""share"": 1.0}]"
549,"г. Нефтегорск (Самар.), пр. Шолохова, д. 699 стр. 60, 418493",Квартира,188.9,2,20,1965,25:21:998043:620,"[{""owner_id"": 48, ""share"": 1.0}]"
550,"с. Северодвинск, ул. Р.Люксембург, д. 1/2 стр. 3/7, 013651",Квартира,181.3,2,9,1987,69:94:179392:655,"[{""owner_id"": 290, ""share"": 1.0}]"
551,"к. Магнитогорск, наб. Украинская, д. 567 к. 7, 524062",Дом,144.6,3,9,1970,19:45:914854:64,"[{""owner_id"": 142, ""share"": 1.0}]"
552,"к. Нефедова, пер. Спартака, д. 3/6 стр. 3/3, 190533",Квартира,66.5,3,6,2006,18:72:310416:625,"[{""owner_id"": 171, ""share"": 1.0}]"
553,"ст. Артем, пр. Дзержинского, д. 7/5 к. 6, 939652",Квартира,45.9,4,7,1963,66:43:208304:36,"[{""owner_id"": 252, ""share"": 1.0}]"
554,"д. Кимры, ул. Восьмого Марта, д. 624 к. 4, 290036",Коммерческое,65.1,4,1,2013,29:93:771440:1,"[{""owner_id"": 293, ""share"": 1.0}]"
555,"г. Борзя, ш. Дорожников, д. 82 стр. 3/7, 883958",Коммерческое,20.7,4,16,2005,61:18:666366:232,"[{""owner_id"": 200, ""share"": 0.66}, {""owner_id"": 137, ""share"": 0.23}, {""owner_id"": 78, ""share"": 0.11}]"
556,"д. Мураши, алл. Маяковского, д. 35, 161857",Квартира,122.1,3,11,1988,61:17:762985:982,"[{""owner_id"": 247, ""share"": 1.0}]"
557,"с. Бомнак, наб. Интернациональная, д. 254, 774473",Коммерческое,173.6,3,3,2008,47:92:312987:181,"[{""owner_id"": 188, ""share"": 1.0}]"
558,"к. Диксон, пр. Калинина, д. 671 к. 8, 449305",Коммерческое,54.4,4,4,1995,72:20:763529:449,"[{""owner_id"": 197, ""share"": 1.0}]"
559,"д. Тырныауз, алл. Омская, д. 783, 133892",Коммерческое,199.3,2,16,1999,18:79:774661:316,"[{""owner_id"": 72, ""share"": 0.25}, {""owner_id"": 19, ""share"": 0.75}]"
560,"д. Соль-Илецк, пер. Ягодный, д. 852 стр. 4/1, 862515",Квартира,26.7,1,11,1955,61:25:321960:827,"[{""owner_id"": 231, ""share"": 1.0}]"
561,"с. Мелеуз, наб. Сахалинская, д. 4 к. 9/1, 891567",Дом,189.2,5,5,2024,39:19:138669:754,"[{""owner_id"": 268, ""share"": 1.0}]"
562,"к. Омск, ул. Серафимовича, д. 7/3 к. 2/5, 362999",Дом,183.3,5,2,1981,99:93:236878:15,"[{""owner_id"": 10, ""share"": 1.0}]"
563,"клх Руза, наб. Интернациональная, д. 101 к. 8, 908352",Дом,167.7,1,15,1971,85:18:957525:838,"[{""owner_id"": 26, ""share"": 1.0}]"
564,"д. Шадринск, бул. Ленина, д. 3 к. 7, 884997",Коммерческое,163.9,2,3,1975,64:53:950941:856,"[{""owner_id"": 255, ""share"": 1.0}]"
565,"п. Ухта, ш. Папанина, д. 6 к. 28, 221797",Квартира,77.9,2,25,1955,85:32:451801:65,"[{""owner_id"": 206, ""share"": 0.88}, {""owner_id"": 167, ""share"": 0.05}, {""owner_id"": 62, ""share"": 0.07}]"
566,"к. Тура, алл. Микрорайон, д. 670 стр. 5, 143672",Дом,50.2,3,18,1971,66:41:710256:42,"[{""owner_id"": 73, ""share"": 1.0}]"
567,"г. Истра, алл. Красноармейская, д. 98 стр. 7, 193978",Квартира,22.8,4,3,1950,10:32:193471:724,"[{""owner_id"": 193, ""share"": 1.0}]"
568,"к. Чебаркуль, ш. Солнечное, д. 81, 905528",Дом,144.8,4,23,1966,36:28:770905:278,"[{""owner_id"": 146, ""share"": 1.0}]"
569,"д. Каргополь, ш. Королева, д. 958, 705326",Квартира,188.9,5,23,1954,86:33:852037:512,"[{""owner_id"": 211, ""share"": 1.0}]"
570,"г. Чайковский, ш. Российское, д. 338, 425513",Коммерческое,168.8,3,12,2003,10:81:347085:197,"[{""owner_id"": 46, ""share"": 1.0}]"
571,"д. Бийск, пер. Чернышевского, д. 181 стр. 6, 243736",Квартира,131.4,5,17,1978,69:90:791354:214,"[{""owner_id"": 272, ""share"": 1.0}]"
572,"клх Тутаев, алл. Воровского, д. 3/8 к. 935, 933539",Квартира,163.4,4,16,1972,30:95:145209:56,"[{""owner_id"": 100, ""share"": 1.0}]"
573,"клх Нальчик, наб. Парижской Коммуны, д. 854 стр. 61, 639792",Квартира,98.2,3,20,2008,15:23:876383:54,"[{""owner_id"": 146, ""share"": 1.0}]"
574,"ст. Гатчина, пр. Ленина, д. 16, 837727",Квартира,149.9,5,19,1991,63:35:883377:694,"[{""owner_id"": 91, ""share"": 0.49}, {""owner_id"": 81, ""share"": 0.14}, {""owner_id"": 15, ""share"": 0.37}]"
575,"д. Шадринск, ш. Циолковского, д. 1/6 к. 34, 644161",Квартира,62.7,4,7,1998,38:19:593869:600,"[{""owner_id"": 118, ""share"": 0.36}, {""owner_id"": 57, ""share"": 0.64}]"
576,"д. Славгород, бул. Логовой, д. 9 к. 7, 051038",Квартира,58.9,5,15,1972,59:57:243030:469,"[{""owner_id"": 224, ""share"": 1.0}]"
577,"с. Качканар, наб. Волгоградская, д. 7/4, 281444",Квартира,25.8,5,2,1985,27:24:993021:477,"[{""owner_id"": 184, ""share"": 0.26}, {""owner_id"": 139, ""share"": 0.74}]"
578,"д. Чегем, пер. Крупской, д. 70, 676490",Дом,59.6,3,20,1970,91:88:278190:592,"[{""owner_id"": 88, ""share"": 1.0}]"
579,"д. Уварово, пер. Смирнова, д. 6 к. 2, 587271",Квартира,126.5,4,9,1951,64:41:359870:336,"[{""owner_id"": 118, ""share"": 0.79}, {""owner_id"": 45, ""share"": 0.1}, {""owner_id"": 211, ""share"": 0.11}]"
580,"п. Анива, пр. Виноградный, д. 164 стр. 44, 873877",Коммерческое,190.3,5,1,2003,15:15:593515:752,"[{""owner_id"": 114, ""share"": 1.0}]"
581,"клх Кировск (Ленин.), пр. Дальневосточный, д. 8/1, 130909",Дом,165.7,1,15,2013,40:20:685616:772,"[{""owner_id"": 18, ""share"": 0.52}, {""owner_id"": 218, ""share"": 0.48}]"
582,"п. Тобольск, ш. Маркса Карла, д. 328 стр. 3/6, 204123",Квартира,43.9,3,8,1961,12:71:801534:313,"[{""owner_id"": 209, ""share"": 1.0}]"
583,"клх Новомичуринск, пр. Элеваторный, д. 244 к. 507, 932453",Коммерческое,154.5,1,15,2009,27:61:293929:809,"[{""owner_id"": 236, ""share"": 1.0}]"
584,"д. Старый Оскол, пер. Некрасова, д. 522 стр. 1/9, 264963",Квартира,89.3,3,17,1954,47:64:889460:277,"[{""owner_id"": 238, ""share"": 0.79}, {""owner_id"": 1, ""share"": 0.21}]"
585,"к. Быково (метеост.), ш. Победы, д. 52 к. 343, 118900",Коммерческое,163.0,1,20,1992,17:75:807424:373,"[{""owner_id"": 278, ""share"": 1.0}]"
586,"с. Тула, ул. Революции, д. 80 к. 728, 202009",Коммерческое,27.4,3,6,2021,18:81:843793:793,"[{""owner_id"": 57, ""share"": 0.39}, {""owner_id"": 197, ""share"": 0.61}]"
587,"с. Псков, алл. Ленинская, д. 4 стр. 9/1, 577950",Квартира,117.1,4,24,2024,99:36:889759:763,"[{""owner_id"": 172, ""share"": 1.0}]"
588,"с. Корсаков, наб. Первомайская, д. 873, 307221",Коммерческое,142.4,3,2,1958,57:54:574386:498,"[{""owner_id"": 165, ""share"": 0.82}, {""owner_id"": 181, ""share"": 0.18}]"
589,"д. Оленек, ул. Дорожников, д. 367 стр. 11, 546171",Дом,147.8,5,10,2007,89:57:938759:690,"[{""owner_id"": 63, ""share"": 1.0}]"
590,"с. Азов (Рост.), наб. Фрунзе, д. 16 к. 53, 225216",Квартира,71.9,1,4,1971,45:24:830943:152,"[{""owner_id"": 34, ""share"": 0.17}, {""owner_id"": 97, ""share"": 0.35}, {""owner_id"": 235, ""share"": 0.48}]"
591,"к. Иркутск, пер. Просторный, д. 520, 772690",Коммерческое,191.4,1,10,2003,97:79:238440:486,"[{""owner_id"": 105, ""share"": 1.0}]"
592,"с. Якша, наб. Мирная, д. 82 к. 2/8, 802455",Коммерческое,136.0,3,7,1958,12:39:975505:971,"[{""owner_id"": 228, ""share"": 1.0}]"
593,"с. Ахтубинск, ул. Веселая, д. 258, 686498",Дом,124.2,3,16,2017,80:66:580255:312,"[{""owner_id"": 172, ""share"": 1.0}]"
594,"с. Усть-Кулом, ш. 60 лет СССР, д. 83 к. 1/1, 474083",Квартира,162.1,2,16,1997,46:16:255544:362,"[{""owner_id"": 157, ""share"": 1.0}]"
595,"д. Выборг, ул. Папанина, д. 3 стр. 164, 698369",Коммерческое,186.3,5,10,1973,32:98:798724:814,"[{""owner_id"": 86, ""share"": 1.0}]"
596,"ст. Мурманск, наб. Угольная, д. 5/8, 821398",Квартира,27.4,3,19,1966,66:43:487629:189,"[{""owner_id"": 122, ""share"": 1.0}]"
597,"к. Рыльск, алл. Зеленая, д. 31, 720550",Коммерческое,77.0,3,5,1997,67:79:270495:547,"[{""owner_id"": 18, ""share"": 1.0}]"
598,"г. Биробиджан, ул. Достоевского, д. 74, 391900",Дом,187.6,2,15,1990,29:10:874368:560,"[{""owner_id"": 13, ""share"": 1.0}]"
599,"к. Глазов, ш. Центральное, д. 791 к. 33, 379897",Коммерческое,140.0,5,24,2006,53:98:217771:750,"[{""owner_id"": 170, ""share"": 0.82}, {""owner_id"": 152, ""share"": 0.08}, {""owner_id"": 243, ""share"": 0.1}]"
600,"г. Урай, наб. Чкалова, д. 886 стр. 7, 000998",Квартира,142.0,1,10,1953,61:89:981723:226,"[{""owner_id"": 21, ""share"": 1.0}]"
601,"п. Рязань, ул. Владимирская, д. 2/2, 519854",Дом,29.9,2,19,2017,38:45:305222:24,"[{""owner_id"": 48, ""share"": 1.0}]"
602,"ст. Хужир, алл. Пролетарская, д. 14 к. 653, 466075",Коммерческое,140.9,1,17,2000,34:72:433193:618,"[{""owner_id"": 229, ""share"": 1.0}]"
603,"к. Черемхово, наб. Черемушки, д. 8/3 стр. 910, 402818",Коммерческое,85.0,2,23,2004,57:59:490941:13,"[{""owner_id"": 29, ""share"": 1.0}]"
604,"клх Кизел, пр. Рязанский, д. 326 стр. 985, 745273",Дом,196.0,5,3,1977,66:63:942725:454,"[{""owner_id"": 180, ""share"": 1.0}]"
605,"с. Мирный, алл. Чайковского, д. 1/1, 129182",Коммерческое,181.4,2,19,1961,28:36:417960:487,"[{""owner_id"": 218, ""share"": 1.0}]"
606,"д. Гатчина, пр. Ленинский, д. 65 стр. 246, 079230",Дом,35.9,4,21,1984,63:32:682813:474,"[{""owner_id"": 269, ""share"": 0.85}, {""owner_id"": 172, ""share"": 0.07}, {""owner_id"": 34, ""share"": 0.08}]"
607,"с. Апшеронск, ул. Полярная, д. 38, 101232",Дом,72.1,4,2,1988,84:48:618101:573,"[{""owner_id"": 71, ""share"": 0.25}, {""owner_id"": 103, ""share"": 0.75}]"
608,"к. Верхний Уфалей, ул. Путевая, д. 1, 665344",Квартира,67.3,4,4,1986,63:32:615780:929,"[{""owner_id"": 115, ""share"": 0.73}, {""owner_id"": 14, ""share"": 0.27}]"
609,"к. Ижевск, пр. Маркса Карла, д. 74, 191530",Квартира,41.5,3,16,1958,86:56:709291:493,"[{""owner_id"": 126, ""share"": 1.0}]"
610,"клх Якша, бул. Некрасова, д. 3/5, 586176",Коммерческое,143.5,1,12,2015,83:12:986340:266,"[{""owner_id"": 133, ""share"": 1.0}]"
611,"к. Вологда, бул. Подлесный, д. 3/7 стр. 1/9, 665622",Квартира,77.5,2,12,1970,16:44:478707:430,"[{""owner_id"": 30, ""share"": 1.0}]"
612,"д. Саратов, ш. Щербакова, д. 5 к. 8/2, 903500",Квартира,72.2,5,21,1959,75:34:903673:644,"[{""owner_id"": 183, ""share"": 1.0}]"
613,"ст. Тихвин, пер. Клары Цеткин, д. 3 к. 63, 340466",Коммерческое,155.5,5,11,1990,97:48:384645:702,"[{""owner_id"": 49, ""share"": 1.0}]"
614,"п. Верхнее Пенжино, ш. Седова, д. 6 к. 55, 064411",Квартира,116.2,3,5,1951,27:76:395087:382,"[{""owner_id"": 186, ""share"": 1.0}]"
615,"ст. Каменск-Уральский, пер. Тихий, д. 47 стр. 563, 594882",Квартира,38.4,2,17,1978,34:81:743226:707,"[{""owner_id"": 211, ""share"": 0.84}, {""owner_id"": 175, ""share"": 0.16}]"
616,"д. Пятигорск, ул. Черемушки, д. 5/1 стр. 2, 021254",Коммерческое,156.1,1,14,2008,19:24:958620:135,"[{""owner_id"": 270, ""share"": 0.67}, {""owner_id"": 273, ""share"": 0.33}]"
617,"г. Кажим, ш. Красноармейское, д. 560, 037218",Дом,180.2,5,17,1993,32:48:130156:763,"[{""owner_id"": 246, ""share"": 0.65}, {""owner_id"": 179, ""share"": 0.12}, {""owner_id"": 160, ""share"": 0.23}]"
618,"г. Канск, ул. Проезжая, д. 997, 114003",Квартира,143.8,3,5,1976,26:20:545440:708,"[{""owner_id"": 114, ""share"": 0.79}, {""owner_id"": 66, ""share"": 0.21}]"
619,"ст. Гдов, ул. Минина, д. 997, 016259",Дом,156.3,1,7,1963,14:94:638421:608,"[{""owner_id"": 58, ""share"": 0.12}, {""owner_id"": 40, ""share"": 0.88}]"
620,"г. Черемхово, наб. Ульянова, д. 6 стр. 411, 535821",Дом,27.8,3,22,1951,22:25:731024:211,"[{""owner_id"": 61, ""share"": 1.0}]"
621,"п. Усть-Ордынский, бул. Сурикова, д. 872 стр. 237, 160881",Квартира,140.7,1,3,1968,45:84:464733:361,"[{""owner_id"": 103, ""share"": 1.0}]"
622,"п. Канск, пер. Серова, д. 8 стр. 2/9, 753076",Коммерческое,130.3,5,19,1958,22:84:900319:15,"[{""owner_id"": 257, ""share"": 1.0}]"
623,"п. Луга, ул. Осипенко, д. 8 стр. 502, 323622",Дом,50.9,5,1,1962,37:74:992649:725,"[{""owner_id"": 99, ""share"": 1.0}]"
624,"д. Ачинск, пер. Кошевого, д. 8 к. 7, 067516",Дом,141.2,1,6,1995,58:64:324682:527,"[{""owner_id"": 95, ""share"": 1.0}]"
625,"д. Ноглики, бул. Морской, д. 250 стр. 5/3, 107033",Дом,42.3,1,17,1967,73:56:838963:296,"[{""owner_id"": 58, ""share"": 1.0}]"
626,"ст. Троицк (Моск.), ш. Депутатское, д. 4 к. 498, 484813",Квартира,79.1,1,13,1986,68:86:871934:320,"[{""owner_id"": 21, ""share"": 1.0}]"
627,"к. Воткинск, пр. Линейный, д. 153 стр. 61, 675864",Квартира,119.7,3,14,1974,18:70:812120:377,"[{""owner_id"": 228, ""share"": 1.0}]"
628,"п. Эльтон, алл. Гоголя, д. 610 к. 814, 427896",Коммерческое,38.9,4,17,1960,25:28:513989:411,"[{""owner_id"": 252, ""share"": 1.0}]"
629,"с. Котельнич, наб. Ломоносова, д. 228 стр. 8/6, 239597",Коммерческое,186.6,2,3,1996,35:53:309991:610,"[{""owner_id"": 53, ""share"": 1.0}]"
630,"к. Кропоткин (Краснод.), пр. Трудовой, д. 3/4, 024465",Дом,150.5,3,25,2024,85:44:893041:809,"[{""owner_id"": 207, ""share"": 0.29}, {""owner_id"": 63, ""share"": 0.71}]"
631,"ст. Славянск-на-Кубани, алл. Подгорная, д. 2 к. 2/1, 308715",Коммерческое,191.0,4,17,1985,28:68:213284:126,"[{""owner_id"": 205, ""share"": 0.48}, {""owner_id"": 183, ""share"": 0.52}]"
632,"ст. Ставрополь, бул. Угловой, д. 1/4 стр. 575, 802741",Квартира,133.1,2,1,1962,16:18:622332:695,"[{""owner_id"": 255, ""share"": 1.0}]"
633,"клх Сибай, алл. Пархоменко, д. 329 стр. 5, 862728",Дом,128.8,3,5,1988,89:89:201013:779,"[{""owner_id"": 92, ""share"": 1.0}]"
634,"с. Пушкино (Моск.), наб. Геологическая, д. 476 к. 27, 538676",Дом,162.7,2,10,2013,72:74:374375:556,"[{""owner_id"": 267, ""share"": 1.0}]"
635,"д. Гремячинск (Перм.), пер. Автомобилистов, д. 1/7, 488693",Коммерческое,23.2,1,14,1965,59:67:429839:874,"[{""owner_id"": 277, ""share"": 1.0}]"
636,"клх Наро-Фоминск, ш. Белорусское, д. 1 к. 1, 739615",Квартира,25.9,5,22,1988,31:72:551601:138,"[{""owner_id"": 236, ""share"": 1.0}]"
637,"к. Алдан, алл. Космонавтов, д. 8/1 к. 9/8, 554261",Дом,157.5,5,22,2012,94:80:818666:553,"[{""owner_id"": 200, ""share"": 1.0}]"
638,"ст. Тулпан, алл. Байкальская, д. 4/7 к. 47, 022271",Коммерческое,173.8,5,2,2000,43:73:719755:995,"[{""owner_id"": 244, ""share"": 1.0}]"
639,"ст. Слюдянка, бул. Пожарского, д. 2/8 к. 162, 298514",Дом,77.7,1,19,1955,26:56:465823:829,"[{""owner_id"": 181, ""share"": 1.0}]"
640,"д. Усть-Калманка, ул. Грибоедова, д. 71, 392202",Дом,82.1,3,14,1994,17:94:356092:254,"[{""owner_id"": 14, ""share"": 0.4}, {""owner_id"": 175, ""share"": 0.6}]"
641,"г. Курган, бул. Розы Люксембург, д. 8, 068017",Коммерческое,35.3,1,10,1964,53:31:120669:552,"[{""owner_id"": 160, ""share"": 1.0}]"
642,"п. Валдай, алл. Подстанция, д. 150 к. 4, 267244",Коммерческое,175.4,5,17,2003,44:12:829765:481,"[{""owner_id"": 236, ""share"": 1.0}]"
643,"ст. Гаврилов-Ям, алл. Медицинская, д. 7/4 к. 183, 540259",Дом,122.7,3,19,1962,72:22:824423:692,"[{""owner_id"": 163, ""share"": 1.0}]"
644,"клх Шелехов, бул. Хвойный, д. 37, 281291",Коммерческое,166.1,3,6,1988,56:65:311559:509,"[{""owner_id"": 255, ""share"": 1.0}]"
645,"к. Барнаул, ш. Карла Либкнехта, д. 726 к. 7/6, 728453",Коммерческое,58.5,3,2,1988,83:61:943687:232,"[{""owner_id"": 39, ""share"": 1.0}]"
646,"д. Ялуторовск, наб. Солнечная, д. 1/9 стр. 5/1, 756020",Коммерческое,172.0,1,19,1993,44:18:693943:821,"[{""owner_id"": 48, ""share"": 1.0}]"
647,"д. Златоуст, ул. Мелиоративная, д. 61 стр. 4, 448909",Квартира,82.5,1,21,1988,74:48:553939:680,"[{""owner_id"": 219, ""share"": 1.0}]"
648,"п. Нижневартовск, алл. Ясная, д. 30, 510255",Дом,92.4,5,17,2008,95:80:289373:903,"[{""owner_id"": 103, ""share"": 1.0}]"
649,"г. Южно-Сахалинск, алл. Энтузиастов, д. 6 стр. 936, 393332",Квартира,123.8,2,22,2009,44:91:658596:829,"[{""owner_id"": 265, ""share"": 1.0}]"
650,"с. Жуковский, пр. Шахтерский, д. 680 стр. 31, 412907",Коммерческое,150.8,1,17,1975,56:69:254920:247,"[{""owner_id"": 223, ""share"": 1.0}]"
651,"к. Щельяюр, пер. Элеваторный, д. 412 стр. 7/4, 774954",Дом,93.8,1,21,1976,62:44:963723:294,"[{""owner_id"": 154, ""share"": 1.0}]"
652,"г. Оренбург, пер. Флотский, д. 893, 919226",Коммерческое,128.2,4,8,1964,29:34:129049:252,"[{""owner_id"": 132, ""share"": 1.0}]"
653,"клх Киржач, пр. Жуковского, д. 36, 475286",Дом,96.0,1,7,1970,44:27:130557:265,"[{""owner_id"": 159, ""share"": 0.49}, {""owner_id"": 238, ""share"": 0.51}]"
654,"г. Дмитров, ул. Шмидта, д. 173 стр. 399, 524032",Квартира,193.5,4,1,1957,20:50:730823:306,"[{""owner_id"": 143, ""share"": 0.24}, {""owner_id"": 282, ""share"": 0.76}]"
655,"к. Кириши, наб. Комсомольская, д. 2 к. 4, 191430",Квартира,91.4,2,8,1964,83:74:226502:535,"[{""owner_id"": 209, ""share"": 0.64}, {""owner_id"": 187, ""share"": 0.36}]"
656,"д. Славгород, алл. Лесхозная, д. 3/6 стр. 3, 188345",Коммерческое,65.3,1,8,1965,50:52:972765:599,"[{""owner_id"": 298, ""share"": 1.0}]"
657,"клх Алагир, ш. Клары Цеткин, д. 1/7 к. 7/4, 329986",Квартира,51.5,3,15,2002,42:85:158642:503,"[{""owner_id"": 121, ""share"": 0.27}, {""owner_id"": 217, ""share"": 0.73}]"
658,"к. Южно-Курильск, алл. 50 лет Октября, д. 9/5, 408585",Дом,118.2,4,22,1981,45:28:480631:487,"[{""owner_id"": 58, ""share"": 1.0}]"
659,"ст. Москва, пр. Дружба, д. 36 стр. 784, 292543",Коммерческое,26.3,1,23,1980,42:80:503376:317,"[{""owner_id"": 158, ""share"": 0.62}, {""owner_id"": 11, ""share"": 0.38}]"
660,"г. Черняховск, алл. Аэродромная, д. 62 к. 318, 624728",Коммерческое,42.0,2,15,1999,11:60:367946:309,"[{""owner_id"": 186, ""share"": 1.0}]"
661,"д. Красногорск (Моск.), бул. Полевой, д. 422, 149929",Дом,57.9,2,15,1990,92:62:927659:35,"[{""owner_id"": 121, ""share"": 1.0}]"
662,"д. Пушкинские Горы, алл. Сурикова, д. 726 к. 145, 632174",Дом,104.8,4,11,2004,22:30:832411:268,"[{""owner_id"": 42, ""share"": 1.0}]"
663,"клх Кирово-Чепецк, ул. Березовая, д. 493 стр. 4, 224711",Дом,128.4,5,24,1991,68:98:128679:781,"[{""owner_id"": 181, ""share"": 1.0}]"
664,"ст. Адыгейск, ул. Маркса Карла, д. 882 стр. 1/6, 461607",Коммерческое,99.8,2,1,2001,35:90:420389:322,"[{""owner_id"": 95, ""share"": 1.0}]"
665,"с. Лесной (Сверд.), бул. 40 лет Октября, д. 609, 723461",Квартира,64.9,2,20,2002,50:67:601602:895,"[{""owner_id"": 57, ""share"": 1.0}]"
666,"клх Домодедово, бул. Заозерный, д. 73, 094416",Дом,163.9,2,3,2003,57:33:512608:898,"[{""owner_id"": 134, ""share"": 0.65}, {""owner_id"": 89, ""share"": 0.35}]"
667,"п. Волгоград, наб. Томская, д. 2 к. 37, 768576",Квартира,23.7,1,18,1979,21:69:307897:269,"[{""owner_id"": 293, ""share"": 1.0}]"
668,"ст. Карпинск, пер. Гагарина, д. 19 к. 7, 755188",Дом,128.1,2,3,1997,31:82:223050:15,"[{""owner_id"": 87, ""share"": 0.42}, {""owner_id"": 26, ""share"": 0.58}]"
669,"г. Тавда, пер. Севастопольский, д. 34 стр. 924, 744417",Дом,41.3,2,7,1984,46:73:500633:134,"[{""owner_id"": 223, ""share"": 0.76}, {""owner_id"": 233, ""share"": 0.24}]"
670,"к. Нефтегорск (Самар.), ш. Щорса, д. 78 к. 8, 254853",Коммерческое,58.8,3,24,1974,63:33:528368:812,"[{""owner_id"": 106, ""share"": 1.0}]"
671,"с. Устюжна, ул. Бригадная, д. 3/4 стр. 5/2, 095385",Дом,62.4,4,8,1997,84:97:778675:470,"[{""owner_id"": 149, ""share"": 1.0}]"
672,"клх Курильск, ул. Черняховского, д. 4, 990093",Квартира,176.9,4,22,1977,59:64:871861:612,"[{""owner_id"": 241, ""share"": 1.0}]"
673,"к. Ростов, наб. Восьмого Марта, д. 2/5, 788443",Коммерческое,30.6,3,8,2010,55:87:803375:991,"[{""owner_id"": 49, ""share"": 1.0}]"
674,"с. Оймякон, пер. Микрорайон, д. 7, 672636",Коммерческое,88.6,4,22,1997,26:81:143122:595,"[{""owner_id"": 24, ""share"": 0.3}, {""owner_id"": 3, ""share"": 0.7}]"
675,"клх Макаров, ул. Жуковского, д. 802 стр. 3/2, 845078",Коммерческое,108.7,3,15,1966,21:50:844756:544,"[{""owner_id"": 87, ""share"": 1.0}]"
676,"к. Клин, пр. Панфилова, д. 450 к. 57, 983306",Квартира,76.4,2,16,1985,56:65:396668:925,"[{""owner_id"": 134, ""share"": 1.0}]"
677,"клх Каспийск, ш. Черемушки, д. 2/9, 226679",Квартира,76.8,4,25,1969,81:94:767578:818,"[{""owner_id"": 136, ""share"": 0.35}, {""owner_id"": 265, ""share"": 0.65}]"
678,"д. Амурск, пр. Тукая, д. 6/4 стр. 1, 739634",Квартира,29.8,2,2,2010,43:30:840255:479,"[{""owner_id"": 97, ""share"": 1.0}]"
679,"с. Апшеронск, ш. Островского, д. 1 стр. 3, 170486",Квартира,99.5,5,16,2008,73:24:986925:738,"[{""owner_id"": 254, ""share"": 1.0}]"
680,"клх Саров (Морд.), пр. Черняховского, д. 12, 629073",Дом,52.5,2,24,2015,44:82:795350:600,"[{""owner_id"": 64, ""share"": 0.17}, {""owner_id"": 179, ""share"": 0.83}]"
681,"клх Хасавюрт, алл. Папанина, д. 782 стр. 4, 717086",Коммерческое,158.0,2,14,1959,41:73:809790:97,"[{""owner_id"": 3, ""share"": 1.0}]"
682,"п. Пинега, наб. Авиационная, д. 939 стр. 41, 490145",Коммерческое,42.0,3,19,1963,51:29:130277:84,"[{""owner_id"": 14, ""share"": 0.65}, {""owner_id"": 146, ""share"": 0.35}]"
683,"г. Оленек, алл. Вишневая, д. 9 стр. 4/1, 498243",Дом,133.1,3,20,1950,52:15:788047:638,"[{""owner_id"": 246, ""share"": 1.0}]"
684,"ст. Белореченск, алл. Фабричная, д. 9/2 стр. 8/9, 664315",Коммерческое,70.9,1,24,1959,80:87:499917:95,"[{""owner_id"": 167, ""share"": 0.27}, {""owner_id"": 292, ""share"": 0.13}, {""owner_id"": 67, ""share"": 0.6}]"
685,"с. Краснодар, бул. Морской, д. 450 стр. 1/2, 092640",Квартира,193.7,4,3,1952,36:30:507374:799,"[{""owner_id"": 92, ""share"": 1.0}]"
686,"п. Архангельск, бул. Речной, д. 772 стр. 38, 824485",Квартира,73.7,4,24,1989,97:87:237664:368,"[{""owner_id"": 79, ""share"": 1.0}]"
687,"с. Домодедово, пер. Лазо, д. 57 стр. 916, 691961",Коммерческое,56.0,4,13,2010,44:82:729502:434,"[{""owner_id"": 189, ""share"": 1.0}]"
688,"с. Павловский Посад, ул. Спортивная, д. 40, 702634",Дом,130.5,4,21,2004,21:15:638277:350,"[{""owner_id"": 217, ""share"": 1.0}]"
689,"п. Мурманск, пр. Воронежский, д. 6 стр. 1/2, 042425",Квартира,72.3,4,3,2011,48:29:233997:701,"[{""owner_id"": 115, ""share"": 0.52}, {""owner_id"": 80, ""share"": 0.28}, {""owner_id"": 254, ""share"": 0.2}]"
690,"д. Ангарск, ул. Прудовая, д. 67 стр. 30, 976039",Квартира,185.1,5,4,2015,64:62:199074:476,"[{""owner_id"": 128, ""share"": 0.34}, {""owner_id"": 268, ""share"": 0.12}, {""owner_id"": 219, ""share"": 0.54}]"
691,"г. Дагомыс, алл. Менделеева, д. 3 к. 1, 536481",Дом,84.0,5,3,2014,12:24:876487:678,"[{""owner_id"": 292, ""share"": 1.0}]"
692,"ст. Лабытнанги, ул. Харьковская, д. 5/9 стр. 61, 738546",Дом,28.1,4,23,1988,50:85:859268:466,"[{""owner_id"": 94, ""share"": 1.0}]"
693,"п. Губаха, пр. Партизанский, д. 7/8, 491259",Квартира,58.0,1,24,1983,96:23:554871:548,"[{""owner_id"": 231, ""share"": 0.37}, {""owner_id"": 136, ""share"": 0.63}]"
694,"ст. Ивдель, бул. Березовый, д. 3, 226992",Квартира,22.4,4,15,2001,94:87:861173:499,"[{""owner_id"": 203, ""share"": 1.0}]"
695,"с. Пермь, пр. Макаренко, д. 63, 999299",Коммерческое,141.3,4,10,1961,26:27:114549:196,"[{""owner_id"": 185, ""share"": 1.0}]"
696,"к. Усть-Калманка, пр. Ушакова, д. 8/8 стр. 75, 413482",Коммерческое,194.7,1,7,2011,93:28:781301:248,"[{""owner_id"": 9, ""share"": 1.0}]"
697,"д. Котельнич, наб. Крымская, д. 29, 260001",Квартира,35.5,4,5,2010,64:12:222115:171,"[{""owner_id"": 276, ""share"": 1.0}]"
698,"г. Смоленск, алл. Ленинградская, д. 4 к. 249, 410389",Квартира,56.2,5,13,1956,52:11:207650:646,"[{""owner_id"": 228, ""share"": 0.12}, {""owner_id"": 249, ""share"": 0.41}, {""owner_id"": 242, ""share"": 0.47}]"
699,"п. Урус-Мартан, алл. Спортивная, д. 6/7 к. 3, 405920",Коммерческое,124.2,5,10,1954,72:61:609713:526,"[{""owner_id"": 222, ""share"": 0.78}, {""owner_id"": 213, ""share"": 0.22}]"
700,"к. Кирово-Чепецк, пер. Водников, д. 7/2, 896298",Квартира,148.6,5,1,2004,83:50:680130:66,"[{""owner_id"": 250, ""share"": 1.0}]"
701,"с. Тында, ул. Кольцевая, д. 6/4, 796618",Дом,41.0,5,21,1994,67:99:557420:22,"[{""owner_id"": 214, ""share"": 1.0}]"
702,"с. Елабуга, бул. Ленина, д. 543 стр. 5/2, 531379",Дом,81.9,2,17,1978,85:97:455627:944,"[{""owner_id"": 99, ""share"": 1.0}]"
703,"г. Александровск-Сахалинский, пр. Пожарского, д. 4/3, 750361",Квартира,179.0,4,14,1996,70:30:752048:213,"[{""owner_id"": 240, ""share"": 1.0}]"
704,"п. Нальчик, бул. Кирпичный, д. 88 стр. 83, 342444",Коммерческое,106.9,2,7,1970,87:72:205805:813,"[{""owner_id"": 45, ""share"": 1.0}]"
705,"д. Шумиха, ш. Поперечное, д. 7/1, 862351",Дом,62.2,5,2,1952,55:43:474387:694,"[{""owner_id"": 253, ""share"": 1.0}]"
706,"с. Москва, МГУ, ш. Мостовое, д. 1/9, 173289",Квартира,165.2,3,14,1964,89:39:226550:576,"[{""owner_id"": 258, ""share"": 1.0}]"
707,"к. Нижний Тагил, алл. Ореховая, д. 991 к. 9, 558115",Дом,161.3,1,25,2021,44:29:994863:707,"[{""owner_id"": 133, ""share"": 1.0}]"
708,"к. Южноуральск, бул. Нефтяников, д. 29 к. 1/8, 004093",Дом,163.8,1,4,1963,81:15:631948:108,"[{""owner_id"": 54, ""share"": 0.84}, {""owner_id"": 26, ""share"": 0.16}]"
709,"к. Мирный, пер. Томский, д. 939, 218039",Квартира,184.0,2,24,1987,66:74:622600:751,"[{""owner_id"": 61, ""share"": 1.0}]"
710,"ст. Железногорск(Курск.), бул. Вокзальный, д. 68 стр. 5/1, 880265",Квартира,42.1,2,15,2003,10:41:975365:829,"[{""owner_id"": 79, ""share"": 0.37}, {""owner_id"": 187, ""share"": 0.63}]"
711,"г. Онега, бул. Николаева, д. 43 к. 7, 303974",Коммерческое,50.8,3,12,2003,56:90:797298:252,"[{""owner_id"": 147, ""share"": 1.0}]"
712,"д. Терскол, ш. Космодемьянской, д. 1/9, 092019",Дом,161.7,2,14,2002,62:68:993796:529,"[{""owner_id"": 272, ""share"": 1.0}]"
713,"ст. Кизел, ул. Крымская, д. 76, 158485",Квартира,149.2,5,3,1960,53:50:521161:791,"[{""owner_id"": 186, ""share"": 0.45}, {""owner_id"": 16, ""share"": 0.55}]"
714,"п. Петрозаводск, алл. Виноградная, д. 196, 722053",Дом,156.7,2,19,1957,90:94:645027:997,"[{""owner_id"": 32, ""share"": 1.0}]"
715,"с. Сосновый Бор, наб. Медицинская, д. 8 к. 482, 714619",Коммерческое,146.1,3,24,1990,54:11:967176:287,"[{""owner_id"": 206, ""share"": 1.0}]"
716,"д. Курчатов, ш. Вахитова, д. 7/3 к. 3/4, 960530",Коммерческое,161.9,4,23,1994,93:61:913066:203,"[{""owner_id"": 76, ""share"": 0.62}, {""owner_id"": 207, ""share"": 0.26}, {""owner_id"": 229, ""share"": 0.12}]"
717,"г. Тырныауз, ул. Карьерная, д. 8 к. 1/4, 860506",Дом,150.5,2,17,2019,46:37:197328:524,"[{""owner_id"": 44, ""share"": 0.53}, {""owner_id"": 19, ""share"": 0.47}]"
718,"с. Пенза, пр. Октябрьский, д. 1, 816409",Дом,156.3,2,1,1953,79:85:371256:248,"[{""owner_id"": 267, ""share"": 1.0}]"
719,"ст. Кашхатау, ул. Стадионная, д. 40 стр. 325, 945237",Квартира,151.8,3,9,2014,55:25:150051:775,"[{""owner_id"": 156, ""share"": 0.89}, {""owner_id"": 217, ""share"": 0.11}]"
720,"клх Шарья, алл. Боровая, д. 16 к. 798, 275745",Дом,73.6,1,15,1993,40:84:693071:732,"[{""owner_id"": 64, ""share"": 1.0}]"
721,"клх Чита, ул. 8 Марта, д. 9, 453811",Дом,140.0,5,22,1967,58:76:873337:254,"[{""owner_id"": 274, ""share"": 0.38}, {""owner_id"": 120, ""share"": 0.62}]"
722,"клх Уссурийск, пр. Тельмана, д. 9 стр. 54, 662295",Коммерческое,54.7,3,15,1962,28:64:968679:422,"[{""owner_id"": 265, ""share"": 1.0}]"
723,"с. Югорск, ул. Островского, д. 7/1 к. 26, 248607",Дом,179.9,4,7,2007,19:57:809699:539,"[{""owner_id"": 32, ""share"": 1.0}]"
724,"с. Елатьма, пр. Юбилейный, д. 63 к. 658, 153017",Коммерческое,160.2,3,19,2013,91:64:561457:706,"[{""owner_id"": 287, ""share"": 1.0}]"
725,"с. Тайшет, наб. Олега Кошевого, д. 858, 522441",Коммерческое,102.4,5,17,1965,98:37:577555:485,"[{""owner_id"": 251, ""share"": 0.22}, {""owner_id"": 214, ""share"": 0.17}, {""owner_id"": 84, ""share"": 0.61}]"
726,"д. Муром, пр. Кузнецкий, д. 664 к. 61, 905719",Коммерческое,86.5,1,20,2002,24:25:487538:586,"[{""owner_id"": 81, ""share"": 1.0}]"
727,"с. Малгобек, пр. Прибрежный, д. 6/7 стр. 483, 974876",Квартира,41.2,3,12,1988,47:72:129336:811,"[{""owner_id"": 268, ""share"": 1.0}]"
728,"клх Снежногорск (Мурм.), ш. Производственное, д. 87, 843019",Квартира,188.6,3,10,1977,33:72:102187:126,"[{""owner_id"": 216, ""share"": 1.0}]"
729,"г. Шелагонцы, пр. Восьмого Марта, д. 43 к. 89, 239644",Квартира,95.2,5,10,2022,67:53:919304:387,"[{""owner_id"": 35, ""share"": 1.0}]"
730,"ст. Ухта, наб. Ставропольская, д. 86, 992427",Квартира,110.9,4,25,2007,95:67:256219:888,"[{""owner_id"": 68, ""share"": 1.0}]"
731,"д. Ессентуки, бул. Титова, д. 30, 209140",Дом,81.0,1,22,2006,45:92:192830:887,"[{""owner_id"": 46, ""share"": 0.41}, {""owner_id"": 210, ""share"": 0.59}]"
732,"д. Калач-на-Дону, ш. Ягодное, д. 5, 347199",Коммерческое,133.4,3,18,1965,92:81:189288:198,"[{""owner_id"": 13, ""share"": 1.0}]"
733,"ст. Старый Оскол, ш. Ломоносова, д. 654 к. 16, 569991",Дом,110.5,1,4,2018,33:12:388319:806,"[{""owner_id"": 278, ""share"": 0.87}, {""owner_id"": 296, ""share"": 0.06}, {""owner_id"": 28, ""share"": 0.07}]"
734,"г. Артем, бул. Пирогова, д. 4, 226227",Дом,35.2,5,20,1991,61:85:147168:504,"[{""owner_id"": 297, ""share"": 1.0}]"
735,"с. Кежма, ул. Зои Космодемьянской, д. 566, 070385",Дом,24.3,5,11,1998,42:21:220213:102,"[{""owner_id"": 12, ""share"": 0.45}, {""owner_id"": 175, ""share"": 0.55}]"
736,"с. Асино, пер. Комарова, д. 99 к. 3, 107402",Квартира,52.9,1,5,1989,62:96:277409:61,"[{""owner_id"": 147, ""share"": 1.0}]"
737,"г. Рязань, ш. Осипенко, д. 86 к. 3/6, 620036",Квартира,24.9,1,10,1999,22:50:249380:423,"[{""owner_id"": 167, ""share"": 1.0}]"
738,"клх Печора, пр. Кирпичный, д. 8 к. 6, 931839",Квартира,29.3,2,25,1980,73:75:888938:517,"[{""owner_id"": 133, ""share"": 0.85}, {""owner_id"": 193, ""share"": 0.15}]"
739,"ст. Шатки, наб. 1 Мая, д. 1/6, 049326",Дом,30.9,4,18,2002,18:71:130310:418,"[{""owner_id"": 59, ""share"": 1.0}]"
740,"п. Губаха, бул. Минский, д. 7, 212898",Дом,119.7,5,22,1962,41:81:783200:805,"[{""owner_id"": 10, ""share"": 1.0}]"
741,"к. Энгельс, пер. Лазо, д. 14 к. 812, 223984",Дом,100.3,5,7,1968,57:79:276358:801,"[{""owner_id"": 291, ""share"": 1.0}]"
742,"п. Жиганск, пр. Кочубея, д. 2/9 к. 42, 887058",Коммерческое,101.3,1,15,1987,93:31:100569:62,"[{""owner_id"": 217, ""share"": 1.0}]"
743,"с. Троицк (Челяб.), пр. Магистральный, д. 64, 479984",Дом,171.6,2,19,2015,46:15:269257:757,"[{""owner_id"": 247, ""share"": 0.77}, {""owner_id"": 140, ""share"": 0.11}, {""owner_id"": 129, ""share"": 0.12}]"
744,"ст. Мураши, пр. Сурикова, д. 7 стр. 48, 972361",Дом,36.1,1,5,2021,45:65:321092:626,"[{""owner_id"": 36, ""share"": 1.0}]"
745,"д. Диксон, ул. Серова, д. 3/1 к. 665, 786457",Коммерческое,190.2,3,25,2007,44:41:794447:330,"[{""owner_id"": 163, ""share"": 1.0}]"
746,"к. Новороссийск, наб. Сиреневая, д. 84 к. 5/1, 068758",Коммерческое,79.1,2,21,1950,87:70:104487:924,"[{""owner_id"": 236, ""share"": 1.0}]"
747,"к. Березники, ул. Зои Космодемьянской, д. 6/5 к. 2, 244418",Дом,120.0,4,25,2000,78:20:925549:898,"[{""owner_id"": 89, ""share"": 1.0}]"
748,"г. Добрянка, алл. Плеханова, д. 1/9, 570170",Коммерческое,25.6,4,22,1965,55:58:967661:616,"[{""owner_id"": 40, ""share"": 1.0}]"
749,"п. Балтийск, наб. Флотская, д. 93 стр. 1/3, 508983",Коммерческое,197.1,1,15,1997,34:66:109818:227,"[{""owner_id"": 91, ""share"": 1.0}]"
750,"клх Боровск, наб. Первомайская, д. 2/8, 972452",Коммерческое,132.5,2,8,2013,56:14:394394:505,"[{""owner_id"": 144, ""share"": 0.25}, {""owner_id"": 184, ""share"": 0.75}]"
751,"п. Новый Уренгой, пер. Просторный, д. 145 к. 4/6, 748095",Квартира,176.6,5,17,2013,31:80:303182:676,"[{""owner_id"": 108, ""share"": 0.89}, {""owner_id"": 4, ""share"": 0.04}, {""owner_id"": 101, ""share"": 0.07}]"
752,"д. Красногорск (Моск.), ул. Луначарского, д. 126 стр. 59, 203158",Квартира,154.3,2,9,2022,39:76:864305:802,"[{""owner_id"": 290, ""share"": 0.15}, {""owner_id"": 90, ""share"": 0.85}]"
753,"д. Лазаревское, ш. Северное, д. 4/5 стр. 40, 977748",Коммерческое,142.0,5,9,2021,68:10:547861:657,"[{""owner_id"": 12, ""share"": 1.0}]"
754,"к. Шуя, ул. Некрасова, д. 586 к. 13, 958684",Дом,97.9,4,9,1965,97:76:589251:508,"[{""owner_id"": 27, ""share"": 1.0}]"
755,"п. Костомукша, ш. Проточное, д. 16 стр. 9, 942767",Коммерческое,60.4,3,14,2018,67:50:105409:402,"[{""owner_id"": 23, ""share"": 1.0}]"
756,"г. Сасово, бул. Центральный, д. 7/3, 151817",Коммерческое,165.4,2,23,2004,19:41:306440:169,"[{""owner_id"": 42, ""share"": 1.0}]"
757,"ст. Домодедово, ш. Коммунаров, д. 5 к. 9/1, 232723",Коммерческое,132.6,1,16,2005,13:85:935946:642,"[{""owner_id"": 33, ""share"": 1.0}]"
758,"с. Якутск, пер. Нагорный, д. 42 стр. 1/1, 548708",Квартира,167.9,5,8,1959,86:89:559831:783,"[{""owner_id"": 129, ""share"": 0.48}, {""owner_id"": 127, ""share"": 0.41}, {""owner_id"": 56, ""share"": 0.11}]"
759,"с. Челябинск, бул. Большевистский, д. 876 к. 6, 981889",Коммерческое,42.5,1,2,1998,50:98:168187:802,"[{""owner_id"": 229, ""share"": 1.0}]"
760,"клх Касимов, пер. Песчаный, д. 2 к. 8, 894589",Квартира,74.3,4,3,1963,96:17:686424:54,"[{""owner_id"": 227, ""share"": 1.0}]"
761,"с. Усть-Джегута, пер. Механический, д. 7/4, 207612",Дом,37.2,4,8,1951,68:59:586758:815,"[{""owner_id"": 196, ""share"": 1.0}]"
762,"клх Вуктыл, ул. Береговая, д. 2, 298861",Дом,137.2,1,15,2016,52:85:301831:111,"[{""owner_id"": 52, ""share"": 1.0}]"
763,"клх Сунтар, пр. Коминтерна, д. 810, 372982",Коммерческое,162.1,2,19,1966,91:75:368735:364,"[{""owner_id"": 35, ""share"": 1.0}]"
764,"п. Кырен, пер. Николаева, д. 8 стр. 135, 757896",Квартира,63.8,1,2,1966,49:84:557019:526,"[{""owner_id"": 228, ""share"": 1.0}]"
765,"к. Новгород Великий, пр. Полевой, д. 8/4 стр. 223, 550570",Квартира,104.5,5,11,1987,57:11:642827:601,"[{""owner_id"": 184, ""share"": 0.81}, {""owner_id"": 160, ""share"": 0.09}, {""owner_id"": 299, ""share"": 0.1}]"
766,"клх Вилюйск, пр. Минский, д. 5 стр. 1, 588311",Квартира,62.7,5,2,2004,54:35:310105:656,"[{""owner_id"": 75, ""share"": 1.0}]"
767,"к. Старый Оскол, бул. Кузнечный, д. 63, 368715",Дом,128.0,3,19,2022,52:88:414186:429,"[{""owner_id"": 36, ""share"": 0.63}, {""owner_id"": 175, ""share"": 0.22}, {""owner_id"": 97, ""share"": 0.15}]"
768,"клх Ачинск, бул. Бабушкина, д. 8/9 стр. 523, 568446",Дом,177.7,1,16,1978,10:91:333858:710,"[{""owner_id"": 54, ""share"": 1.0}]"
769,"г. Кирово-Чепецк, бул. Войкова, д. 1 к. 363, 737831",Квартира,106.5,3,24,1998,36:61:293194:846,"[{""owner_id"": 110, ""share"": 1.0}]"
770,"к. Семлячики, алл. Братская, д. 4/2 стр. 9/4, 291585",Квартира,72.3,2,21,2024,56:15:131127:204,"[{""owner_id"": 186, ""share"": 0.39}, {""owner_id"": 6, ""share"": 0.33}, {""owner_id"": 38, ""share"": 0.28}]"
771,"ст. Кинешма, алл. Чкалова, д. 265, 483966",Квартира,179.4,2,11,2020,41:32:305507:23,"[{""owner_id"": 90, ""share"": 1.0}]"
772,"п. Малгобек, ш. Серова, д. 5/7 к. 61, 841749",Квартира,23.8,2,13,1964,53:36:419891:468,"[{""owner_id"": 135, ""share"": 1.0}]"
773,"г. Саратов, наб. Полевая, д. 22, 698141",Коммерческое,50.8,5,20,2005,18:25:251448:904,"[{""owner_id"": 191, ""share"": 1.0}]"
774,"ст. Кызыл, пр. 50 лет Победы, д. 994 стр. 87, 029286",Коммерческое,97.3,2,2,1974,78:47:927942:153,"[{""owner_id"": 98, ""share"": 0.4}, {""owner_id"": 99, ""share"": 0.25}, {""owner_id"": 273, ""share"": 0.35}]"
775,"п. Арсеньев, пр. Тельмана, д. 799, 183667",Коммерческое,163.2,2,17,2024,72:36:862627:84,"[{""owner_id"": 28, ""share"": 1.0}]"
776,"д. Октябрьское (Хант.), пр. Демьяна Бедного, д. 602 к. 4/5, 022234",Коммерческое,155.2,3,16,2016,69:32:437456:730,"[{""owner_id"": 34, ""share"": 0.51}, {""owner_id"": 86, ""share"": 0.49}]"
777,"п. Самара, пер. Черноморский, д. 8/6 к. 817, 524461",Коммерческое,192.0,4,9,2024,61:91:929029:598,"[{""owner_id"": 248, ""share"": 1.0}]"
778,"г. Югорск, алл. Высоковольтная, д. 2, 465642",Квартира,181.1,4,8,2000,37:49:545668:911,"[{""owner_id"": 107, ""share"": 1.0}]"
779,"г. Усть-Баргузин, алл. Пожарского, д. 46 к. 699, 955922",Дом,65.8,1,5,1960,47:66:644022:361,"[{""owner_id"": 81, ""share"": 1.0}]"
780,"с. Кулу, наб. Трудовая, д. 638, 255134",Дом,112.2,3,14,2007,69:65:528818:377,"[{""owner_id"": 22, ""share"": 1.0}]"
781,"д. Петрозаводск, алл. Осенняя, д. 19 к. 8, 314546",Квартира,99.5,3,21,1959,55:20:408824:863,"[{""owner_id"": 163, ""share"": 0.41}, {""owner_id"": 140, ""share"": 0.59}]"
782,"клх Старая Русса, пер. Ивановский, д. 25 к. 849, 953120",Коммерческое,34.1,3,8,1962,25:19:477735:40,"[{""owner_id"": 280, ""share"": 1.0}]"
783,"д. Москва, МГУ, алл. Гончарова, д. 7/7 к. 183, 800187",Квартира,141.5,3,10,1985,34:87:244562:876,"[{""owner_id"": 171, ""share"": 1.0}]"
784,"к. Каргасок, ул. Механизаторов, д. 414 стр. 8/9, 210781",Дом,70.7,3,13,2001,84:93:112468:484,"[{""owner_id"": 279, ""share"": 0.11}, {""owner_id"": 134, ""share"": 0.89}]"
785,"г. Эльтон, пр. Суворова, д. 5/3 стр. 8, 680269",Дом,61.0,2,16,1979,76:85:924154:566,"[{""owner_id"": 77, ""share"": 1.0}]"
786,"ст. Бронницы, наб. Республиканская, д. 70 к. 402, 286550",Дом,172.2,4,25,2003,36:66:571829:874,"[{""owner_id"": 237, ""share"": 0.73}, {""owner_id"": 175, ""share"": 0.27}]"
787,"п. Лысьва, ул. Гаражная, д. 3 стр. 866, 151459",Квартира,124.0,2,10,1951,73:94:974825:364,"[{""owner_id"": 192, ""share"": 1.0}]"
788,"г. Петушки, алл. Высокая, д. 32 к. 14, 539222",Дом,143.4,4,25,2018,48:51:715467:24,"[{""owner_id"": 215, ""share"": 1.0}]"
789,"с. Дивногорск, ул. Кубанская, д. 411 стр. 9, 339133",Квартира,47.7,3,19,2023,60:58:314124:972,"[{""owner_id"": 17, ""share"": 1.0}]"
790,"п. Томпа, ул. Прибрежная, д. 53 к. 7, 523428",Дом,53.9,1,11,2022,67:91:419443:96,"[{""owner_id"": 274, ""share"": 1.0}]"
791,"ст. Макушино, пр. Панфилова, д. 924 стр. 7/4, 209536",Квартира,25.8,5,16,1953,33:35:172866:934,"[{""owner_id"": 284, ""share"": 1.0}]"
792,"клх Королев, бул. Ватутина, д. 89 к. 75, 526655",Дом,30.3,5,1,1971,51:62:510103:161,"[{""owner_id"": 146, ""share"": 0.33}, {""owner_id"": 106, ""share"": 0.35}, {""owner_id"": 120, ""share"": 0.32}]"
793,"с. Охотск, наб. Лазурная, д. 796, 147533",Квартира,43.4,2,10,2005,95:70:266494:619,"[{""owner_id"": 67, ""share"": 0.48}, {""owner_id"": 275, ""share"": 0.12}, {""owner_id"": 215, ""share"": 0.4}]"
794,"п. Лысьва, ш. Поперечное, д. 7/6 к. 45, 298532",Коммерческое,56.5,4,9,1975,10:28:567383:66,"[{""owner_id"": 159, ""share"": 1.0}]"
795,"клх Осташков, пер. Короткий, д. 2 к. 8, 276383",Коммерческое,178.3,4,15,2023,15:21:401897:662,"[{""owner_id"": 127, ""share"": 0.36}, {""owner_id"": 270, ""share"": 0.64}]"
796,"п. Луга, пер. Урицкого, д. 4/1 к. 2/7, 497939",Коммерческое,162.6,4,20,1972,63:41:288301:922,"[{""owner_id"": 234, ""share"": 0.66}, {""owner_id"": 178, ""share"": 0.34}]"
797,"г. Новгород Великий, бул. Громова, д. 916, 710307",Дом,89.2,2,23,2022,22:60:832582:969,"[{""owner_id"": 222, ""share"": 1.0}]"
798,"п. Оленегорск (Якут.), пр. Ольховый, д. 914, 780826",Дом,178.9,5,10,1958,99:37:617459:422,"[{""owner_id"": 81, ""share"": 1.0}]"
799,"г. Гусь-Хрустальный, наб. Розы Люксембург, д. 59, 625429",Дом,93.8,2,9,1976,74:15:584617:28,"[{""owner_id"": 284, ""share"": 0.16}, {""owner_id"": 63, ""share"": 0.17}, {""owner_id"": 189, ""share"": 0.67}]"
800,"ст. Майкоп, ш. Кольцова, д. 23 к. 3/5, 369481",Дом,81.9,4,7,2000,14:11:362779:118,"[{""owner_id"": 237, ""share"": 1.0}]"
801,"клх Псебай, пр. Гагарина, д. 2/7 стр. 1/7, 353910",Дом,107.3,1,3,2020,94:41:848244:973,"[{""owner_id"": 70, ""share"": 0.64}, {""owner_id"": 168, ""share"": 0.36}]"
802,"г. Зеленогорск (Ленин.), ш. Береговое, д. 563 к. 413, 443767",Дом,171.5,2,1,1962,32:47:230182:548,"[{""owner_id"": 242, ""share"": 1.0}]"
803,"д. Волгодонск, ул. Кузнецкая, д. 701 к. 4/1, 481160",Квартира,141.9,2,15,1995,32:37:849115:36,"[{""owner_id"": 87, ""share"": 0.64}, {""owner_id"": 40, ""share"": 0.36}]"
804,"ст. Аргаяш, ш. Труда, д. 30, 616801",Квартира,170.6,5,21,1963,59:98:423301:455,"[{""owner_id"": 273, ""share"": 0.45}, {""owner_id"": 111, ""share"": 0.55}]"
805,"к. Добрянка, ш. Путейское, д. 9, 484203",Квартира,159.0,2,8,1997,40:35:195825:17,"[{""owner_id"": 3, ""share"": 1.0}]"
806,"г. Рославль, бул. Дружба, д. 279, 860157",Дом,167.7,1,8,1962,95:31:859181:172,"[{""owner_id"": 8, ""share"": 1.0}]"
807,"ст. Таганрог, алл. Театральная, д. 194, 470288",Квартира,166.8,3,18,1974,89:36:668016:405,"[{""owner_id"": 263, ""share"": 1.0}]"
808,"г. Голицыно, ш. Высоцкого, д. 6, 719367",Квартира,92.4,3,1,1999,37:68:330787:68,"[{""owner_id"": 62, ""share"": 0.18}, {""owner_id"": 119, ""share"": 0.3}, {""owner_id"": 110, ""share"": 0.52}]"
809,"с. Магас, алл. Мостовая, д. 28 к. 274, 194232",Коммерческое,132.3,1,3,1977,62:48:904829:614,"[{""owner_id"": 143, ""share"": 1.0}]"
810,"к. Батайск, бул. Ручейный, д. 653, 696261",Коммерческое,116.5,5,6,1982,22:86:440110:647,"[{""owner_id"": 53, ""share"": 1.0}]"
811,"ст. Нефедова, алл. Энергетиков, д. 57 к. 602, 717989",Дом,51.6,3,22,2011,18:52:118506:624,"[{""owner_id"": 69, ""share"": 1.0}]"
812,"с. Охотск, наб. 1 Мая, д. 10 стр. 2, 675635",Коммерческое,146.8,1,8,1952,88:25:423851:243,"[{""owner_id"": 230, ""share"": 0.61}, {""owner_id"": 196, ""share"": 0.14}, {""owner_id"": 262, ""share"": 0.25}]"
813,"п. Йошкар-Ола, бул. Дальний, д. 3/7 к. 3/6, 504607",Дом,109.8,2,5,1998,36:92:139748:244,"[{""owner_id"": 125, ""share"": 0.15}, {""owner_id"": 41, ""share"": 0.85}]"
814,"г. Магас, наб. Заозерная, д. 70 стр. 3/5, 871006",Квартира,113.8,4,21,1986,13:39:988075:751,"[{""owner_id"": 228, ""share"": 0.32}, {""owner_id"": 169, ""share"": 0.41}, {""owner_id"": 69, ""share"": 0.27}]"
815,"клх Курчатов, пр. Театральный, д. 80, 238115",Квартира,117.1,2,22,1978,87:58:646802:330,"[{""owner_id"": 125, ""share"": 1.0}]"
816,"п. Дно, алл. Байкальская, д. 38 стр. 1, 752835",Квартира,176.6,1,7,1956,91:28:314140:129,"[{""owner_id"": 4, ""share"": 1.0}]"
817,"г. Кущевская, ул. Флотская, д. 2/4, 113505",Квартира,62.5,1,14,2009,49:31:856729:203,"[{""owner_id"": 282, ""share"": 1.0}]"
818,"ст. Саров (Морд.), алл. Украинская, д. 264, 780978",Коммерческое,64.8,3,19,2007,91:35:385066:884,"[{""owner_id"": 91, ""share"": 1.0}]"
819,"п. Ульяновск, ш. Станционное, д. 541, 341952",Квартира,104.7,4,17,2005,29:71:120773:781,"[{""owner_id"": 41, ""share"": 0.42}, {""owner_id"": 185, ""share"": 0.58}]"
820,"к. Соболево, пр. Смирнова, д. 3 стр. 921, 063578",Дом,127.1,2,18,1972,42:58:586173:314,"[{""owner_id"": 43, ""share"": 1.0}]"
821,"с. Усть-Ордынский, ш. Пограничное, д. 41 стр. 5/4, 990558",Коммерческое,129.1,1,11,1967,70:35:262240:939,"[{""owner_id"": 193, ""share"": 1.0}]"
822,"с. Объячево, пер. Фрунзе, д. 384 стр. 769, 452898",Коммерческое,151.5,3,16,2001,63:60:878246:383,"[{""owner_id"": 7, ""share"": 1.0}]"
823,"с. Бомнак, ул. Коминтерна, д. 7 стр. 4/4, 457016",Коммерческое,197.8,1,14,1954,25:59:693083:167,"[{""owner_id"": 158, ""share"": 1.0}]"
824,"с. Псков, алл. Правды, д. 949, 253084",Дом,158.8,3,17,2012,91:98:486065:714,"[{""owner_id"": 224, ""share"": 1.0}]"
825,"клх Петрозаводск, пер. Приморский, д. 5/5 стр. 8, 250842",Дом,152.4,2,16,1954,56:90:840880:693,"[{""owner_id"": 198, ""share"": 1.0}]"
826,"к. Ивдель, наб. Новая, д. 841, 415536",Дом,129.0,2,9,1981,87:84:794791:862,"[{""owner_id"": 76, ""share"": 1.0}]"
827,"д. Находка, пр. Детский, д. 862 к. 1/3, 257033",Квартира,136.0,4,13,1960,76:34:543489:170,"[{""owner_id"": 60, ""share"": 1.0}]"
828,"д. Находка, пер. Мира, д. 3 стр. 61, 863040",Коммерческое,138.5,4,19,1989,62:21:214582:652,"[{""owner_id"": 130, ""share"": 0.5}, {""owner_id"": 155, ""share"": 0.5}]"
829,"с. Йошкар-Ола, пер. Революционный, д. 3/2 стр. 5/3, 204167",Квартира,68.4,2,24,2000,99:49:106732:173,"[{""owner_id"": 177, ""share"": 1.0}]"
830,"к. Комсомольск-на-Амуре, алл. Кольцова, д. 4/8 стр. 363, 031392",Коммерческое,95.2,4,21,1986,65:31:284970:384,"[{""owner_id"": 1, ""share"": 0.16}, {""owner_id"": 50, ""share"": 0.84}]"
831,"д. Новороссийка, алл. Короткая, д. 161, 933359",Квартира,107.6,5,4,2007,82:37:294655:206,"[{""owner_id"": 69, ""share"": 1.0}]"
832,"д. Суздаль, пер. Овражный, д. 300, 616225",Квартира,66.7,4,15,1963,91:31:183686:301,"[{""owner_id"": 94, ""share"": 1.0}]"
833,"клх Сызрань, пер. Жукова, д. 5, 799230",Дом,31.6,1,19,1980,71:72:805486:779,"[{""owner_id"": 64, ""share"": 1.0}]"
834,"клх Кедровый, бул. Астраханский, д. 867, 456474",Дом,155.3,1,22,2024,15:22:321321:535,"[{""owner_id"": 32, ""share"": 1.0}]"
835,"г. Глазов, наб. К.Маркса, д. 29 стр. 777, 650527",Дом,187.8,4,25,1993,87:64:452898:380,"[{""owner_id"": 193, ""share"": 0.89}, {""owner_id"": 267, ""share"": 0.11}]"
836,"п. Арзамас, алл. Дальняя, д. 8 стр. 161, 231167",Дом,167.0,3,22,2001,58:88:160022:999,"[{""owner_id"": 176, ""share"": 1.0}]"
837,"с. Ярославль, бул. Войкова, д. 45 к. 42, 185921",Квартира,20.6,4,24,1967,13:87:228864:890,"[{""owner_id"": 170, ""share"": 1.0}]"
838,"ст. Томпа, наб. Нахимова, д. 4/8 стр. 314, 300037",Дом,101.3,4,17,2002,94:34:103281:654,"[{""owner_id"": 128, ""share"": 1.0}]"
839,"д. Углегорск, бул. Учительский, д. 41 стр. 74, 986693",Коммерческое,78.6,4,8,2012,61:88:932527:84,"[{""owner_id"": 165, ""share"": 0.8}, {""owner_id"": 9, ""share"": 0.1}, {""owner_id"": 185, ""share"": 0.1}]"
840,"ст. Тюмень, наб. Пушкинская, д. 9/4 стр. 7/6, 538201",Коммерческое,174.3,1,24,1999,47:87:304553:730,"[{""owner_id"": 244, ""share"": 1.0}]"
841,"клх Архангельск, ш. К.Маркса, д. 76 к. 3, 735127",Коммерческое,161.3,5,2,1966,73:21:415986:853,"[{""owner_id"": 267, ""share"": 1.0}]"
842,"к. Нефтегорск (Самар.), ш. Новгородское, д. 6/7, 697648",Дом,50.2,4,4,2011,94:79:352603:250,"[{""owner_id"": 281, ""share"": 1.0}]"
843,"д. Россошь, алл. Медицинская, д. 6, 046250",Квартира,98.3,1,6,1991,59:45:331081:737,"[{""owner_id"": 46, ""share"": 1.0}]"
844,"д. Пышма, пр. Орджоникидзе, д. 720 к. 77, 293509",Коммерческое,42.2,2,18,2012,21:98:448967:893,"[{""owner_id"": 244, ""share"": 1.0}]"
845,"к. Курск, ул. Украинская, д. 646, 223477",Коммерческое,31.6,3,13,1998,93:92:923218:576,"[{""owner_id"": 295, ""share"": 1.0}]"
846,"к. Сызрань, пер. Надежды, д. 25 стр. 1, 033982",Квартира,36.0,5,7,1964,83:57:233606:874,"[{""owner_id"": 224, ""share"": 0.31}, {""owner_id"": 120, ""share"": 0.24}, {""owner_id"": 115, ""share"": 0.45}]"
847,"с. Усть-Катав, ш. Среднее, д. 83 стр. 50, 167670",Коммерческое,152.6,3,2,2018,34:59:544280:328,"[{""owner_id"": 195, ""share"": 1.0}]"
848,"с. Ясный (Оренб.), бул. Казачий, д. 4/1, 122008",Коммерческое,60.0,4,1,2018,68:50:251729:836,"[{""owner_id"": 65, ""share"": 0.63}, {""owner_id"": 267, ""share"": 0.37}]"
849,"п. Осташков, ш. Одесское, д. 73 к. 7/1, 896713",Коммерческое,139.8,1,20,1990,49:74:822049:127,"[{""owner_id"": 113, ""share"": 0.22}, {""owner_id"": 256, ""share"": 0.26}, {""owner_id"": 234, ""share"": 0.52}]"
850,"ст. Нарткала, бул. Прудный, д. 7 стр. 90, 649013",Дом,133.6,2,16,1987,58:17:949566:342,"[{""owner_id"": 294, ""share"": 1.0}]"
851,"д. Нязепетровск, пер. Рыбацкий, д. 1, 115461",Коммерческое,188.2,2,23,1956,32:72:862729:402,"[{""owner_id"": 108, ""share"": 1.0}]"
852,"ст. Тутаев, бул. Таежный, д. 938 стр. 244, 404315",Квартира,118.6,3,14,2010,54:60:510059:74,"[{""owner_id"": 82, ""share"": 1.0}]"
853,"д. Невинномысск, бул. Горняцкий, д. 4, 483747",Дом,145.3,2,23,2020,60:22:237259:332,"[{""owner_id"": 145, ""share"": 1.0}]"
854,"д. Белогорск (Амур.), ул. Первомайская, д. 668, 471778",Коммерческое,74.7,2,19,1967,66:99:605876:299,"[{""owner_id"": 298, ""share"": 0.78}, {""owner_id"": 28, ""share"": 0.22}]"
855,"г. Шилка, алл. Леонова, д. 969, 716115",Квартира,152.4,1,12,2023,23:96:923655:880,"[{""owner_id"": 108, ""share"": 0.74}, {""owner_id"": 112, ""share"": 0.26}]"
856,"ст. Томпа, ул. Кольцевая, д. 7/8 к. 9, 326170",Коммерческое,171.5,1,4,1995,70:32:155021:121,"[{""owner_id"": 219, ""share"": 1.0}]"
857,"к. Уварово, наб. Окружная, д. 6, 956572",Квартира,41.4,4,16,1988,98:86:280865:669,"[{""owner_id"": 174, ""share"": 0.6}, {""owner_id"": 223, ""share"": 0.18}, {""owner_id"": 77, ""share"": 0.22}]"
858,"к. Колпашево, пер. Ростовский, д. 3, 621775",Коммерческое,88.8,4,12,1951,25:24:186651:125,"[{""owner_id"": 46, ""share"": 0.79}, {""owner_id"": 238, ""share"": 0.21}]"
859,"клх Набережные Челны, ш. Флотское, д. 7/9 стр. 4/1, 028532",Квартира,24.1,5,19,2011,45:98:881565:97,"[{""owner_id"": 261, ""share"": 1.0}]"
860,"с. Оренбург, пер. Минский, д. 6 к. 350, 285461",Коммерческое,146.5,3,19,1966,22:51:166582:731,"[{""owner_id"": 93, ""share"": 0.49}, {""owner_id"": 197, ""share"": 0.51}]"
861,"ст. Урюпинск, ш. Орловское, д. 889 к. 80, 827777",Коммерческое,167.1,5,16,1958,76:84:665163:731,"[{""owner_id"": 276, ""share"": 0.75}, {""owner_id"": 95, ""share"": 0.1}, {""owner_id"": 208, ""share"": 0.15}]"
862,"ст. Таштагол, алл. 8 Марта, д. 97 к. 4/1, 071210",Квартира,52.5,5,23,1973,10:81:568957:820,"[{""owner_id"": 64, ""share"": 0.87}, {""owner_id"": 107, ""share"": 0.13}]"
863,"п. Калязин, бул. Ленина, д. 4/1 к. 8, 719619",Квартира,123.5,2,3,2021,42:14:188720:128,"[{""owner_id"": 21, ""share"": 1.0}]"
864,"с. Ноглики, пер. Блюхера, д. 7 стр. 8/7, 099683",Коммерческое,50.9,1,8,1988,15:76:920827:301,"[{""owner_id"": 187, ""share"": 1.0}]"
865,"ст. Курган, ул. Осипенко, д. 52, 653793",Квартира,123.9,3,17,1995,87:78:635392:215,"[{""owner_id"": 228, ""share"": 1.0}]"
866,"ст. Верхний Тагил, ул. Отрадная, д. 19 стр. 1/6, 736015",Квартира,26.6,2,10,1977,27:87:678888:222,"[{""owner_id"": 23, ""share"": 1.0}]"
867,"г. Мыс Шмидта, бул. Гаражный, д. 316, 008026",Квартира,151.2,4,3,2020,42:43:500327:666,"[{""owner_id"": 143, ""share"": 1.0}]"
868,"клх Кудымкар, наб. Макарова, д. 63 к. 9, 571921",Коммерческое,45.8,2,3,1984,91:99:776930:198,"[{""owner_id"": 205, ""share"": 0.86}, {""owner_id"": 234, ""share"": 0.06}, {""owner_id"": 43, ""share"": 0.08}]"
869,"с. Химки, ш. Калужское, д. 4/9, 643203",Дом,167.9,3,14,1998,13:87:359520:80,"[{""owner_id"": 289, ""share"": 0.58}, {""owner_id"": 262, ""share"": 0.42}]"
870,"клх Дзержинск, пр. Олега Кошевого, д. 3 стр. 74, 492724",Квартира,143.1,4,3,1992,91:21:480443:932,"[{""owner_id"": 273, ""share"": 1.0}]"
871,"ст. Асино, бул. Малый, д. 186 стр. 146, 190854",Квартира,176.4,2,9,1951,22:58:333020:388,"[{""owner_id"": 140, ""share"": 1.0}]"
872,"с. Галич, бул. Краснознаменный, д. 633 к. 4/7, 010009",Дом,37.2,3,23,2023,46:80:384220:623,"[{""owner_id"": 64, ""share"": 0.68}, {""owner_id"": 90, ""share"": 0.14}, {""owner_id"": 270, ""share"": 0.18}]"
873,"г. Усть-Калманка, пер. Торговый, д. 148 к. 48, 415892",Квартира,77.2,4,6,1994,96:78:678469:609,"[{""owner_id"": 25, ""share"": 1.0}]"
874,"г. Кузнецк, алл. Сурикова, д. 7/2 стр. 76, 808122",Дом,21.7,5,23,1969,94:26:249600:388,"[{""owner_id"": 207, ""share"": 0.57}, {""owner_id"": 245, ""share"": 0.43}]"
875,"к. Холмск, ш. Гафури, д. 8 к. 253, 058330",Квартира,185.3,3,23,1981,96:87:538560:724,"[{""owner_id"": 137, ""share"": 1.0}]"
876,"п. Шенкурск, пер. Толбухина, д. 3 к. 289, 269376",Дом,163.7,5,10,1985,64:76:853367:903,"[{""owner_id"": 225, ""share"": 1.0}]"
877,"ст. Воркута, ш. Вахитова, д. 8/2 к. 8/7, 883636",Дом,172.1,1,3,1980,21:31:703263:59,"[{""owner_id"": 118, ""share"": 0.86}, {""owner_id"": 157, ""share"": 0.08}, {""owner_id"": 45, ""share"": 0.06}]"
878,"г. Переславль-Залесский, алл. Высоцкого, д. 3/3 стр. 76, 788093",Коммерческое,187.3,1,14,2015,27:71:621986:528,"[{""owner_id"": 147, ""share"": 1.0}]"
879,"г. Певек, алл. Техническая, д. 474 к. 9, 255977",Коммерческое,42.4,1,20,1974,10:64:836720:548,"[{""owner_id"": 273, ""share"": 1.0}]"
880,"с. Мостовской, ш. Мая 1, д. 5/1 стр. 68, 501417",Квартира,129.3,2,22,2017,38:32:178771:376,"[{""owner_id"": 126, ""share"": 0.65}, {""owner_id"": 271, ""share"": 0.35}]"
881,"к. Старый Оскол, пер. Енисейский, д. 629 стр. 6/2, 114860",Дом,109.2,2,12,1964,53:96:361897:852,"[{""owner_id"": 264, ""share"": 0.86}, {""owner_id"": 181, ""share"": 0.14}]"
882,"ст. Балашиха, бул. Воронежский, д. 5, 878757",Дом,73.9,3,9,1977,10:90:696474:404,"[{""owner_id"": 61, ""share"": 1.0}]"
883,"клх Анадырь, пер. Привольный, д. 311, 018607",Коммерческое,112.8,1,15,2012,17:55:106177:631,"[{""owner_id"": 157, ""share"": 1.0}]"
884,"д. Апрелевка, бул. Чайковского, д. 32 к. 73, 180620",Дом,39.3,3,24,1973,61:55:109294:104,"[{""owner_id"": 153, ""share"": 1.0}]"
885,"клх Каменск-Уральский, алл. Лесхозная, д. 76, 497537",Квартира,115.2,2,14,1965,72:10:263190:788,"[{""owner_id"": 102, ""share"": 1.0}]"
886,"клх Муром, ш. Звездное, д. 5 к. 6/7, 406873",Дом,91.2,3,12,2004,33:78:950965:276,"[{""owner_id"": 116, ""share"": 1.0}]"
887,"к. Объячево, наб. Тургенева, д. 746, 583483",Коммерческое,171.1,2,5,1995,65:10:476687:905,"[{""owner_id"": 225, ""share"": 1.0}]"
888,"клх Новая Игирма, пер. Карла Либкнехта, д. 86 стр. 76, 853207",Квартира,44.1,4,24,1992,14:30:798566:204,"[{""owner_id"": 102, ""share"": 0.25}, {""owner_id"": 57, ""share"": 0.75}]"
889,"д. Соликамск, пер. Ленина, д. 72, 443695",Коммерческое,148.6,3,25,2001,74:59:237801:113,"[{""owner_id"": 137, ""share"": 0.49}, {""owner_id"": 61, ""share"": 0.25}, {""owner_id"": 216, ""share"": 0.26}]"
890,"г. Мезень, ш. Таежное, д. 1 к. 58, 720073",Коммерческое,62.6,3,14,1951,65:71:403527:289,"[{""owner_id"": 11, ""share"": 0.38}, {""owner_id"": 65, ""share"": 0.11}, {""owner_id"": 80, ""share"": 0.51}]"
891,"ст. Шелагонцы, пер. Трудовой, д. 8/4, 295450",Квартира,131.2,5,6,1981,45:24:376331:718,"[{""owner_id"": 220, ""share"": 1.0}]"
892,"г. Раменское, наб. 60 лет Октября, д. 350, 450281",Квартира,105.3,1,23,2014,88:33:297833:876,"[{""owner_id"": 220, ""share"": 1.0}]"
893,"к. Кинешма, алл. Металлистов, д. 4, 795311",Квартира,41.7,4,2,1985,34:28:547011:19,"[{""owner_id"": 77, ""share"": 1.0}]"
894,"п. Новая Игирма, ул. Прохладная, д. 66 стр. 57, 866251",Квартира,88.5,5,10,1979,38:53:546772:491,"[{""owner_id"": 47, ""share"": 1.0}]"
895,"с. Кизилюрт, алл. Котовского, д. 5 стр. 2, 609193",Коммерческое,29.3,1,9,1996,45:54:846151:429,"[{""owner_id"": 219, ""share"": 1.0}]"
896,"г. Сосновый Бор, наб. Чайковского, д. 6 стр. 17, 272816",Квартира,27.4,1,22,1991,37:46:594988:287,"[{""owner_id"": 25, ""share"": 1.0}]"
897,"п. Саратов, пр. Кубанский, д. 61 к. 6/7, 641260",Дом,74.8,1,22,1951,97:80:907889:883,"[{""owner_id"": 52, ""share"": 0.3}, {""owner_id"": 221, ""share"": 0.35}, {""owner_id"": 95, ""share"": 0.35}]"
898,"д. Саратов, алл. Луговая, д. 469 к. 496, 399516",Коммерческое,165.8,5,17,1997,40:93:389351:216,"[{""owner_id"": 185, ""share"": 1.0}]"
899,"к. Нарткала, бул. Ворошилова, д. 72, 312343",Квартира,43.5,5,4,1955,85:93:957115:196,"[{""owner_id"": 45, ""share"": 1.0}]"
900,"д. Нефедова, бул. Мира, д. 30, 936450",Квартира,33.5,5,20,1993,48:70:897953:207,"[{""owner_id"": 229, ""share"": 1.0}]"
901,"ст. Когалым, алл. Ореховая, д. 67, 767299",Квартира,43.0,4,18,1982,81:54:483791:460,"[{""owner_id"": 79, ""share"": 1.0}]"
902,"клх Надым, пер. Железнодорожный, д. 5 к. 91, 436953",Дом,32.2,4,17,2014,12:31:728258:281,"[{""owner_id"": 61, ""share"": 1.0}]"
903,"клх Енисейск, пер. Леваневского, д. 2/2 стр. 1, 291792",Дом,28.2,5,2,1974,60:73:817953:546,"[{""owner_id"": 67, ""share"": 1.0}]"
904,"ст. Богучар, алл. Алтайская, д. 262 к. 487, 219836",Коммерческое,89.1,4,13,1984,36:33:103775:164,"[{""owner_id"": 39, ""share"": 0.45}, {""owner_id"": 85, ""share"": 0.55}]"
905,"с. Кежма, пр. Демьяна Бедного, д. 2/1 стр. 3, 707459",Коммерческое,102.0,5,9,1988,38:47:842658:275,"[{""owner_id"": 5, ""share"": 1.0}]"
906,"ст. Каменск-Шахтинский, наб. Бульварная, д. 1, 202683",Квартира,28.2,2,10,1955,91:28:391248:950,"[{""owner_id"": 88, ""share"": 1.0}]"
907,"п. Минеральные Воды, наб. Горная, д. 69 стр. 8/7, 304093",Коммерческое,196.4,2,18,1964,10:93:464340:648,"[{""owner_id"": 27, ""share"": 1.0}]"
908,"клх Сибай, наб. Строителей, д. 482 стр. 9/9, 013827",Дом,35.0,5,9,1967,62:88:409220:333,"[{""owner_id"": 189, ""share"": 1.0}]"
909,"г. Можайск, алл. Владимирская, д. 7, 184220",Дом,194.9,5,22,2024,23:98:500536:969,"[{""owner_id"": 6, ""share"": 0.68}, {""owner_id"": 183, ""share"": 0.13}, {""owner_id"": 113, ""share"": 0.19}]"
910,"д. Усолье Сибирское, наб. Заовражная, д. 90, 168163",Квартира,167.0,2,11,1984,36:84:760393:828,"[{""owner_id"": 283, ""share"": 1.0}]"
911,"п. Углегорск, бул. Дальний, д. 4/7 стр. 578, 672000",Коммерческое,150.7,3,5,2011,21:73:290330:471,"[{""owner_id"": 203, ""share"": 0.46}, {""owner_id"": 80, ""share"": 0.54}]"
912,"г. Красноуфимск, бул. Сиреневый, д. 870 стр. 563, 089512",Квартира,122.5,2,21,1986,12:49:270832:907,"[{""owner_id"": 91, ""share"": 1.0}]"
913,"г. Тура, ул. Рябиновая, д. 594 к. 5, 697296",Коммерческое,129.4,1,5,1959,64:41:577127:931,"[{""owner_id"": 202, ""share"": 1.0}]"
914,"с. Галич, алл. Просвещения, д. 8/2 стр. 87, 886263",Квартира,150.4,2,24,1951,87:22:496230:394,"[{""owner_id"": 207, ""share"": 1.0}]"
915,"г. Данков, пр. Революции, д. 9/4 стр. 855, 713887",Коммерческое,188.2,2,8,1960,44:28:757860:615,"[{""owner_id"": 7, ""share"": 1.0}]"
916,"п. Дивногорск, бул. Рязанский, д. 2/5, 662763",Квартира,117.6,3,23,1960,35:27:603762:778,"[{""owner_id"": 5, ""share"": 1.0}]"
917,"к. Вытегра, ш. Л.Толстого, д. 2/5, 152483",Квартира,75.3,4,5,1981,17:79:825657:274,"[{""owner_id"": 228, ""share"": 1.0}]"
918,"д. Раменское, пр. Васильковый, д. 1/5, 568969",Квартира,168.5,1,18,1987,23:75:977116:426,"[{""owner_id"": 64, ""share"": 1.0}]"
919,"п. Октябрьское (Хант.), пер. Камский, д. 904 стр. 47, 315922",Квартира,60.8,4,5,1995,93:46:336856:944,"[{""owner_id"": 115, ""share"": 1.0}]"
920,"с. Беслан, наб. Главная, д. 2 к. 740, 911872",Квартира,60.4,3,12,1959,88:52:224099:370,"[{""owner_id"": 197, ""share"": 0.49}, {""owner_id"": 58, ""share"": 0.51}]"
921,"к. Сочи, пер. Тупиковый, д. 218, 960757",Коммерческое,52.6,4,5,1988,89:46:465308:897,"[{""owner_id"": 44, ""share"": 0.24}, {""owner_id"": 23, ""share"": 0.4}, {""owner_id"": 78, ""share"": 0.36}]"
922,"к. Черемхово, пр. Коммунальный, д. 3 стр. 81, 148656",Коммерческое,86.4,3,23,1959,10:29:915565:672,"[{""owner_id"": 256, ""share"": 1.0}]"
923,"д. Южноуральск, бул. Кузнечный, д. 861 стр. 75, 163129",Дом,100.4,4,3,1964,83:64:862008:286,"[{""owner_id"": 76, ""share"": 1.0}]"
924,"ст. Нижний Тагил, ш. Водопроводное, д. 2/7 к. 7, 788119",Квартира,52.7,4,12,1990,73:64:604667:711,"[{""owner_id"": 166, ""share"": 1.0}]"
925,"с. Тутаев, бул. Коммунистический, д. 830, 675321",Коммерческое,116.1,5,18,1979,59:20:709184:733,"[{""owner_id"": 171, ""share"": 0.41}, {""owner_id"": 71, ""share"": 0.31}, {""owner_id"": 126, ""share"": 0.28}]"
926,"ст. Каменномостский, ул. Тульская, д. 979 к. 5, 049037",Коммерческое,166.0,2,23,1961,40:56:103005:209,"[{""owner_id"": 296, ""share"": 1.0}]"
927,"клх Магнитогорск, пер. Буденного, д. 75 к. 99, 274392",Квартира,30.7,3,12,1967,47:68:251141:856,"[{""owner_id"": 9, ""share"": 0.48}, {""owner_id"": 186, ""share"": 0.14}, {""owner_id"": 286, ""share"": 0.38}]"
928,"ст. Неплюевка, пр. Городской, д. 692, 476212",Квартира,30.1,2,4,1968,58:13:829937:989,"[{""owner_id"": 216, ""share"": 0.27}, {""owner_id"": 125, ""share"": 0.73}]"
929,"ст. Ачинск, бул. Геологов, д. 59, 413845",Коммерческое,39.1,5,3,2011,86:30:131652:151,"[{""owner_id"": 28, ""share"": 1.0}]"
930,"к. Оха, ш. Интернациональное, д. 80, 859096",Квартира,33.9,5,14,1969,33:70:879677:144,"[{""owner_id"": 41, ""share"": 1.0}]"
931,"ст. Челюскин, пр. Театральный, д. 1 стр. 81, 351668",Дом,99.9,1,10,1964,29:17:773662:33,"[{""owner_id"": 154, ""share"": 0.43}, {""owner_id"": 241, ""share"": 0.57}]"
932,"п. Кашира, пр. Хуторской, д. 8/1 стр. 3/2, 340242",Коммерческое,48.9,4,14,2008,80:43:699853:514,"[{""owner_id"": 89, ""share"": 1.0}]"
933,"клх Куртамыш, бул. Угловой, д. 363, 654018",Дом,187.7,3,3,2016,58:26:879233:217,"[{""owner_id"": 117, ""share"": 1.0}]"
934,"к. Курильск, наб. Поперечная, д. 30, 350947",Квартира,90.6,5,20,1959,98:69:600607:321,"[{""owner_id"": 29, ""share"": 1.0}]"
935,"клх Верхоянск, бул. Кузнецова, д. 556, 994147",Дом,49.7,3,21,2004,34:44:213666:107,"[{""owner_id"": 208, ""share"": 1.0}]"
936,"д. Улан-Удэ, бул. Ключевой, д. 17 стр. 5, 451908",Квартира,63.1,2,18,1963,18:37:726116:12,"[{""owner_id"": 172, ""share"": 1.0}]"
937,"ст. Буденновск, ш. Кирпичное, д. 735 стр. 5, 992023",Коммерческое,187.3,2,9,1960,82:82:147054:578,"[{""owner_id"": 159, ""share"": 0.54}, {""owner_id"": 97, ""share"": 0.46}]"
938,"клх Омск, пер. Олега Кошевого, д. 62 к. 93, 194118",Квартира,196.5,3,13,2014,34:50:888363:401,"[{""owner_id"": 248, ""share"": 0.35}, {""owner_id"": 24, ""share"": 0.52}, {""owner_id"": 25, ""share"": 0.13}]"
939,"ст. Юрьев-Польский, ш. Маяковского, д. 34, 066283",Коммерческое,110.6,5,25,1969,13:85:934739:392,"[{""owner_id"": 67, ""share"": 0.37}, {""owner_id"": 50, ""share"": 0.63}]"
940,"п. Каневская, бул. Угловой, д. 44 к. 6/2, 694086",Дом,49.0,4,3,1961,39:37:946699:698,"[{""owner_id"": 20, ""share"": 1.0}]"
941,"п. Лодейное Поле, бул. Смоленский, д. 3/9, 507435",Коммерческое,112.9,5,21,2016,53:67:923501:135,"[{""owner_id"": 83, ""share"": 1.0}]"
942,"п. Устюжна, пер. Королева, д. 8 стр. 739, 453591",Коммерческое,174.1,4,2,1999,40:36:740037:622,"[{""owner_id"": 185, ""share"": 1.0}]"
943,"к. Балашов, пр. Свободный, д. 10 к. 5, 887344",Коммерческое,133.0,4,4,1951,28:49:673713:889,"[{""owner_id"": 79, ""share"": 1.0}]"
944,"д. Рязань, пр. Отрадный, д. 1/7 к. 770, 149711",Дом,49.1,3,19,1996,55:21:174589:184,"[{""owner_id"": 45, ""share"": 0.46}, {""owner_id"": 256, ""share"": 0.16}, {""owner_id"": 49, ""share"": 0.38}]"
945,"ст. Троицко-Печорск, ш. Никитина, д. 856 к. 7, 505188",Дом,157.4,4,21,1967,25:82:611976:41,"[{""owner_id"": 236, ""share"": 0.89}, {""owner_id"": 133, ""share"": 0.11}]"
946,"клх Владикавказ, пр. Гагарина, д. 3 к. 44, 969850",Дом,93.6,5,22,1966,66:56:637373:866,"[{""owner_id"": 147, ""share"": 1.0}]"
947,"ст. Анадырь, наб. Глинки, д. 4/8 стр. 5, 242861",Дом,35.0,4,17,2007,43:97:144748:636,"[{""owner_id"": 161, ""share"": 1.0}]"
948,"к. Светлогорск (Калин.), наб. Озерная, д. 15, 857626",Дом,87.6,5,13,1959,38:59:584734:686,"[{""owner_id"": 30, ""share"": 0.11}, {""owner_id"": 126, ""share"": 0.69}, {""owner_id"": 288, ""share"": 0.2}]"
949,"клх Приозерск, пер. Высотный, д. 96, 635853",Дом,135.6,4,4,1960,33:23:516226:787,"[{""owner_id"": 239, ""share"": 1.0}]"
950,"г. Валаам, пр. Репина, д. 2, 048527",Дом,31.6,3,20,2012,37:99:877293:488,"[{""owner_id"": 206, ""share"": 1.0}]"
951,"д. Октябрьский (Башк.), ул. Полтавская, д. 6/7 к. 40, 344439",Квартира,118.1,4,5,1977,50:82:132844:616,"[{""owner_id"": 233, ""share"": 1.0}]"
952,"д. Шатки, бул. Владимирский, д. 91 к. 423, 761707",Дом,58.4,2,1,2004,44:42:766566:181,"[{""owner_id"": 32, ""share"": 0.73}, {""owner_id"": 186, ""share"": 0.27}]"
953,"с. Малоярославец, ш. 70 лет Октября, д. 8/7 к. 36, 367850",Дом,92.9,3,23,2007,63:77:324505:686,"[{""owner_id"": 36, ""share"": 1.0}]"
954,"к. Таганрог, пер. Абрикосовый, д. 4 к. 9, 295377",Дом,81.6,3,6,1975,54:63:605020:487,"[{""owner_id"": 95, ""share"": 0.17}, {""owner_id"": 28, ""share"": 0.83}]"
955,"ст. Колпашево, пр. Вавилова, д. 9/8 к. 1, 207675",Коммерческое,98.6,5,13,1951,81:86:308205:80,"[{""owner_id"": 83, ""share"": 1.0}]"
956,"д. Саянск, алл. Победы, д. 815 к. 13, 009406",Коммерческое,153.7,3,1,1969,68:28:623706:886,"[{""owner_id"": 297, ""share"": 0.36}, {""owner_id"": 75, ""share"": 0.64}]"
957,"к. Терней, алл. Ленина, д. 6, 856535",Дом,113.7,1,15,1966,91:67:769952:993,"[{""owner_id"": 209, ""share"": 1.0}]"
958,"ст. Гудермес, пр. Речной, д. 804 к. 291, 349561",Квартира,154.2,2,14,2019,31:86:495896:222,"[{""owner_id"": 19, ""share"": 1.0}]"
959,"ст. Можайск, ул. Кузнечная, д. 9, 746614",Коммерческое,123.8,1,12,1996,12:48:421876:515,"[{""owner_id"": 98, ""share"": 1.0}]"
960,"с. Рославль, пер. Глинки, д. 1/5, 966682",Дом,94.5,3,12,2019,64:76:902245:344,"[{""owner_id"": 64, ""share"": 0.62}, {""owner_id"": 256, ""share"": 0.38}]"
961,"клх Далматово, пр. Кутузова, д. 1 к. 442, 029276",Дом,97.1,2,18,1970,79:65:500098:292,"[{""owner_id"": 91, ""share"": 1.0}]"
962,"к. Лабинск, бул. Тульский, д. 3/3 к. 640, 318660",Квартира,199.2,1,3,1952,88:62:208711:509,"[{""owner_id"": 224, ""share"": 0.66}, {""owner_id"": 146, ""share"": 0.34}]"
963,"к. Североуральск, алл. Революционная, д. 8, 247442",Коммерческое,124.6,1,22,1987,63:37:333705:796,"[{""owner_id"": 279, ""share"": 0.61}, {""owner_id"": 52, ""share"": 0.39}]"
964,"к. Шерегеш, наб. Пушкинская, д. 923 к. 4/6, 866477",Квартира,55.2,4,4,1994,69:62:960270:661,"[{""owner_id"": 196, ""share"": 1.0}]"
965,"п. Верхотурье, наб. Магистральная, д. 30, 853465",Квартира,111.4,3,22,1983,49:63:806007:248,"[{""owner_id"": 203, ""share"": 0.85}, {""owner_id"": 4, ""share"": 0.15}]"
966,"п. Юрьев-Польский, ш. Радищева, д. 81 стр. 6, 984128",Квартира,22.8,2,12,2016,86:50:451367:175,"[{""owner_id"": 213, ""share"": 1.0}]"
967,"к. Торжок, пр. Бажова, д. 3, 831934",Коммерческое,90.8,1,19,2004,26:91:509376:746,"[{""owner_id"": 221, ""share"": 0.88}, {""owner_id"": 124, ""share"": 0.08}, {""owner_id"": 285, ""share"": 0.04}]"
968,"клх Белоярский, пер. Ключевой, д. 7, 429242",Коммерческое,48.5,2,4,1966,74:25:762113:591,"[{""owner_id"": 163, ""share"": 1.0}]"
969,"д. Сладково, ш. Тульское, д. 391 стр. 385, 341146",Дом,56.7,1,1,2005,11:90:907437:608,"[{""owner_id"": 134, ""share"": 0.23}, {""owner_id"": 284, ""share"": 0.77}]"
970,"п. Великий Устюг, бул. Декабристов, д. 4 к. 415, 304407",Квартира,122.9,1,24,1966,68:91:762177:797,"[{""owner_id"": 279, ""share"": 1.0}]"
971,"клх Волгодонск, пер. Макаренко, д. 9, 557663",Коммерческое,181.6,3,7,2018,41:58:907814:267,"[{""owner_id"": 123, ""share"": 1.0}]"
972,"к. Голицыно, бул. Воронежский, д. 526 стр. 3, 641910",Квартира,188.3,1,21,2024,23:24:581430:950,"[{""owner_id"": 141, ""share"": 1.0}]"
973,"клх Онега, пр. Студенческий, д. 308 стр. 34, 682682",Квартира,70.8,2,3,1959,73:56:979037:213,"[{""owner_id"": 55, ""share"": 1.0}]"
974,"клх Тамбов, бул. Короленко, д. 76 к. 90, 479100",Квартира,94.5,4,21,1959,36:97:540304:385,"[{""owner_id"": 252, ""share"": 1.0}]"
975,"п. Яшкуль, наб. 8-е Марта, д. 92 стр. 1/4, 200748",Квартира,182.7,5,21,1954,25:53:463629:496,"[{""owner_id"": 231, ""share"": 0.24}, {""owner_id"": 83, ""share"": 0.76}]"
976,"клх Губкин, ш. Орловское, д. 2/3 к. 2, 520580",Квартира,54.7,1,18,1952,76:75:897925:157,"[{""owner_id"": 280, ""share"": 0.52}, {""owner_id"": 3, ""share"": 0.17}, {""owner_id"": 82, ""share"": 0.31}]"
977,"г. Оленек, наб. Кооперативная, д. 52, 654747",Квартира,181.7,1,11,1967,38:20:863094:709,"[{""owner_id"": 187, ""share"": 1.0}]"
978,"г. Челюскин, наб. Народная, д. 7, 430165",Коммерческое,119.3,3,15,2013,65:75:519369:945,"[{""owner_id"": 138, ""share"": 0.26}, {""owner_id"": 141, ""share"": 0.15}, {""owner_id"": 247, ""share"": 0.59}]"
979,"ст. Данков, пер. Победа, д. 7/6, 993136",Квартира,143.7,3,13,1963,84:85:426720:170,"[{""owner_id"": 89, ""share"": 1.0}]"
980,"клх Губкин, ш. Солнечное, д. 913, 047947",Дом,127.3,3,11,1963,87:59:550167:205,"[{""owner_id"": 250, ""share"": 0.81}, {""owner_id"": 222, ""share"": 0.19}]"
981,"п. Тимашевск, алл. Ворошилова, д. 648, 829441",Коммерческое,167.5,4,6,1954,75:42:715377:420,"[{""owner_id"": 192, ""share"": 1.0}]"
982,"с. Уэлен, ул. Коммунаров, д. 84 стр. 48, 167309",Дом,91.7,1,6,1991,64:33:475122:252,"[{""owner_id"": 272, ""share"": 1.0}]"
983,"п. Партизанск, ул. Ореховая, д. 9/7 к. 7, 925822",Дом,46.1,3,4,1951,50:98:111430:735,"[{""owner_id"": 191, ""share"": 1.0}]"
984,"ст. Вытегра, алл. Сенная, д. 45 стр. 968, 684676",Коммерческое,163.1,2,18,1958,59:46:731035:218,"[{""owner_id"": 239, ""share"": 1.0}]"
985,"д. Петрозаводск, наб. Новосельская, д. 5/5 к. 8, 213531",Коммерческое,70.0,5,22,1959,83:92:542237:699,"[{""owner_id"": 53, ""share"": 1.0}]"
986,"к. Мытищи, бул. Аэродромный, д. 5/9 стр. 5/2, 486267",Квартира,164.5,4,2,1985,63:25:230120:464,"[{""owner_id"": 163, ""share"": 0.26}, {""owner_id"": 164, ""share"": 0.74}]"
987,"ст. Геленджик, пер. 8-е Марта, д. 5/6 стр. 74, 515641",Коммерческое,88.9,5,1,1986,12:92:921355:877,"[{""owner_id"": 168, ""share"": 1.0}]"
988,"д. Шатой, алл. Октябрьская, д. 693 к. 20, 301597",Дом,71.2,4,2,2018,77:15:453778:661,"[{""owner_id"": 3, ""share"": 1.0}]"
989,"к. Долинск, пер. Бригадный, д. 34, 668098",Квартира,169.4,4,24,1988,45:50:890303:355,"[{""owner_id"": 241, ""share"": 1.0}]"
990,"клх Белгород, ш. 1 Мая, д. 440, 480153",Дом,108.9,1,13,1988,99:68:617300:870,"[{""owner_id"": 285, ""share"": 1.0}]"
991,"к. Тулпан, пр. Вахитова, д. 555 к. 7, 539260",Дом,188.8,1,1,1978,16:11:245473:108,"[{""owner_id"": 63, ""share"": 1.0}]"
992,"ст. Курганинск, ш. Шолохова, д. 37 стр. 753, 991192",Дом,166.9,5,1,1956,43:15:216185:50,"[{""owner_id"": 224, ""share"": 0.17}, {""owner_id"": 116, ""share"": 0.56}, {""owner_id"": 88, ""share"": 0.27}]"
993,"с. Ялуторовск, алл. О.Кошевого, д. 1 стр. 61, 383077",Дом,68.6,2,5,2024,68:25:232423:327,"[{""owner_id"": 39, ""share"": 0.65}, {""owner_id"": 136, ""share"": 0.22}, {""owner_id"": 169, ""share"": 0.13}]"
994,"д. Дзержинск, алл. 50 лет Победы, д. 56, 956784",Коммерческое,42.0,5,8,2023,71:94:613911:288,"[{""owner_id"": 300, ""share"": 0.61}, {""owner_id"": 212, ""share"": 0.39}]"
995,"г. Светлогорск (Калин.), пер. Рабочий, д. 6/2 стр. 298, 755129",Квартира,36.5,3,23,1960,55:81:976129:894,"[{""owner_id"": 248, ""share"": 1.0}]"
996,"г. Меренга, ш. Мелиоративное, д. 4 стр. 964, 838597",Коммерческое,34.0,4,2,1977,11:95:326634:480,"[{""owner_id"": 106, ""share"": 1.0}]"
997,"с. Рязань, пр. 8 Марта, д. 670 к. 5, 343687",Квартира,166.5,5,17,1990,49:68:787120:158,"[{""owner_id"": 97, ""share"": 0.18}, {""owner_id"": 250, ""share"": 0.82}]"
998,"к. Приморско-Ахтарск, алл. Малая, д. 194 стр. 7/4, 153597",Дом,89.4,4,20,2015,35:61:297083:71,"[{""owner_id"": 55, ""share"": 0.28}, {""owner_id"": 67, ""share"": 0.72}]"
999,"г. Барнаул, ул. Орджоникидзе, д. 8, 349431",Коммерческое,75.3,5,21,1963,28:69:212379:763,"[{""owner_id"": 85, ""share"": 1.0}]"
1000,"п. Иваново, наб. Семашко, д. 7 к. 2, 547416",Дом,53.7,1,16,2017,67:55:378479:122,"[{""owner_id"": 9, ""share"": 1.0}]"
1001,"с. Качканар, бул. Матросова, д. 33 стр. 6, 809579",Дом,111.4,1,15,1984,57:22:151521:665,"[{""owner_id"": 44, ""share"": 0.27}, {""owner_id"": 182, ""share"": 0.31}, {""owner_id"": 221, ""share"": 0.42}]"
1002,"к. Таштагол, бул. Глинки, д. 1/3, 136233",Квартира,72.9,4,6,1985,77:87:617594:532,"[{""owner_id"": 217, ""share"": 1.0}]"
1003,"г. Малгобек, пр. Кузнечный, д. 7, 147973",Коммерческое,64.8,1,8,1964,16:14:703172:273,"[{""owner_id"": 26, ""share"": 1.0}]"
1004,"д. Нижнекамск, наб. 50 лет Октября, д. 883 стр. 6, 017039",Квартира,69.6,5,23,2001,60:60:206225:226,"[{""owner_id"": 273, ""share"": 1.0}]"
1005,"г. Буйнакск, наб. Совхозная, д. 117 к. 8/5, 786928",Квартира,82.6,3,23,1986,10:22:294069:516,"[{""owner_id"": 138, ""share"": 0.26}, {""owner_id"": 254, ""share"": 0.74}]"
1006,"клх Внуково (метеост.), бул. Прудовой, д. 459 к. 8/7, 536735",Квартира,53.7,4,5,1951,95:70:548709:343,"[{""owner_id"": 245, ""share"": 0.24}, {""owner_id"": 157, ""share"": 0.48}, {""owner_id"": 123, ""share"": 0.28}]"
1007,"г. Сунтар, пр. Раздольный, д. 98, 413351",Квартира,50.7,1,20,1995,70:84:101055:501,"[{""owner_id"": 136, ""share"": 1.0}]"
1008,"г. Курчатов, ул. Семашко, д. 3, 493663",Квартира,122.1,3,8,2017,74:31:891666:151,"[{""owner_id"": 242, ""share"": 0.14}, {""owner_id"": 57, ""share"": 0.86}]"
1009,"клх Хасан, пр. Светлый, д. 9 к. 130, 356582",Дом,101.5,3,18,1982,94:72:365852:374,"[{""owner_id"": 52, ""share"": 0.74}, {""owner_id"": 156, ""share"": 0.26}]"
1010,"д. Ивдель, алл. Карбышева, д. 57 к. 928, 691122",Дом,147.8,5,25,2011,24:44:819096:532,"[{""owner_id"": 181, ""share"": 1.0}]"
1011,"г. Кулунда, бул. Ольховый, д. 3 стр. 2/2, 892594",Квартира,138.7,2,12,2013,13:41:705640:759,"[{""owner_id"": 11, ""share"": 0.88}, {""owner_id"": 76, ""share"": 0.12}]"
1012,"с. Кулунда, бул. Абрикосовый, д. 6/4 стр. 65, 411818",Дом,57.1,1,7,1998,91:23:387230:899,"[{""owner_id"": 221, ""share"": 1.0}]"
1013,"п. Онега, алл. Пролетарская, д. 3 к. 938, 937684",Дом,197.7,5,6,1983,96:54:447283:401,"[{""owner_id"": 279, ""share"": 1.0}]"
1014,"ст. Тайшет, наб. Кошевого, д. 12, 483335",Дом,54.3,5,17,1993,88:25:554515:815,"[{""owner_id"": 142, ""share"": 1.0}]"
1015,"г. Вытегра, пр. Краснодарский, д. 16, 087647",Дом,39.8,1,16,1968,69:97:257525:536,"[{""owner_id"": 178, ""share"": 1.0}]"
1016,"клх Хоста, пр. Клары Цеткин, д. 2/9, 762950",Дом,22.8,1,7,1986,85:25:155777:501,"[{""owner_id"": 286, ""share"": 0.49}, {""owner_id"": 84, ""share"": 0.12}, {""owner_id"": 156, ""share"": 0.39}]"
1017,"клх Старый Оскол, ш. Песчаное, д. 3/2 стр. 3/1, 888680",Дом,138.8,1,2,1982,27:54:397025:805,"[{""owner_id"": 221, ""share"": 1.0}]"
1018,"д. Охотск, алл. Красная, д. 72 стр. 6, 496741",Коммерческое,68.7,2,14,2024,20:47:329489:33,"[{""owner_id"": 288, ""share"": 0.86}, {""owner_id"": 80, ""share"": 0.14}]"
1019,"г. Мостовской, бул. Камский, д. 164 стр. 1/4, 251970",Квартира,166.1,4,14,2001,22:43:416693:612,"[{""owner_id"": 182, ""share"": 1.0}]"
1020,"клх Одинцово, пер. Сиреневый, д. 96 стр. 79, 074215",Дом,142.2,3,19,1967,97:35:362165:139,"[{""owner_id"": 289, ""share"": 1.0}]"
1021,"д. Кош-Агач, пр. Придорожный, д. 3 стр. 1/3, 169088",Дом,74.9,3,19,2009,79:33:494228:802,"[{""owner_id"": 103, ""share"": 1.0}]"
1022,"ст. Кыштым, ул. Малая, д. 63 стр. 58, 910657",Дом,144.9,5,22,1995,69:55:548443:478,"[{""owner_id"": 224, ""share"": 0.21}, {""owner_id"": 50, ""share"": 0.79}]"
1023,"ст. Вендинга, наб. Титова, д. 7 к. 25, 214012",Дом,25.0,5,1,2003,21:27:745092:929,"[{""owner_id"": 211, ""share"": 1.0}]"
1024,"г. Холмск, наб. Невского, д. 835 к. 277, 030568",Коммерческое,112.2,2,20,2019,82:47:156136:774,"[{""owner_id"": 125, ""share"": 1.0}]"
1025,"д. Медногорск, алл. Прудная, д. 1/6, 648389",Дом,165.3,5,15,1956,20:17:383298:850,"[{""owner_id"": 65, ""share"": 0.64}, {""owner_id"": 207, ""share"": 0.36}]"
1026,"п. Северобайкальск, пер. Большевистский, д. 787 к. 8/7, 064345",Коммерческое,79.6,1,4,2024,96:75:875278:735,"[{""owner_id"": 55, ""share"": 0.76}, {""owner_id"": 171, ""share"": 0.12}, {""owner_id"": 50, ""share"": 0.12}]"
1027,"ст. Валаам, ш. Дорожников, д. 40 стр. 52, 757451",Коммерческое,45.9,4,5,1978,96:91:993654:159,"[{""owner_id"": 105, ""share"": 1.0}]"
1028,"д. Лазаревское, ш. Московское, д. 8 стр. 91, 560542",Коммерческое,198.0,1,16,1975,24:18:100037:157,"[{""owner_id"": 160, ""share"": 1.0}]"
1029,"с. Шадринск, наб. Горького, д. 7/2 стр. 810, 647545",Коммерческое,37.4,2,4,2010,13:74:565374:401,"[{""owner_id"": 62, ""share"": 1.0}]"
1030,"с. Егорьевск, пер. Макарова, д. 72 стр. 94, 403909",Дом,92.8,2,8,2019,43:88:814416:450,"[{""owner_id"": 63, ""share"": 1.0}]"
1031,"д. Нижнекамск, пр. Заречный, д. 7/3 стр. 2/4, 687097",Квартира,53.3,2,6,2015,99:79:310083:488,"[{""owner_id"": 64, ""share"": 0.22}, {""owner_id"": 222, ""share"": 0.78}]"
1032,"с. Шамары, пр. Дорожный, д. 79 к. 46, 792711",Коммерческое,38.0,5,16,1997,95:45:510191:396,"[{""owner_id"": 149, ""share"": 1.0}]"
1033,"ст. Коломна, ул. Мельничная, д. 3/3 к. 368, 323330",Дом,95.0,4,5,1953,46:68:225961:578,"[{""owner_id"": 55, ""share"": 1.0}]"
1034,"д. Чикола, наб. Заливная, д. 1/7, 694306",Дом,26.1,5,15,1955,55:27:590636:904,"[{""owner_id"": 298, ""share"": 1.0}]"
1035,"п. Невьянск, пер. Ветеранов, д. 3 к. 2, 853700",Дом,110.1,5,7,1994,77:59:637966:65,"[{""owner_id"": 142, ""share"": 0.89}, {""owner_id"": 5, ""share"": 0.11}]"
1036,"к. Тутаев, наб. Высотная, д. 6/4 стр. 919, 425542",Дом,138.1,5,11,2008,27:45:923091:781,"[{""owner_id"": 78, ""share"": 1.0}]"
1037,"п. Сасово, ш. Дружбы, д. 65 к. 778, 860203",Квартира,184.9,4,13,2010,87:94:289136:590,"[{""owner_id"": 202, ""share"": 1.0}]"
1038,"г. Красная Поляна, пр. Строительный, д. 995, 639928",Коммерческое,78.3,5,12,2024,89:61:170852:47,"[{""owner_id"": 260, ""share"": 0.31}, {""owner_id"": 270, ""share"": 0.69}]"
1039,"п. Торжок, алл. Магистральная, д. 3 к. 6, 291796",Квартира,37.4,1,16,2010,51:39:909231:828,"[{""owner_id"": 82, ""share"": 1.0}]"
1040,"г. Ростов, алл. Омская, д. 98, 700510",Дом,186.0,1,20,1982,24:14:987936:768,"[{""owner_id"": 122, ""share"": 0.68}, {""owner_id"": 54, ""share"": 0.15}, {""owner_id"": 90, ""share"": 0.17}]"
1041,"к. Находка, ул. Кавказская, д. 122 стр. 575, 416487",Коммерческое,133.6,1,6,1991,23:99:571345:387,"[{""owner_id"": 192, ""share"": 1.0}]"
1042,"г. Курск, пр. Украинский, д. 6/1 к. 752, 442036",Коммерческое,56.0,3,16,2006,96:46:336450:207,"[{""owner_id"": 294, ""share"": 1.0}]"
1043,"д. Невьянск, бул. Севастопольский, д. 60 к. 3/4, 680601",Квартира,35.5,1,21,1962,36:14:949355:144,"[{""owner_id"": 223, ""share"": 0.75}, {""owner_id"": 271, ""share"": 0.25}]"
1044,"с. Шадринск, алл. Элеваторная, д. 8/2, 858197",Квартира,81.3,5,16,1974,36:83:967776:486,"[{""owner_id"": 185, ""share"": 0.55}, {""owner_id"": 209, ""share"": 0.45}]"
1045,"к. Балашов, ул. Космодемьянской, д. 8/3 стр. 692, 920182",Коммерческое,182.0,2,3,2006,64:90:494388:895,"[{""owner_id"": 183, ""share"": 1.0}]"
1046,"п. Кинешма, алл. Химиков, д. 449 стр. 6/9, 915855",Квартира,160.8,3,4,1965,73:39:153979:616,"[{""owner_id"": 41, ""share"": 1.0}]"
1047,"с. Каспийск, бул. Сурикова, д. 349 стр. 875, 142487",Квартира,167.8,3,9,1999,55:18:265531:992,"[{""owner_id"": 12, ""share"": 1.0}]"
1048,"п. Орехово-Зуево, наб. Российская, д. 31, 977367",Коммерческое,63.5,5,20,2014,49:61:748696:59,"[{""owner_id"": 274, ""share"": 1.0}]"
1049,"ст. Красноярск, алл. Фрунзе, д. 55 к. 9/8, 965715",Коммерческое,104.8,3,21,1953,14:53:541875:268,"[{""owner_id"": 57, ""share"": 1.0}]"
1050,"п. Томск, бул. Московский, д. 19 стр. 94, 424796",Квартира,56.8,3,25,1957,40:73:176453:825,"[{""owner_id"": 31, ""share"": 1.0}]"
1051,"клх Белогорск (Амур.), наб. Зеленая, д. 865 стр. 77, 426622",Коммерческое,187.3,5,16,1966,44:15:209116:37,"[{""owner_id"": 19, ""share"": 0.86}, {""owner_id"": 178, ""share"": 0.06}, {""owner_id"": 37, ""share"": 0.08}]"
1052,"д. Елатьма, алл. Коммуны, д. 20, 015273",Коммерческое,83.0,4,10,1979,12:17:127633:793,"[{""owner_id"": 116, ""share"": 1.0}]"
1053,"ст. Сковородино, ш. Саратовское, д. 5/2, 756900",Дом,142.7,1,18,2011,16:59:902875:387,"[{""owner_id"": 101, ""share"": 0.59}, {""owner_id"": 274, ""share"": 0.41}]"
1054,"п. Щелково, алл. Ворошилова, д. 8, 229835",Коммерческое,96.8,2,4,2006,25:88:485570:361,"[{""owner_id"": 221, ""share"": 1.0}]"
1055,"клх Ставрополь, ш. Нижнее, д. 4 к. 722, 473650",Квартира,62.9,1,19,1951,39:62:883785:771,"[{""owner_id"": 224, ""share"": 1.0}]"
1056,"п. Шенкурск, ул. Почтовая, д. 864 стр. 2/5, 278735",Квартира,177.2,2,2,1959,17:26:559859:185,"[{""owner_id"": 275, ""share"": 0.14}, {""owner_id"": 291, ""share"": 0.86}]"
1057,"клх Беломорск, наб. Смоленская, д. 71 стр. 3/1, 754939",Дом,128.4,2,10,1966,87:60:601954:674,"[{""owner_id"": 161, ""share"": 1.0}]"
1058,"п. Цимлянск, пер. Степной, д. 6 к. 39, 287835",Квартира,65.0,5,7,2013,55:38:565087:731,"[{""owner_id"": 40, ""share"": 1.0}]"
1059,"п. Тихорецк, алл. Лазурная, д. 573, 330236",Коммерческое,72.7,2,17,1984,50:99:667719:516,"[{""owner_id"": 188, ""share"": 1.0}]"
1060,"ст. Инта, наб. Металлургов, д. 1, 372033",Дом,147.0,5,16,1985,20:36:243792:862,"[{""owner_id"": 178, ""share"": 1.0}]"
1061,"к. Брянск, ул. Кедровая, д. 62 к. 207, 558709",Квартира,26.5,2,23,2006,93:68:219787:22,"[{""owner_id"": 119, ""share"": 0.27}, {""owner_id"": 157, ""share"": 0.3}, {""owner_id"": 284, ""share"": 0.43}]"
1062,"к. Екатеринбург, бул. Горького, д. 7, 119925",Дом,70.0,4,10,1960,17:45:996086:625,"[{""owner_id"": 18, ""share"": 1.0}]"
1063,"п. Москва, пер. Парковый, д. 9/2, 350534",Дом,89.2,1,8,1976,58:33:791982:442,"[{""owner_id"": 10, ""share"": 1.0}]"
1064,"д. Советский, наб. Машиностроителей, д. 6, 166328",Квартира,117.5,3,1,1993,43:85:327062:776,"[{""owner_id"": 157, ""share"": 1.0}]"
1065,"с. Кострома, ш. Парижской Коммуны, д. 262, 635200",Дом,160.9,1,4,2020,59:96:401380:880,"[{""owner_id"": 223, ""share"": 1.0}]"
1066,"г. Мичуринск, наб. Сенная, д. 959, 856977",Коммерческое,66.8,4,15,1980,26:11:394335:819,"[{""owner_id"": 274, ""share"": 0.56}, {""owner_id"": 238, ""share"": 0.24}, {""owner_id"": 218, ""share"": 0.2}]"
1067,"п. Кашира, пр. Железнодорожный, д. 290 стр. 714, 039278",Квартира,199.8,5,10,1993,83:60:140481:631,"[{""owner_id"": 141, ""share"": 1.0}]"
1068,"г. Лазаревское, бул. Донской, д. 4/9 к. 868, 185690",Коммерческое,65.1,5,1,1965,49:82:792874:329,"[{""owner_id"": 138, ""share"": 1.0}]"
1069,"клх Чокурдах, наб. Ушакова, д. 86 к. 18, 727208",Дом,21.6,1,12,2011,91:81:328424:419,"[{""owner_id"": 92, ""share"": 0.47}, {""owner_id"": 228, ""share"": 0.53}]"
1070,"с. Елец, алл. Гафури, д. 75 стр. 1, 830830",Дом,181.5,5,11,1958,66:33:370539:785,"[{""owner_id"": 41, ""share"": 1.0}]"
1071,"д. Шатки, бул. Попова, д. 545 стр. 86, 467490",Коммерческое,51.4,5,21,1956,39:24:786398:40,"[{""owner_id"": 133, ""share"": 0.2}, {""owner_id"": 254, ""share"": 0.8}]"
1072,"д. Тольятти, пр. Химиков, д. 2 стр. 8, 164560",Дом,124.4,1,18,1979,17:43:369950:17,"[{""owner_id"": 260, ""share"": 1.0}]"
1073,"ст. Петушки, наб. Новгородская, д. 880, 920025",Коммерческое,149.3,5,8,1994,23:19:631562:455,"[{""owner_id"": 181, ""share"": 1.0}]"
1074,"к. Качканар, ш. Шаумяна, д. 8/4, 316787",Квартира,56.7,5,12,2003,19:92:547191:897,"[{""owner_id"": 40, ""share"": 1.0}]"
1075,"ст. Пушкин, наб. Запорожская, д. 3/1, 240254",Дом,129.3,3,11,2002,93:57:593549:966,"[{""owner_id"": 13, ""share"": 1.0}]"
1076,"г. Беслан, наб. Речная, д. 999 к. 89, 738872",Коммерческое,24.6,5,7,1990,75:75:921524:596,"[{""owner_id"": 16, ""share"": 0.14}, {""owner_id"": 83, ""share"": 0.71}, {""owner_id"": 189, ""share"": 0.15}]"
1077,"г. Павловский Посад, ул. Краснознаменная, д. 4, 000914",Квартира,138.3,2,13,1960,19:38:692867:516,"[{""owner_id"": 111, ""share"": 0.76}, {""owner_id"": 194, ""share"": 0.24}]"
1078,"п. Эльтон, пер. Космический, д. 274 к. 7/6, 662897",Коммерческое,163.7,5,16,2017,76:66:432335:276,"[{""owner_id"": 281, ""share"": 0.69}, {""owner_id"": 215, ""share"": 0.19}, {""owner_id"": 276, ""share"": 0.12}]"
1079,"г. Троицк (Челяб.), ш. Репина, д. 62 стр. 67, 002230",Дом,184.0,3,8,1996,39:68:430108:767,"[{""owner_id"": 295, ""share"": 1.0}]"
1080,"к. Ачхой Мартан, пр. Семашко, д. 2/3 к. 2, 890418",Коммерческое,33.8,3,21,2011,87:39:570777:806,"[{""owner_id"": 124, ""share"": 0.39}, {""owner_id"": 228, ""share"": 0.24}, {""owner_id"": 210, ""share"": 0.37}]"
1081,"к. Братск, пр. Автомобилистов, д. 381 к. 39, 884479",Квартира,186.6,2,25,2002,96:84:798249:142,"[{""owner_id"": 292, ""share"": 1.0}]"
1082,"ст. Калязин, ул. Энгельса, д. 77 к. 9, 442022",Дом,76.5,1,14,2003,74:28:703992:507,"[{""owner_id"": 147, ""share"": 1.0}]"
1083,"к. Уварово, ш. Пирогова, д. 41 стр. 4/8, 450311",Квартира,177.8,1,6,1965,63:43:902694:568,"[{""owner_id"": 102, ""share"": 1.0}]"
1084,"с. Оленек, пер. Индустриальный, д. 2 стр. 79, 610471",Квартира,170.1,1,23,1971,19:26:639908:888,"[{""owner_id"": 241, ""share"": 0.2}, {""owner_id"": 52, ""share"": 0.8}]"
1085,"ст. Челябинск, алл. Островского, д. 3/5 стр. 7/9, 410341",Дом,83.8,4,23,2021,40:47:224811:345,"[{""owner_id"": 199, ""share"": 1.0}]"
1086,"п. Братск, ул. Заозерная, д. 640 стр. 632, 790447",Квартира,33.3,3,15,2002,90:67:876677:855,"[{""owner_id"": 173, ""share"": 0.9}, {""owner_id"": 56, ""share"": 0.1}]"
1087,"с. Абинск, бул. Прохладный, д. 267 стр. 9, 831031",Коммерческое,44.2,2,24,2015,20:29:108161:608,"[{""owner_id"": 245, ""share"": 1.0}]"
1088,"ст. Охотск, наб. Монтажников, д. 82 к. 8, 074033",Дом,77.7,2,17,1985,22:39:411792:506,"[{""owner_id"": 233, ""share"": 1.0}]"
1089,"к. Южно-Сахалинск, пер. Химиков, д. 493 стр. 536, 264106",Коммерческое,181.5,5,17,2004,46:51:502724:327,"[{""owner_id"": 289, ""share"": 1.0}]"
1090,"п. Россошь, наб. Астраханская, д. 680 к. 7/4, 010896",Коммерческое,178.8,2,14,2016,45:83:745374:322,"[{""owner_id"": 74, ""share"": 0.75}, {""owner_id"": 22, ""share"": 0.25}]"
1091,"с. Витим, наб. Космическая, д. 1/7, 004748",Квартира,41.3,3,16,2006,38:31:402491:962,"[{""owner_id"": 146, ""share"": 1.0}]"
1092,"д. Малгобек, пр. Городской, д. 9 стр. 470, 100770",Коммерческое,155.9,1,20,1955,79:78:937803:200,"[{""owner_id"": 55, ""share"": 0.21}, {""owner_id"": 119, ""share"": 0.22}, {""owner_id"": 143, ""share"": 0.57}]"
1093,"с. Кизел, пр. Комарова, д. 4 стр. 80, 117196",Дом,56.6,5,14,2006,76:26:971406:465,"[{""owner_id"": 14, ""share"": 1.0}]"
1094,"к. Энгельс, алл. Студенческая, д. 5, 155967",Коммерческое,147.1,1,15,2005,73:43:191083:886,"[{""owner_id"": 57, ""share"": 1.0}]"
1095,"п. Кировск (Мурм.), бул. Лермонтова, д. 6/6 стр. 23, 033530",Коммерческое,140.4,3,3,1978,19:51:264340:520,"[{""owner_id"": 143, ""share"": 1.0}]"
1096,"д. Черняховск, алл. Серова, д. 6/4 стр. 2/8, 317394",Коммерческое,152.4,1,23,1990,14:65:205317:955,"[{""owner_id"": 233, ""share"": 1.0}]"
1097,"к. Терней, бул. Деповский, д. 68 к. 6/4, 768714",Коммерческое,139.0,1,21,1951,41:27:714825:386,"[{""owner_id"": 267, ""share"": 0.25}, {""owner_id"": 163, ""share"": 0.75}]"
1098,"к. Чебаркуль, ш. Свободное, д. 7/8, 605581",Квартира,107.2,2,24,2013,46:26:308218:651,"[{""owner_id"": 113, ""share"": 0.31}, {""owner_id"": 101, ""share"": 0.69}]"
1099,"ст. Моршанск, пер. Кедровый, д. 316 к. 1, 989354",Квартира,108.3,5,7,1972,14:63:821401:270,"[{""owner_id"": 265, ""share"": 0.1}, {""owner_id"": 110, ""share"": 0.9}]"
1100,"с. Карпинск, пер. Никитина, д. 614 стр. 8, 393427",Квартира,134.8,4,17,1973,48:39:406305:685,"[{""owner_id"": 299, ""share"": 1.0}]"
1101,"с. Черкесск, наб. Космонавтов, д. 19, 092600",Коммерческое,84.3,4,10,1962,38:24:891634:783,"[{""owner_id"": 201, ""share"": 1.0}]"
1102,"ст. Вытегра, ш. Горное, д. 256 стр. 2/8, 844981",Дом,64.5,4,4,1972,69:50:792702:117,"[{""owner_id"": 229, ""share"": 1.0}]"
1103,"ст. Киров (Вятка), ул. Казачья, д. 58, 990867",Коммерческое,43.1,4,16,2002,97:40:130369:298,"[{""owner_id"": 204, ""share"": 1.0}]"
1104,"клх Кежма, ул. Путевая, д. 9, 773655",Дом,30.9,3,9,1990,62:60:948330:453,"[{""owner_id"": 111, ""share"": 1.0}]"
1105,"д. Джубга, ул. Геологическая, д. 70, 186417",Квартира,68.3,2,11,1955,49:67:529718:227,"[{""owner_id"": 134, ""share"": 1.0}]"
1106,"клх Ярославль, бул. Главный, д. 723 стр. 2, 936835",Коммерческое,57.1,1,20,1992,26:87:665987:21,"[{""owner_id"": 86, ""share"": 1.0}]"
1107,"ст. Славянск-на-Кубани, наб. Пионерская, д. 42 к. 393, 282671",Дом,158.0,5,3,1956,76:36:479687:549,"[{""owner_id"": 11, ""share"": 0.72}, {""owner_id"": 195, ""share"": 0.13}, {""owner_id"": 47, ""share"": 0.15}]"
1108,"д. Комсомольск-на-Амуре, пер. Троицкий, д. 3 к. 35, 444843",Коммерческое,91.2,2,10,1970,57:52:533476:221,"[{""owner_id"": 81, ""share"": 1.0}]"
1109,"д. Гаврилов-Ям, ул. Некрасова, д. 13, 409805",Квартира,26.5,1,25,2017,23:74:517267:811,"[{""owner_id"": 128, ""share"": 1.0}]"
1110,"г. Нальчик, бул. Тельмана, д. 862 к. 1/3, 912046",Дом,74.3,2,21,1981,14:44:886343:127,"[{""owner_id"": 81, ""share"": 1.0}]"
1111,"п. Гдов, алл. М.Горького, д. 1/4 к. 63, 180295",Коммерческое,177.8,1,3,1959,74:63:121133:16,"[{""owner_id"": 194, ""share"": 0.2}, {""owner_id"": 206, ""share"": 0.8}]"
1112,"с. Кинешма, пр. Привольный, д. 8 стр. 6, 924741",Коммерческое,162.7,2,20,1989,51:64:637243:762,"[{""owner_id"": 278, ""share"": 0.18}, {""owner_id"": 78, ""share"": 0.82}]"
1113,"с. Кашхатау, пр. Первомайский, д. 78 к. 75, 611258",Дом,56.5,3,21,2023,70:58:405385:440,"[{""owner_id"": 141, ""share"": 1.0}]"
1114,"п. Каргополь, ш. Луговое, д. 456, 829248",Коммерческое,70.1,3,23,2018,74:41:500984:18,"[{""owner_id"": 209, ""share"": 1.0}]"
1115,"п. Златоуст, ул. Дорожников, д. 31, 365485",Коммерческое,195.5,4,25,1979,67:57:599967:577,"[{""owner_id"": 202, ""share"": 0.67}, {""owner_id"": 191, ""share"": 0.16}, {""owner_id"": 280, ""share"": 0.17}]"
1116,"г. Солнечногорск, ул. Вишневая, д. 1/9, 287416",Дом,45.9,1,4,2021,31:36:613604:608,"[{""owner_id"": 160, ""share"": 1.0}]"
1117,"д. Руза, бул. Димитрова, д. 2, 955510",Дом,131.0,4,17,2022,39:17:904686:506,"[{""owner_id"": 73, ""share"": 1.0}]"
1118,"г. Аршан (Бурят.), ул. Лермонтова, д. 3 стр. 36, 003607",Коммерческое,80.8,2,2,1991,98:82:727814:417,"[{""owner_id"": 160, ""share"": 1.0}]"
1119,"п. Москва, МГУ, алл. Камская, д. 334, 375391",Дом,118.2,3,21,1980,51:69:843302:495,"[{""owner_id"": 138, ""share"": 0.7}, {""owner_id"": 108, ""share"": 0.3}]"
1120,"ст. Уфа, ш. Боровое, д. 7/4, 669687",Квартира,96.6,1,13,1966,11:30:645195:767,"[{""owner_id"": 42, ""share"": 1.0}]"
1121,"п. Каргасок, наб. Королева, д. 5, 061664",Дом,176.6,1,2,2004,73:31:756581:823,"[{""owner_id"": 102, ""share"": 1.0}]"
1122,"г. Усмань, наб. Толстого, д. 215 к. 7/5, 962809",Коммерческое,177.4,4,13,1951,47:25:556633:302,"[{""owner_id"": 72, ""share"": 1.0}]"
1123,"г. Глазов, ул. Карла Маркса, д. 796 к. 631, 552322",Дом,121.5,2,5,1987,76:97:314393:823,"[{""owner_id"": 139, ""share"": 0.36}, {""owner_id"": 268, ""share"": 0.64}]"
1124,"д. Уссурийск, пр. 9 Января, д. 4, 404762",Коммерческое,128.8,4,15,1976,52:27:272216:537,"[{""owner_id"": 191, ""share"": 1.0}]"
1125,"д. Ногинск (Моск.), ш. Загородное, д. 315, 586277",Квартира,47.1,1,1,1989,99:34:308947:711,"[{""owner_id"": 243, ""share"": 0.35}, {""owner_id"": 6, ""share"": 0.65}]"
1126,"г. Кижи, пр. Томский, д. 530, 880971",Дом,37.0,5,15,1970,18:54:767254:573,"[{""owner_id"": 235, ""share"": 1.0}]"
1127,"ст. Миллерово, алл. Проточная, д. 6, 592055",Дом,71.2,4,19,1989,57:89:904246:413,"[{""owner_id"": 177, ""share"": 0.84}, {""owner_id"": 8, ""share"": 0.16}]"
1128,"к. Саянск, пер. Целинный, д. 937 к. 50, 762745",Коммерческое,59.0,2,9,2022,23:26:935593:535,"[{""owner_id"": 288, ""share"": 0.16}, {""owner_id"": 278, ""share"": 0.2}, {""owner_id"": 104, ""share"": 0.64}]"
1129,"с. Абакан, пер. 70 лет Октября, д. 1/2 стр. 3, 133689",Дом,123.6,5,20,1985,88:95:596403:215,"[{""owner_id"": 197, ""share"": 1.0}]"
1130,"г. Токсово, наб. Гафури, д. 2/3, 074611",Квартира,36.4,5,5,1968,31:70:100258:332,"[{""owner_id"": 119, ""share"": 1.0}]"
1131,"д. Шадринск, пр. Гвардейский, д. 7, 338788",Квартира,112.1,4,14,2010,51:48:624681:779,"[{""owner_id"": 27, ""share"": 1.0}]"
1132,"д. Норильск, бул. М.Горького, д. 484 стр. 7/4, 900737",Дом,87.9,4,23,2010,55:49:979387:535,"[{""owner_id"": 287, ""share"": 1.0}]"
1133,"ст. Кяхта, пр. Калужский, д. 5 к. 707, 626543",Коммерческое,171.6,2,21,1985,28:65:687712:453,"[{""owner_id"": 41, ""share"": 1.0}]"
1134,"ст. Новокузнецк, ул. Черняховского, д. 643 стр. 99, 907996",Коммерческое,41.6,4,21,1994,32:13:483450:876,"[{""owner_id"": 129, ""share"": 1.0}]"
1135,"с. Терскол, бул. Минина, д. 7, 678434",Коммерческое,96.3,5,18,1974,58:57:287700:956,"[{""owner_id"": 178, ""share"": 1.0}]"
1136,"ст. Касимов, пр. Гражданский, д. 8/7, 350078",Коммерческое,55.1,5,10,1992,22:57:366086:515,"[{""owner_id"": 6, ""share"": 0.45}, {""owner_id"": 101, ""share"": 0.55}]"
1137,"д. Енисейск, алл. Ивановская, д. 5, 336999",Коммерческое,146.8,3,21,1957,83:13:852908:950,"[{""owner_id"": 140, ""share"": 0.61}, {""owner_id"": 18, ""share"": 0.18}, {""owner_id"": 141, ""share"": 0.21}]"
1138,"д. Нальчик, ш. Московское, д. 23 стр. 66, 273551",Дом,51.3,5,4,1954,57:13:742693:916,"[{""owner_id"": 233, ""share"": 1.0}]"
1139,"п. Кузнецк, бул. Цветочный, д. 32 стр. 84, 146950",Квартира,30.1,1,11,1962,79:45:993990:199,"[{""owner_id"": 91, ""share"": 0.17}, {""owner_id"": 68, ""share"": 0.83}]"
1140,"к. Нурлат, бул. Микрорайон, д. 120 к. 2/8, 136445",Дом,170.7,3,23,1971,85:56:641422:15,"[{""owner_id"": 9, ""share"": 1.0}]"
1141,"ст. Павловский Посад, ш. Большое, д. 489, 270650",Коммерческое,46.6,3,3,1972,66:15:388909:624,"[{""owner_id"": 207, ""share"": 0.15}, {""owner_id"": 214, ""share"": 0.64}, {""owner_id"": 32, ""share"": 0.21}]"
1142,"г. Елатьма, ш. Кавказское, д. 60, 446853",Дом,51.1,1,10,1985,81:54:223432:350,"[{""owner_id"": 259, ""share"": 1.0}]"
1143,"к. Нязепетровск, ш. 50 лет Октября, д. 1 к. 46, 607778",Коммерческое,187.4,1,4,1961,33:21:294677:326,"[{""owner_id"": 45, ""share"": 1.0}]"
1144,"п. Джейрах, пр. Хуторской, д. 146 к. 482, 962690",Квартира,162.0,2,21,1997,68:20:859459:966,"[{""owner_id"": 11, ""share"": 1.0}]"
1145,"п. Бирск, пр. Грибоедова, д. 1 стр. 2/8, 670151",Коммерческое,156.0,2,10,1956,58:46:286650:286,"[{""owner_id"": 98, ""share"": 1.0}]"
1146,"г. Каргополь, ш. Снежное, д. 5 стр. 876, 162183",Дом,60.7,2,9,1975,32:47:371952:715,"[{""owner_id"": 162, ""share"": 1.0}]"
1147,"д. Брянск, пер. Авиационный, д. 3/2 стр. 153, 122600",Дом,83.9,3,12,2016,67:90:820413:852,"[{""owner_id"": 48, ""share"": 1.0}]"
1148,"д. Кировск (Мурм.), пр. 9 Января, д. 3 стр. 1/6, 985788",Дом,48.0,5,7,2005,54:92:950299:699,"[{""owner_id"": 300, ""share"": 1.0}]"
1149,"д. Долинск, пр. Каштановый, д. 92, 126980",Коммерческое,119.3,3,3,2015,36:43:328856:479,"[{""owner_id"": 107, ""share"": 0.66}, {""owner_id"": 176, ""share"": 0.34}]"
1150,"с. Пятигорск, пер. Шевченко, д. 84 к. 1/7, 647245",Коммерческое,138.5,2,16,1967,69:85:438680:382,"[{""owner_id"": 60, ""share"": 1.0}]"
1151,"с. Кедровый, пер. Вавилова, д. 8 к. 9/9, 070946",Дом,146.2,3,1,1970,63:70:450971:345,"[{""owner_id"": 18, ""share"": 1.0}]"
1152,"с. Серпухов, пр. Дальний, д. 99, 284268",Квартира,184.4,3,6,2009,79:33:888576:23,"[{""owner_id"": 52, ""share"": 1.0}]"
1153,"д. Домодедово, бул. Кирпичный, д. 5/2 к. 1/1, 371860",Коммерческое,123.7,4,24,2001,70:41:364843:741,"[{""owner_id"": 234, ""share"": 1.0}]"
1154,"клх Пермь, пер. Комсомольский, д. 71 стр. 5/8, 127983",Дом,142.1,3,2,1979,74:23:541435:437,"[{""owner_id"": 173, ""share"": 1.0}]"
1155,"ст. Кузнецк, пер. Ватутина, д. 55, 601991",Квартира,112.2,3,20,2017,35:82:888371:143,"[{""owner_id"": 296, ""share"": 0.57}, {""owner_id"": 206, ""share"": 0.43}]"
1156,"д. Саранск, бул. Стадионный, д. 1/9, 715207",Квартира,194.7,3,25,1968,54:68:515229:170,"[{""owner_id"": 171, ""share"": 1.0}]"
1157,"клх Белоярский, ш. Февральское, д. 443 к. 9/6, 967246",Квартира,178.9,3,10,1960,33:40:999428:209,"[{""owner_id"": 76, ""share"": 1.0}]"
1158,"к. Бомнак, ул. Советская, д. 270, 850205",Квартира,143.2,3,1,2011,30:54:204766:483,"[{""owner_id"": 126, ""share"": 1.0}]"
1159,"к. Лысьва, пр. Ростовский, д. 39 стр. 310, 599747",Коммерческое,58.2,4,22,1998,69:41:900122:939,"[{""owner_id"": 202, ""share"": 1.0}]"
1160,"ст. Шатой, наб. Микрорайон, д. 5 к. 35, 942041",Дом,157.3,2,13,1991,46:96:865850:894,"[{""owner_id"": 66, ""share"": 1.0}]"
1161,"г. Нижнекамск, алл. Гончарова, д. 1 стр. 2, 379376",Коммерческое,32.9,4,22,1953,38:87:286814:787,"[{""owner_id"": 202, ""share"": 1.0}]"
1162,"с. Тында, бул. Достоевского, д. 685, 174905",Дом,110.3,1,20,2000,19:92:341249:142,"[{""owner_id"": 186, ""share"": 1.0}]"
1163,"д. Тимашевск, наб. Абрикосовая, д. 480, 862405",Квартира,74.3,1,11,1999,93:33:546390:155,"[{""owner_id"": 23, ""share"": 1.0}]"
1164,"к. Набережные Челны, пер. Николаева, д. 52, 352791",Коммерческое,167.8,1,9,2003,32:30:517559:699,"[{""owner_id"": 199, ""share"": 1.0}]"
1165,"г. Березники, пер. Попова, д. 784 стр. 9/9, 932135",Дом,165.1,3,22,1962,93:61:942583:827,"[{""owner_id"": 55, ""share"": 1.0}]"
1166,"д. Карталы, ш. Просвещения, д. 94, 022642",Квартира,123.4,4,22,2008,11:72:785577:983,"[{""owner_id"": 164, ""share"": 1.0}]"
1167,"клх Данков, наб. Толстого, д. 9, 987819",Квартира,74.5,3,24,1964,87:67:626449:382,"[{""owner_id"": 217, ""share"": 1.0}]"
1168,"ст. Лесной (Сверд.), бул. Ореховый, д. 8 к. 7, 429371",Квартира,161.4,4,18,1999,96:20:257692:8,"[{""owner_id"": 172, ""share"": 0.88}, {""owner_id"": 274, ""share"": 0.12}]"
1169,"клх Соль-Илецк, ул. Васильковая, д. 2/8, 758045",Квартира,112.7,5,24,2008,65:16:587339:289,"[{""owner_id"": 133, ""share"": 1.0}]"
1170,"с. Светлогорск (Калин.), пер. Толбухина, д. 9/9 к. 8/6, 458474",Дом,86.1,5,22,1997,42:64:453854:692,"[{""owner_id"": 251, ""share"": 1.0}]"
1171,"к. Адлер, пер. Геологический, д. 16, 962751",Коммерческое,68.1,3,12,2003,12:67:440401:305,"[{""owner_id"": 13, ""share"": 1.0}]"
1172,"с. Красная Поляна, пер. Нагорный, д. 924 стр. 5, 936561",Дом,151.7,5,24,2000,41:32:188129:548,"[{""owner_id"": 58, ""share"": 1.0}]"
1173,"с. Усть-Камчатск, алл. Шахтерская, д. 80 к. 565, 531602",Коммерческое,108.8,3,12,2008,98:89:355958:941,"[{""owner_id"": 75, ""share"": 1.0}]"
1174,"клх Малая Вишера, алл. Цветочная, д. 37, 186244",Квартира,78.8,1,5,1962,58:75:860636:81,"[{""owner_id"": 269, ""share"": 0.47}, {""owner_id"": 292, ""share"": 0.53}]"
1175,"с. Калач, ш. Гвардейское, д. 41, 782878",Дом,92.1,2,24,1982,93:20:977504:935,"[{""owner_id"": 155, ""share"": 1.0}]"
1176,"с. Буйнакск, бул. Победы, д. 9 к. 9, 635654",Квартира,122.8,3,20,2015,79:41:827981:819,"[{""owner_id"": 60, ""share"": 1.0}]"
1177,"п. Яр-Сале, бул. Смоленский, д. 3 стр. 928, 690594",Дом,58.7,4,9,1973,45:74:804055:47,"[{""owner_id"": 294, ""share"": 1.0}]"
1178,"п. Уварово, алл. Лунная, д. 1/6 стр. 40, 329887",Коммерческое,71.3,1,14,1976,12:63:789137:133,"[{""owner_id"": 93, ""share"": 1.0}]"
1179,"п. Ессентуки, алл. Космодемьянской, д. 9/7, 277862",Коммерческое,162.2,3,4,1978,38:12:843449:333,"[{""owner_id"": 237, ""share"": 1.0}]"
1180,"п. Соликамск, пер. Леонова, д. 1/4, 087783",Коммерческое,148.2,4,19,2003,91:86:444721:555,"[{""owner_id"": 148, ""share"": 1.0}]"
1181,"г. Алагир, алл. Курская, д. 64 к. 8, 562327",Квартира,81.7,3,12,2006,29:69:995857:761,"[{""owner_id"": 286, ""share"": 1.0}]"
1182,"г. Красноселькуп, алл. Лазо, д. 8 к. 30, 322857",Коммерческое,50.6,4,9,2001,14:94:993692:586,"[{""owner_id"": 273, ""share"": 1.0}]"
1183,"клх Жуковский, ул. Амурская, д. 6 к. 5, 893977",Коммерческое,86.5,3,25,1990,67:96:590083:31,"[{""owner_id"": 250, ""share"": 0.17}, {""owner_id"": 288, ""share"": 0.57}, {""owner_id"": 177, ""share"": 0.26}]"
1184,"г. Воркута, пр. Верхний, д. 7 к. 7, 386569",Квартира,132.4,5,14,2003,12:46:683469:762,"[{""owner_id"": 300, ""share"": 1.0}]"
1185,"к. Тольятти, наб. Автомобилистов, д. 4/4 стр. 22, 489558",Дом,185.8,2,13,1965,22:60:328909:217,"[{""owner_id"": 121, ""share"": 1.0}]"
1186,"г. Александров, ш. Олега Кошевого, д. 53 стр. 5, 640760",Коммерческое,196.2,5,14,1995,37:63:728357:286,"[{""owner_id"": 293, ""share"": 0.79}, {""owner_id"": 149, ""share"": 0.11}, {""owner_id"": 92, ""share"": 0.1}]"
1187,"г. Верещагино (Перм.), бул. Коммунистический, д. 93, 138716",Коммерческое,39.0,3,17,2018,78:60:336033:880,"[{""owner_id"": 186, ""share"": 1.0}]"
1188,"п. Новомичуринск, пер. Цветочный, д. 9 к. 108, 533743",Дом,168.7,4,6,1972,61:46:103499:546,"[{""owner_id"": 238, ""share"": 1.0}]"
1189,"с. Анива, бул. Химиков, д. 3/9, 156596",Квартира,89.0,4,14,2002,34:91:130451:634,"[{""owner_id"": 238, ""share"": 0.65}, {""owner_id"": 89, ""share"": 0.35}]"
1190,"клх Черемхово, наб. К.Маркса, д. 6/6 стр. 6, 553629",Квартира,127.9,4,1,1991,88:41:274544:583,"[{""owner_id"": 258, ""share"": 1.0}]"
1191,"г. Малгобек, наб. Лунная, д. 683 стр. 35, 207882",Дом,24.1,5,21,1999,80:75:302408:871,"[{""owner_id"": 47, ""share"": 1.0}]"
1192,"клх Мичуринск, ш. Ленинградское, д. 51, 744520",Квартира,78.1,3,3,1953,36:83:583581:471,"[{""owner_id"": 235, ""share"": 0.24}, {""owner_id"": 189, ""share"": 0.62}, {""owner_id"": 123, ""share"": 0.14}]"
1193,"ст. Двинской, бул. Добролюбова, д. 8 к. 90, 403532",Квартира,163.4,4,17,1964,87:52:267003:251,"[{""owner_id"": 228, ""share"": 1.0}]"
1194,"клх Лодейное Поле, ул. Ангарская, д. 46 к. 1, 121805",Квартира,154.7,4,17,2010,59:19:921079:428,"[{""owner_id"": 36, ""share"": 1.0}]"
1195,"с. Холмск, пер. Транспортный, д. 547 к. 323, 460189",Коммерческое,30.8,4,24,1955,56:61:851435:950,"[{""owner_id"": 276, ""share"": 0.67}, {""owner_id"": 62, ""share"": 0.16}, {""owner_id"": 274, ""share"": 0.17}]"
1196,"п. Махачкала, бул. Лесозаводский, д. 9 стр. 8, 339962",Дом,161.7,1,5,1983,84:24:857065:174,"[{""owner_id"": 226, ""share"": 1.0}]"
1197,"д. Пушкин, алл. Журавлева, д. 34, 120291",Квартира,184.3,4,7,1983,22:52:773223:711,"[{""owner_id"": 174, ""share"": 1.0}]"
1198,"п. Аша, наб. Маяковского, д. 929, 888196",Квартира,156.3,3,10,2006,52:67:833543:265,"[{""owner_id"": 252, ""share"": 1.0}]"
1199,"ст. Новочеркасск, алл. Огородная, д. 199, 133568",Квартира,46.6,3,1,1978,57:82:480343:731,"[{""owner_id"": 19, ""share"": 1.0}]"
1200,"с. Екатеринбург, ш. Автомобилистов, д. 8/1, 171038",Коммерческое,134.1,4,23,2006,96:47:261943:762,"[{""owner_id"": 82, ""share"": 1.0}]"
1201,"д. Сосьва (Хант.), ул. Ломоносова, д. 413 к. 40, 495607",Дом,66.3,2,1,1977,84:48:255570:599,"[{""owner_id"": 66, ""share"": 0.59}, {""owner_id"": 76, ""share"": 0.41}]"
1202,"д. Сорочинск, наб. Майская, д. 8/6 к. 85, 316316",Коммерческое,111.5,5,13,2011,89:31:460934:660,"[{""owner_id"": 187, ""share"": 1.0}]"
1203,"клх Талдом, пер. Магистральный, д. 805 стр. 739, 066700",Дом,114.2,4,16,1971,77:71:283906:496,"[{""owner_id"": 257, ""share"": 1.0}]"
1204,"с. Шарья, пр. Высоковольтный, д. 43 к. 1/1, 158009",Дом,57.2,2,9,1965,93:35:473818:511,"[{""owner_id"": 8, ""share"": 0.37}, {""owner_id"": 34, ""share"": 0.63}]"
1205,"к. Батайск, пр. Ивановский, д. 42 стр. 4, 658744",Коммерческое,172.2,5,8,1975,56:95:134435:409,"[{""owner_id"": 7, ""share"": 1.0}]"
1206,"п. Снежногорск (Мурм.), пер. Садовый, д. 3/3 к. 9, 585455",Коммерческое,32.1,5,18,2018,20:17:568328:581,"[{""owner_id"": 169, ""share"": 1.0}]"
1207,"д. Галич, пр. Железнодорожный, д. 94 стр. 73, 883873",Дом,163.5,2,23,1981,39:98:852227:468,"[{""owner_id"": 126, ""share"": 1.0}]"
1208,"п. Комсомольск-на-Амуре, ул. Спортивная, д. 4 стр. 5/8, 846648",Коммерческое,69.9,2,24,1958,26:76:417467:63,"[{""owner_id"": 137, ""share"": 1.0}]"
1209,"клх Курган, пр. Камский, д. 2/3, 631755",Коммерческое,157.1,4,15,1962,78:16:434347:809,"[{""owner_id"": 125, ""share"": 1.0}]"
1210,"с. Петропавловск-Камчатский, ул. Троицкая, д. 9, 081144",Дом,41.0,1,16,1975,22:79:718005:221,"[{""owner_id"": 101, ""share"": 1.0}]"
1211,"с. Избербаш, ул. Труда, д. 26 стр. 768, 146036",Коммерческое,21.7,4,4,2006,92:34:717545:826,"[{""owner_id"": 154, ""share"": 1.0}]"
1212,"д. Шилка, пр. Рабочий, д. 6, 465426",Квартира,65.3,4,20,1984,73:90:285107:337,"[{""owner_id"": 234, ""share"": 1.0}]"
1213,"д. Краснотурьинск, пр. Микрорайон, д. 440, 454595",Дом,191.3,3,9,2018,41:53:388660:695,"[{""owner_id"": 264, ""share"": 1.0}]"
1214,"г. Алдан, ул. Дальняя, д. 396, 723869",Коммерческое,99.2,2,16,1950,50:75:593361:508,"[{""owner_id"": 159, ""share"": 1.0}]"
1215,"клх Гремячинск (Перм.), ул. 9 Января, д. 96 стр. 68, 957093",Дом,141.1,1,15,1993,91:97:664752:843,"[{""owner_id"": 34, ""share"": 1.0}]"
1216,"ст. Шенкурск, ул. Плеханова, д. 1 стр. 713, 034848",Квартира,58.4,5,10,1990,77:70:207916:702,"[{""owner_id"": 56, ""share"": 1.0}]"
1217,"ст. Соль-Илецк, ул. Пионерская, д. 3/8 к. 6, 429544",Коммерческое,140.9,3,6,1974,60:31:993761:162,"[{""owner_id"": 108, ""share"": 1.0}]"
1218,"д. Мытищи, алл. Промышленная, д. 6/7 к. 67, 800161",Дом,192.2,4,21,2003,44:39:375623:484,"[{""owner_id"": 81, ""share"": 1.0}]"
1219,"к. Мелеуз, пер. Балтийский, д. 3 к. 25, 383264",Коммерческое,76.8,3,14,2022,60:63:105948:781,"[{""owner_id"": 156, ""share"": 0.34}, {""owner_id"": 190, ""share"": 0.43}, {""owner_id"": 75, ""share"": 0.23}]"
1220,"клх Баргузин, ул. 9 Января, д. 278, 945761",Дом,158.1,1,23,1975,36:94:851485:263,"[{""owner_id"": 29, ""share"": 0.62}, {""owner_id"": 210, ""share"": 0.13}, {""owner_id"": 182, ""share"": 0.25}]"
1221,"ст. Курумкан, наб. Детская, д. 442 стр. 6, 833728",Квартира,77.9,4,11,2021,81:35:936212:221,"[{""owner_id"": 192, ""share"": 1.0}]"
1222,"ст. Плес, пр. Свободный, д. 30 стр. 6/7, 771158",Дом,39.2,2,6,1991,71:85:592696:975,"[{""owner_id"": 226, ""share"": 1.0}]"
1223,"ст. Туапсе, ул. Литейная, д. 207 к. 261, 644611",Коммерческое,87.5,1,2,1993,45:78:487395:449,"[{""owner_id"": 24, ""share"": 0.3}, {""owner_id"": 200, ""share"": 0.59}, {""owner_id"": 250, ""share"": 0.11}]"
1224,"ст. Чебаркуль, наб. Лермонтова, д. 84 к. 98, 237748",Коммерческое,94.5,2,5,1988,83:35:689128:91,"[{""owner_id"": 57, ""share"": 0.8}, {""owner_id"": 242, ""share"": 0.1}, {""owner_id"": 69, ""share"": 0.1}]"
1225,"г. Белый Яр (Томск.), пер. Киевский, д. 45 к. 25, 180822",Коммерческое,118.4,3,18,2017,47:98:122913:144,"[{""owner_id"": 168, ""share"": 1.0}]"
1226,"д. Черняховск, пер. Глинки, д. 7/1, 865383",Дом,182.9,4,24,1977,33:51:591075:234,"[{""owner_id"": 35, ""share"": 0.87}, {""owner_id"": 161, ""share"": 0.13}]"
1227,"г. Поярково, пр. Запрудный, д. 400 к. 1/1, 037808",Квартира,142.0,3,9,1952,27:25:773437:421,"[{""owner_id"": 171, ""share"": 1.0}]"
1228,"ст. Челюскин, алл. Подгорная, д. 1/9, 484926",Квартира,169.7,1,17,1997,12:82:558444:33,"[{""owner_id"": 250, ""share"": 1.0}]"
1229,"д. Саранск, бул. Смоленский, д. 6/1 к. 5/5, 657267",Квартира,152.2,5,3,2021,24:78:265909:818,"[{""owner_id"": 168, ""share"": 0.33}, {""owner_id"": 276, ""share"": 0.26}, {""owner_id"": 252, ""share"": 0.41}]"
1230,"клх Кыштым, ш. Приморское, д. 579, 795003",Коммерческое,186.0,5,21,1974,19:97:551880:838,"[{""owner_id"": 45, ""share"": 1.0}]"
1231,"ст. Дагомыс, ул. Производственная, д. 3/7, 032645",Коммерческое,47.4,3,3,1973,92:83:456316:465,"[{""owner_id"": 232, ""share"": 1.0}]"
1232,"с. Кизилюрт, ул. Спортивная, д. 5/1, 351685",Квартира,92.3,3,1,1999,12:11:336170:331,"[{""owner_id"": 222, ""share"": 1.0}]"
1233,"к. Смирных, бул. Серафимовича, д. 2 к. 95, 799005",Квартира,125.2,3,18,2008,93:95:310062:789,"[{""owner_id"": 133, ""share"": 1.0}]"
1234,"клх Подольск, алл. Каштановая, д. 77 стр. 53, 285628",Квартира,57.1,2,4,1953,78:87:985730:41,"[{""owner_id"": 182, ""share"": 0.22}, {""owner_id"": 296, ""share"": 0.78}]"
1235,"п. Кемерово, бул. Смоленский, д. 45 к. 403, 008942",Дом,176.7,2,22,1976,35:48:271220:435,"[{""owner_id"": 277, ""share"": 0.86}, {""owner_id"": 179, ""share"": 0.14}]"
1236,"г. Карабулак, пр. Заречный, д. 4 стр. 43, 883845",Дом,42.2,4,1,2006,36:58:151604:458,"[{""owner_id"": 120, ""share"": 0.12}, {""owner_id"": 112, ""share"": 0.7}, {""owner_id"": 182, ""share"": 0.18}]"
1237,"п. Новосибирск, пр. Первомайский, д. 8 стр. 27, 176968",Квартира,158.8,5,4,1961,32:74:706395:742,"[{""owner_id"": 102, ""share"": 1.0}]"
1238,"к. Нязепетровск, наб. Дзержинского, д. 3 стр. 957, 792640",Квартира,41.7,4,24,1995,50:63:300258:216,"[{""owner_id"": 84, ""share"": 1.0}]"
1239,"клх Долинск, ш. Курчатова, д. 79 стр. 4, 288390",Дом,22.9,4,14,2001,22:55:477898:969,"[{""owner_id"": 260, ""share"": 0.3}, {""owner_id"": 185, ""share"": 0.16}, {""owner_id"": 245, ""share"": 0.54}]"
1240,"д. Шереметьево, бул. Тамбовский, д. 61 к. 232, 965510",Дом,190.3,3,8,1960,93:92:949524:400,"[{""owner_id"": 34, ""share"": 1.0}]"
1241,"г. Пенза, пр. Черемушки, д. 467 к. 8, 714998",Дом,28.2,2,6,2022,11:26:643814:160,"[{""owner_id"": 9, ""share"": 0.68}, {""owner_id"": 141, ""share"": 0.32}]"
1242,"п. Устюжна, наб. Родниковая, д. 638 стр. 34, 622155",Квартира,31.0,2,24,1987,57:89:535029:844,"[{""owner_id"": 241, ""share"": 1.0}]"
1243,"клх Саратов, алл. Зои Космодемьянской, д. 59 к. 5, 389554",Квартира,188.5,2,24,1973,56:24:924764:167,"[{""owner_id"": 89, ""share"": 1.0}]"
1244,"с. Нурлат, ул. Чайкиной, д. 487, 021027",Дом,92.7,3,9,1991,13:13:447688:30,"[{""owner_id"": 105, ""share"": 1.0}]"
1245,"клх Октябрьский (Башк.), бул. Славянский, д. 7, 322348",Квартира,117.1,5,24,2017,31:30:204978:16,"[{""owner_id"": 18, ""share"": 0.83}, {""owner_id"": 74, ""share"": 0.17}]"
1246,"д. Катайск, ул. Кузнецова, д. 1/2 стр. 109, 886607",Квартира,95.6,1,4,2010,69:63:997728:920,"[{""owner_id"": 115, ""share"": 1.0}]"
1247,"с. Миллерово, ш. Никитина, д. 97 к. 6, 176090",Коммерческое,165.7,1,10,2010,70:42:234425:331,"[{""owner_id"": 69, ""share"": 1.0}]"
1248,"г. Псков, ш. Нефтяников, д. 604 к. 4/5, 694473",Коммерческое,140.3,1,16,2013,83:35:231945:225,"[{""owner_id"": 188, ""share"": 1.0}]"
1249,"ст. Усть-Баргузин, бул. 40 лет Победы, д. 18, 665183",Квартира,138.7,1,23,2001,46:88:210339:256,"[{""owner_id"": 74, ""share"": 1.0}]"
1250,"клх Североморск, ул. Р.Люксембург, д. 57 к. 64, 968593",Коммерческое,138.7,3,23,2009,95:85:645172:530,"[{""owner_id"": 95, ""share"": 1.0}]"
1251,"п. Муравленко, алл. Ставропольская, д. 789, 692434",Квартира,79.0,3,22,1968,84:14:884267:928,"[{""owner_id"": 137, ""share"": 1.0}]"
1252,"к. Тура, пер. Ворошилова, д. 31 к. 156, 871088",Квартира,45.7,1,8,1970,60:51:112281:586,"[{""owner_id"": 25, ""share"": 0.88}, {""owner_id"": 102, ""share"": 0.12}]"
1253,"к. Минеральные Воды, пер. Ленина, д. 7/1 к. 1, 764747",Квартира,133.2,5,13,2007,37:68:751493:270,"[{""owner_id"": 177, ""share"": 1.0}]"
1254,"клх Ведено, ул. Производственная, д. 61 к. 739, 586819",Коммерческое,70.3,5,11,1993,33:42:457546:827,"[{""owner_id"": 61, ""share"": 1.0}]"
1255,"ст. Махачкала, наб. Черноморская, д. 63, 866013",Коммерческое,174.1,5,9,1958,56:64:773492:27,"[{""owner_id"": 282, ""share"": 0.63}, {""owner_id"": 234, ""share"": 0.37}]"
1256,"клх Абакан, алл. Титова, д. 4/9, 101245",Квартира,119.1,3,5,1994,49:67:557351:567,"[{""owner_id"": 65, ""share"": 0.88}, {""owner_id"": 49, ""share"": 0.03}, {""owner_id"": 117, ""share"": 0.09}]"
1257,"д. Видное, пер. Горный, д. 2/5 к. 636, 551919",Коммерческое,55.1,2,25,1952,35:55:651105:616,"[{""owner_id"": 43, ""share"": 0.42}, {""owner_id"": 259, ""share"": 0.46}, {""owner_id"": 94, ""share"": 0.12}]"
1258,"д. Самара, пер. Седова, д. 2/8, 804929",Коммерческое,85.3,2,23,2017,31:57:266461:103,"[{""owner_id"": 289, ""share"": 0.52}, {""owner_id"": 272, ""share"": 0.48}]"
1259,"ст. Усть-Ордынский, ш. Нефтяников, д. 771 стр. 429, 213495",Коммерческое,47.4,5,14,1975,45:16:520345:304,"[{""owner_id"": 116, ""share"": 1.0}]"
1260,"г. Уэлен, ул. Интернациональная, д. 27 к. 8/6, 627480",Дом,180.9,4,11,1967,48:10:178507:258,"[{""owner_id"": 268, ""share"": 1.0}]"
1261,"г. Борзя, алл. Зои Космодемьянской, д. 40 стр. 669, 657121",Коммерческое,126.9,1,2,2002,27:28:604293:843,"[{""owner_id"": 160, ""share"": 0.84}, {""owner_id"": 107, ""share"": 0.16}]"
1262,"г. Благовещенск (Амур.), ул. Индустриальная, д. 43 стр. 30, 598792",Дом,161.5,4,13,1974,41:54:173957:232,"[{""owner_id"": 125, ""share"": 1.0}]"
1263,"ст. Ейск, ул. Балтийская, д. 7, 096196",Коммерческое,47.3,4,5,1985,51:11:767687:121,"[{""owner_id"": 142, ""share"": 0.2}, {""owner_id"": 72, ""share"": 0.54}, {""owner_id"": 206, ""share"": 0.26}]"
1264,"к. Архангельск, алл. Родниковая, д. 420 к. 1/9, 641804",Квартира,158.9,5,16,1979,94:66:413337:842,"[{""owner_id"": 269, ""share"": 1.0}]"
1265,"ст. Баксан, бул. Фабричный, д. 2/5 стр. 583, 954495",Квартира,32.7,3,9,1955,58:42:218318:642,"[{""owner_id"": 233, ""share"": 1.0}]"
1266,"г. Чита, ш. Буденного, д. 862 стр. 6, 698398",Квартира,177.7,4,25,1987,38:76:208055:91,"[{""owner_id"": 300, ""share"": 1.0}]"
1267,"с. Красноярск, пер. Бульварный, д. 142, 957762",Дом,30.2,1,25,1985,45:42:771366:521,"[{""owner_id"": 186, ""share"": 0.77}, {""owner_id"": 124, ""share"": 0.13}, {""owner_id"": 254, ""share"": 0.1}]"
1268,"клх Ямбург, наб. Смирнова, д. 7/2 стр. 4, 164728",Дом,35.0,1,23,2012,41:84:619020:227,"[{""owner_id"": 129, ""share"": 1.0}]"
1269,"с. Магадан, бул. Менделеева, д. 1 стр. 36, 611662",Квартира,199.5,4,18,2022,58:87:644176:892,"[{""owner_id"": 137, ""share"": 1.0}]"
1270,"г. Калачинск, пер. Полярный, д. 7 к. 8/1, 656277",Квартира,123.6,1,25,1980,56:84:805282:727,"[{""owner_id"": 196, ""share"": 0.57}, {""owner_id"": 22, ""share"": 0.28}, {""owner_id"": 56, ""share"": 0.15}]"
1271,"п. Благовещенск (Амур.), ш. Машиностроителей, д. 23 к. 35, 235256",Дом,123.2,5,2,2001,90:65:801569:930,"[{""owner_id"": 216, ""share"": 0.38}, {""owner_id"": 202, ""share"": 0.43}, {""owner_id"": 21, ""share"": 0.19}]"
1272,"д. Москва, ш. Некрасова, д. 2/8 стр. 61, 520535",Квартира,24.3,3,4,1987,62:13:864472:468,"[{""owner_id"": 291, ""share"": 1.0}]"
1273,"п. Глазов, наб. Попова, д. 1/6 стр. 34, 221091",Дом,83.4,2,9,2007,16:51:580462:716,"[{""owner_id"": 130, ""share"": 0.75}, {""owner_id"": 184, ""share"": 0.25}]"
1274,"к. Кингисепп, ул. Энергетическая, д. 940 стр. 9/4, 377982",Коммерческое,77.9,4,25,1994,32:73:998258:92,"[{""owner_id"": 135, ""share"": 0.55}, {""owner_id"": 83, ""share"": 0.32}, {""owner_id"": 108, ""share"": 0.13}]"
1275,"ст. Дудинка, ул. Войкова, д. 23, 799818",Коммерческое,164.9,2,11,1989,22:21:770513:416,"[{""owner_id"": 276, ""share"": 1.0}]"
1276,"г. Хасавюрт, алл. Чехова, д. 66 к. 9/7, 558774",Коммерческое,53.5,4,7,1983,72:54:453371:826,"[{""owner_id"": 255, ""share"": 1.0}]"
1277,"с. Катайск, наб. Р.Люксембург, д. 83 стр. 55, 225351",Квартира,192.7,3,1,1964,34:84:425611:931,"[{""owner_id"": 186, ""share"": 1.0}]"
1278,"д. Усть-Кут, пер. Восточный, д. 1, 455388",Дом,156.2,5,6,2000,89:99:179623:204,"[{""owner_id"": 287, ""share"": 1.0}]"
1279,"п. Алагир, пр. М.Горького, д. 7/7 к. 1/9, 887458",Дом,46.2,3,18,1995,60:27:503953:107,"[{""owner_id"": 208, ""share"": 1.0}]"
1280,"клх Губкинский, бул. Дорожников, д. 4, 368593",Дом,199.9,4,2,1981,80:29:799946:281,"[{""owner_id"": 151, ""share"": 0.88}, {""owner_id"": 292, ""share"": 0.12}]"
1281,"ст. Дербент, алл. Кубанская, д. 274 к. 5, 010614",Коммерческое,197.0,2,8,2006,92:37:252438:13,"[{""owner_id"": 115, ""share"": 1.0}]"
1282,"п. Чокурдах, пр. Фрунзе, д. 8 стр. 5, 319971",Коммерческое,107.0,4,14,2021,80:82:301577:423,"[{""owner_id"": 11, ""share"": 1.0}]"
1283,"п. Кинешма, наб. Курчатова, д. 79, 010034",Коммерческое,91.9,5,13,1983,56:43:552266:380,"[{""owner_id"": 266, ""share"": 1.0}]"
1284,"к. Шатура, пр. Радищева, д. 9 стр. 2/9, 786021",Дом,117.3,1,23,1967,51:99:358888:815,"[{""owner_id"": 121, ""share"": 1.0}]"
1285,"с. Шереметьево, алл. Иванова, д. 4/9 к. 57, 331222",Квартира,196.6,5,23,2010,78:50:209898:827,"[{""owner_id"": 66, ""share"": 1.0}]"
1286,"к. Усть-Кут, пр. Луговой, д. 8, 148368",Коммерческое,195.8,2,15,1984,83:16:582595:634,"[{""owner_id"": 117, ""share"": 0.67}, {""owner_id"": 179, ""share"": 0.33}]"
1287,"с. Соликамск, ш. Минина, д. 1 стр. 1/4, 665600",Квартира,191.6,2,1,2021,67:81:781865:59,"[{""owner_id"": 224, ""share"": 1.0}]"
1288,"клх Дзержинск, ш. Поселковое, д. 328, 938682",Дом,31.8,3,19,1982,13:86:614651:442,"[{""owner_id"": 245, ""share"": 0.15}, {""owner_id"": 76, ""share"": 0.85}]"
1289,"ст. Саранск, пр. Лесхозный, д. 49, 045969",Дом,75.8,3,11,1979,82:75:526919:148,"[{""owner_id"": 69, ""share"": 0.27}, {""owner_id"": 203, ""share"": 0.73}]"
1290,"с. Петухово, пр. Спортивный, д. 9 стр. 4, 234435",Квартира,148.2,3,19,1965,19:88:166719:543,"[{""owner_id"": 162, ""share"": 0.88}, {""owner_id"": 4, ""share"": 0.12}]"
1291,"г. Тотьма, наб. Седова, д. 2 стр. 34, 063781",Коммерческое,55.0,5,25,1972,33:13:780952:952,"[{""owner_id"": 83, ""share"": 1.0}]"
1292,"к. Устюжна, бул. Хвойный, д. 5/9 стр. 616, 585942",Дом,36.0,4,19,1999,62:58:830244:486,"[{""owner_id"": 62, ""share"": 1.0}]"
1293,"с. Хужир, ул. Снежная, д. 4/7, 972767",Квартира,37.3,3,6,2005,42:73:195142:189,"[{""owner_id"": 176, ""share"": 1.0}]"
1294,"с. Сузун, пер. Санаторный, д. 9 к. 2/4, 174919",Квартира,83.2,1,11,2007,22:77:370289:21,"[{""owner_id"": 103, ""share"": 1.0}]"
1295,"ст. Усть-Катав, пер. Строителей, д. 86, 339907",Дом,37.2,1,17,1951,10:51:503443:314,"[{""owner_id"": 32, ""share"": 0.15}, {""owner_id"": 286, ""share"": 0.85}]"
1296,"к. Армавир, ул. Линейная, д. 239, 480442",Коммерческое,87.5,1,6,1974,91:89:622401:187,"[{""owner_id"": 291, ""share"": 1.0}]"
1297,"к. Тамбов, алл. Линейная, д. 1 стр. 708, 647904",Квартира,177.0,2,20,1997,83:32:562104:724,"[{""owner_id"": 177, ""share"": 1.0}]"
1298,"с. Кизляр, бул. Нагорный, д. 8/7 стр. 4/7, 209610",Дом,25.5,1,18,1965,49:47:213010:358,"[{""owner_id"": 91, ""share"": 0.22}, {""owner_id"": 260, ""share"": 0.78}]"
1299,"с. Иркутск, наб. Вольная, д. 60 к. 8/3, 597155",Квартира,182.0,4,7,1969,88:53:576752:951,"[{""owner_id"": 266, ""share"": 1.0}]"
1300,"п. Сунтар, ул. Стадионная, д. 254 к. 8/4, 609685",Дом,189.9,5,3,1993,41:56:248249:246,"[{""owner_id"": 200, ""share"": 1.0}]"
1301,"ст. Благовещенск (Амур.), ш. Кутузова, д. 4/6, 794336",Дом,166.0,5,4,2016,21:94:786611:329,"[{""owner_id"": 252, ""share"": 0.13}, {""owner_id"": 97, ""share"": 0.14}, {""owner_id"": 207, ""share"": 0.73}]"
1302,"с. Белокуриха, пр. Путейский, д. 77, 659645",Коммерческое,56.2,3,5,2007,35:47:756764:437,"[{""owner_id"": 289, ""share"": 0.52}, {""owner_id"": 295, ""share"": 0.31}, {""owner_id"": 273, ""share"": 0.17}]"
1303,"с. Южно-Сахалинск, ш. Кузнецкое, д. 2/6 к. 4, 745024",Квартира,108.3,4,4,1991,81:71:739278:399,"[{""owner_id"": 194, ""share"": 1.0}]"
1304,"п. Саров (Морд.), алл. Садовая, д. 9 к. 6/4, 503754",Коммерческое,145.8,5,2,1974,21:49:716006:766,"[{""owner_id"": 148, ""share"": 1.0}]"
1305,"д. Алагир, алл. Полтавская, д. 68 к. 4/3, 369648",Квартира,194.0,4,7,1995,78:16:963760:846,"[{""owner_id"": 278, ""share"": 0.69}, {""owner_id"": 89, ""share"": 0.16}, {""owner_id"": 161, ""share"": 0.15}]"
1306,"ст. Арсеньев, алл. Гафури, д. 50 к. 750, 240510",Коммерческое,111.5,2,17,1997,97:99:146893:933,"[{""owner_id"": 223, ""share"": 1.0}]"
1307,"к. Томари, ш. Микрорайон, д. 4/4, 674646",Квартира,180.6,3,3,1976,73:36:698889:656,"[{""owner_id"": 235, ""share"": 1.0}]"
1308,"п. Кежма, пр. Курортный, д. 5/2, 920941",Дом,57.1,1,10,1950,40:94:953161:938,"[{""owner_id"": 24, ""share"": 1.0}]"
1309,"г. Инта, пр. Спартака, д. 278 стр. 2, 484977",Дом,185.2,4,2,1969,28:86:358131:637,"[{""owner_id"": 91, ""share"": 0.76}, {""owner_id"": 200, ""share"": 0.24}]"
1310,"д. Каменск-Шахтинский, ш. Рабочее, д. 2/5, 357547",Коммерческое,122.7,3,7,1984,62:98:110724:426,"[{""owner_id"": 217, ""share"": 1.0}]"
1311,"г. Нефедова, ш. Казанское, д. 1/3 стр. 1/7, 567071",Квартира,167.0,4,9,1951,90:98:514678:43,"[{""owner_id"": 194, ""share"": 0.77}, {""owner_id"": 143, ""share"": 0.23}]"
1312,"д. Истра, бул. Маркса, д. 239, 377459",Квартира,139.3,2,3,1964,24:30:929622:501,"[{""owner_id"": 230, ""share"": 1.0}]"
1313,"клх Каргополь, пр. Морозова, д. 1/6, 791065",Дом,50.1,3,22,2000,46:78:400353:292,"[{""owner_id"": 275, ""share"": 1.0}]"
1314,"ст. Ростов, ул. Мая 1, д. 478 к. 8, 830348",Дом,168.1,2,3,2021,73:35:233289:531,"[{""owner_id"": 134, ""share"": 0.71}, {""owner_id"": 56, ""share"": 0.29}]"
1315,"п. Ряжск, бул. Балтийский, д. 344 к. 3/9, 903178",Дом,53.2,1,8,2005,88:57:559390:757,"[{""owner_id"": 241, ""share"": 0.19}, {""owner_id"": 246, ""share"": 0.12}, {""owner_id"": 56, ""share"": 0.69}]"
1316,"ст. Красноуральск, бул. Нижний, д. 8/9, 984440",Коммерческое,188.1,2,25,1976,50:15:696431:15,"[{""owner_id"": 22, ""share"": 1.0}]"
1317,"г. Камышлов, бул. Озерный, д. 6/7, 526990",Коммерческое,30.2,4,5,1987,74:18:336176:189,"[{""owner_id"": 175, ""share"": 0.38}, {""owner_id"": 129, ""share"": 0.18}, {""owner_id"": 90, ""share"": 0.44}]"
1318,"п. Каргасок, ул. Мельничная, д. 7/4 стр. 30, 565403",Коммерческое,149.8,1,15,1958,41:87:654231:295,"[{""owner_id"": 172, ""share"": 1.0}]"
1319,"д. Чусовой, ш. К.Маркса, д. 1, 732012",Коммерческое,193.6,1,4,1958,62:76:660226:18,"[{""owner_id"": 74, ""share"": 1.0}]"
1320,"г. Усть-Ордынский, ул. Рабочая, д. 3 к. 91, 068204",Коммерческое,187.9,3,2,1968,23:97:345012:7,"[{""owner_id"": 87, ""share"": 1.0}]"
1321,"д. Когалым, наб. Строителей, д. 8, 857797",Квартира,166.5,5,4,1978,90:14:691018:559,"[{""owner_id"": 289, ""share"": 1.0}]"
1322,"к. Мытищи, бул. Чернышевского, д. 28 стр. 2, 723826",Коммерческое,136.1,3,22,1999,67:40:816052:503,"[{""owner_id"": 244, ""share"": 1.0}]"
1323,"д. Новокузнецк, пер. Кутузова, д. 65, 688155",Коммерческое,101.9,2,15,2018,56:38:251422:294,"[{""owner_id"": 177, ""share"": 1.0}]"
1324,"г. Токма, пер. Олега Кошевого, д. 5, 876150",Дом,199.8,2,12,1952,65:48:250977:44,"[{""owner_id"": 90, ""share"": 1.0}]"
1325,"д. Галич, ш. 40 лет Победы, д. 389 стр. 5, 403507",Квартира,197.7,2,21,1995,36:61:541597:905,"[{""owner_id"": 278, ""share"": 1.0}]"
1326,"к. Нижний Тагил, бул. Союзный, д. 6 стр. 308, 775477",Дом,191.4,4,12,1993,51:95:518259:137,"[{""owner_id"": 232, ""share"": 1.0}]"
1327,"к. Объячево, ш. Осенное, д. 5 стр. 923, 249379",Квартира,122.3,5,12,2009,80:62:493023:660,"[{""owner_id"": 106, ""share"": 0.27}, {""owner_id"": 126, ""share"": 0.73}]"
1328,"г. Сыктывкар, бул. Балтийский, д. 6, 849674",Квартира,104.6,5,21,2007,48:89:532136:53,"[{""owner_id"": 202, ""share"": 1.0}]"
1329,"с. Дагомыс, бул. Пугачева, д. 8/2, 559350",Коммерческое,180.2,4,17,2005,33:66:124993:711,"[{""owner_id"": 173, ""share"": 1.0}]"
1330,"с. Северо-Курильск, пер. Колхозный, д. 5/2 к. 82, 765314",Коммерческое,51.0,5,25,1969,92:61:703003:801,"[{""owner_id"": 291, ""share"": 1.0}]"
1331,"клх Ямбург, наб. Пушкинская, д. 1/1, 455834",Квартира,176.2,2,25,2012,50:88:900475:628,"[{""owner_id"": 78, ""share"": 0.35}, {""owner_id"": 211, ""share"": 0.65}]"
1332,"д. Нарым, пр. Технический, д. 468 к. 85, 680895",Коммерческое,37.5,1,3,1952,11:16:447611:874,"[{""owner_id"": 19, ""share"": 1.0}]"
1333,"ст. Челябинск, ул. Р.Люксембург, д. 1/5, 171557",Квартира,153.8,2,10,1958,56:89:430825:598,"[{""owner_id"": 183, ""share"": 1.0}]"
1334,"г. Якша, пер. Иванова, д. 73 стр. 1/4, 608988",Квартира,164.4,2,5,1970,63:25:658162:933,"[{""owner_id"": 229, ""share"": 0.66}, {""owner_id"": 244, ""share"": 0.14}, {""owner_id"": 174, ""share"": 0.2}]"
1335,"г. Асбест, наб. Курортная, д. 611 к. 12, 640093",Коммерческое,119.4,4,23,1985,98:41:218867:680,"[{""owner_id"": 82, ""share"": 1.0}]"
1336,"д. Ряжск, пр. Западный, д. 40, 821889",Дом,105.8,1,19,1996,66:84:699691:187,"[{""owner_id"": 228, ""share"": 0.21}, {""owner_id"": 50, ""share"": 0.32}, {""owner_id"": 21, ""share"": 0.47}]"
1337,"к. Североморск, ул. Коммуны, д. 7/7 стр. 34, 834812",Дом,190.4,5,12,1993,20:57:172236:182,"[{""owner_id"": 11, ""share"": 1.0}]"
1338,"клх Пинега, наб. Мусы Джалиля, д. 3 к. 5/5, 478327",Коммерческое,90.9,2,4,1975,91:51:406550:729,"[{""owner_id"": 154, ""share"": 1.0}]"
1339,"п. Саратов, ш. Чернышевского, д. 887 стр. 5, 468714",Дом,22.9,5,14,1971,56:42:301350:526,"[{""owner_id"": 43, ""share"": 0.58}, {""owner_id"": 182, ""share"": 0.42}]"
1340,"ст. Шуя, ш. Герцена, д. 61, 664239",Квартира,108.1,2,2,1980,99:49:375894:460,"[{""owner_id"": 267, ""share"": 1.0}]"
1341,"п. Ялуторовск, ш. Заречное, д. 5/7 к. 7/9, 182292",Дом,138.7,3,18,1954,26:89:111196:753,"[{""owner_id"": 173, ""share"": 0.7}, {""owner_id"": 21, ""share"": 0.18}, {""owner_id"": 140, ""share"": 0.12}]"
1342,"к. Орел, пр. Болотный, д. 40 стр. 4/4, 840613",Дом,55.9,4,13,1999,14:98:804542:277,"[{""owner_id"": 155, ""share"": 1.0}]"
1343,"к. Тотьма, пр. О.Кошевого, д. 50 к. 6, 576578",Дом,164.6,4,14,1993,26:54:854048:268,"[{""owner_id"": 172, ""share"": 1.0}]"
1344,"г. Новая Игирма, ул. Украинская, д. 8/7 к. 5, 363270",Дом,68.0,4,22,1960,95:50:633506:918,"[{""owner_id"": 251, ""share"": 1.0}]"
1345,"г. Краснотурьинск, наб. Тупиковая, д. 5 к. 10, 218674",Квартира,63.7,2,12,1958,29:83:940388:243,"[{""owner_id"": 66, ""share"": 1.0}]"
1346,"ст. Нягань, ул. Ленская, д. 2, 985056",Коммерческое,165.3,5,3,1969,84:90:583145:647,"[{""owner_id"": 39, ""share"": 0.68}, {""owner_id"": 5, ""share"": 0.32}]"
1347,"п. Кизляр, ш. Суворова, д. 581 к. 32, 663279",Квартира,55.9,1,6,1961,21:10:554001:811,"[{""owner_id"": 55, ""share"": 0.14}, {""owner_id"": 63, ""share"": 0.86}]"
1348,"п. Каргополь, пер. Гаражный, д. 960, 700522",Квартира,149.1,4,11,2017,34:70:957264:203,"[{""owner_id"": 108, ""share"": 1.0}]"
1349,"к. Сибай, ш. Калинина, д. 6/1 стр. 3, 025996",Коммерческое,141.7,1,15,1973,74:10:183422:181,"[{""owner_id"": 254, ""share"": 0.48}, {""owner_id"": 96, ""share"": 0.52}]"
1350,"ст. Льгов, наб. Толбухина, д. 50, 775130",Квартира,146.5,1,7,1973,51:39:270313:405,"[{""owner_id"": 135, ""share"": 0.56}, {""owner_id"": 74, ""share"": 0.15}, {""owner_id"": 278, ""share"": 0.29}]"
1351,"г. Шали, алл. Приозерная, д. 9/8, 537147",Коммерческое,94.2,3,7,2004,42:54:871168:247,"[{""owner_id"": 152, ""share"": 1.0}]"
1352,"г. Листвянка (Иркут.), ул. Подлесная, д. 5/4, 266656",Дом,155.8,1,2,1958,73:54:868516:62,"[{""owner_id"": 129, ""share"": 1.0}]"
1353,"п. Каневская, ул. Красных Партизан, д. 6 к. 562, 555267",Квартира,141.3,4,1,1961,50:85:908856:939,"[{""owner_id"": 221, ""share"": 1.0}]"
1354,"клх Кондопога, бул. Советской Армии, д. 627 к. 600, 870690",Дом,153.6,4,12,2013,48:72:428702:560,"[{""owner_id"": 34, ""share"": 0.68}, {""owner_id"": 292, ""share"": 0.14}, {""owner_id"": 135, ""share"": 0.18}]"
1355,"г. Бреды, ул. Социалистическая, д. 8/4, 353933",Дом,178.4,3,13,2009,69:67:260101:146,"[{""owner_id"": 98, ""share"": 0.13}, {""owner_id"": 117, ""share"": 0.34}, {""owner_id"": 88, ""share"": 0.53}]"
1356,"к. Туруханск, бул. Суворова, д. 865 к. 579, 218302",Квартира,161.9,4,21,1969,61:56:114627:445,"[{""owner_id"": 198, ""share"": 0.86}, {""owner_id"": 215, ""share"": 0.14}]"
1357,"с. Кунгур, бул. Герцена, д. 2 к. 520, 154880",Квартира,59.1,1,13,2010,29:44:453700:203,"[{""owner_id"": 89, ""share"": 0.57}, {""owner_id"": 78, ""share"": 0.43}]"
1358,"г. Шереметьево, алл. Балтийская, д. 6/4, 633057",Квартира,74.6,5,9,1979,34:72:736302:742,"[{""owner_id"": 201, ""share"": 1.0}]"
1359,"п. Смирных, ш. Цветочное, д. 598 стр. 464, 702170",Квартира,107.7,1,12,1963,18:51:840319:489,"[{""owner_id"": 223, ""share"": 1.0}]"
1360,"г. Вытегра, наб. Краснодарская, д. 83, 785681",Квартира,113.4,4,7,2003,72:11:422969:647,"[{""owner_id"": 73, ""share"": 1.0}]"
1361,"д. Саянск, ул. Крылова, д. 473 к. 610, 916983",Коммерческое,131.3,5,4,1966,77:46:457666:743,"[{""owner_id"": 160, ""share"": 1.0}]"
1362,"с. Чехов, пр. Высотный, д. 1/9, 406545",Дом,121.8,4,3,1952,67:57:537256:253,"[{""owner_id"": 66, ""share"": 1.0}]"
1363,"д. Канск, пр. Колхозный, д. 7/6 к. 794, 078562",Коммерческое,62.0,3,21,2010,45:81:457309:592,"[{""owner_id"": 168, ""share"": 1.0}]"
1364,"г. Челябинск, ш. Большое, д. 1/3 стр. 2/2, 801093",Коммерческое,123.0,2,23,1980,41:72:690660:482,"[{""owner_id"": 100, ""share"": 0.87}, {""owner_id"": 66, ""share"": 0.13}]"
1365,"д. Борзя, наб. Школьная, д. 170 стр. 82, 280587",Дом,155.0,5,11,1960,77:72:585164:618,"[{""owner_id"": 161, ""share"": 0.8}, {""owner_id"": 262, ""share"": 0.2}]"
1366,"ст. Таганрог, ул. Литейная, д. 3/7, 119569",Дом,148.1,3,25,1957,70:41:334181:649,"[{""owner_id"": 137, ""share"": 0.41}, {""owner_id"": 35, ""share"": 0.18}, {""owner_id"": 231, ""share"": 0.41}]"
1367,"с. Армавир, пр. Краснознаменный, д. 6 к. 2/3, 051356",Коммерческое,106.9,2,9,1990,72:50:734148:905,"[{""owner_id"": 183, ""share"": 1.0}]"
1368,"ст. Липецк, пер. Локомотивный, д. 1 стр. 275, 748673",Коммерческое,128.9,3,24,1957,34:77:937653:517,"[{""owner_id"": 97, ""share"": 1.0}]"
1369,"д. Гудермес, ул. Пожарского, д. 5/9 стр. 5/8, 935995",Дом,146.1,1,10,1983,36:28:410486:26,"[{""owner_id"": 193, ""share"": 1.0}]"
1370,"д. Кисловодск, пр. Шаумяна, д. 325 к. 419, 646912",Квартира,86.4,2,15,1998,81:30:722691:455,"[{""owner_id"": 216, ""share"": 1.0}]"
1371,"г. Чебоксары, пер. Фадеева, д. 63, 031387",Квартира,147.1,4,10,1970,85:26:438484:980,"[{""owner_id"": 56, ""share"": 0.46}, {""owner_id"": 141, ""share"": 0.54}]"
1372,"к. Палана, алл. Беляева, д. 4 стр. 65, 620294",Дом,119.5,3,5,1990,58:80:126702:644,"[{""owner_id"": 27, ""share"": 1.0}]"
1373,"с. Темрюк, ул. Производственная, д. 46, 517392",Дом,52.0,5,25,1954,92:46:439753:580,"[{""owner_id"": 166, ""share"": 1.0}]"
1374,"д. Кижи, пр. Бажова, д. 6/1, 947505",Коммерческое,148.5,4,3,1958,27:29:207220:536,"[{""owner_id"": 21, ""share"": 0.14}, {""owner_id"": 262, ""share"": 0.86}]"
1375,"клх Тавда, пр. Крестьянский, д. 5/4 стр. 424, 535381",Квартира,155.8,3,11,1960,62:53:887324:72,"[{""owner_id"": 121, ""share"": 1.0}]"
1376,"с. Нижний Тагил, ш. Малое, д. 3/1, 803695",Квартира,114.4,4,23,1969,80:21:953922:213,"[{""owner_id"": 280, ""share"": 1.0}]"
1377,"с. Кажим, наб. Курортная, д. 29 стр. 9/7, 088550",Дом,60.9,1,21,2021,13:16:774132:864,"[{""owner_id"": 60, ""share"": 1.0}]"
1378,"п. Челюскин, наб. Физкультурная, д. 101 стр. 3, 974935",Квартира,27.6,2,5,1967,74:50:438637:397,"[{""owner_id"": 246, ""share"": 1.0}]"
1379,"г. Абинск, ш. Кирпичное, д. 2/4, 935753",Дом,108.6,4,18,1958,15:35:718312:37,"[{""owner_id"": 203, ""share"": 0.51}, {""owner_id"": 10, ""share"": 0.49}]"
1380,"г. Верхний Уфалей, бул. Тюленина, д. 834 к. 7, 164262",Дом,21.3,1,19,1997,75:31:516474:218,"[{""owner_id"": 299, ""share"": 1.0}]"
1381,"к. Листвянка (Иркут.), алл. Школьная, д. 41 к. 5, 922394",Коммерческое,154.0,3,9,2021,57:75:507287:164,"[{""owner_id"": 4, ""share"": 1.0}]"
1382,"ст. Великий Устюг, алл. Калинина, д. 74 к. 1/6, 700603",Дом,90.7,3,15,1953,67:87:783051:688,"[{""owner_id"": 132, ""share"": 0.26}, {""owner_id"": 172, ""share"": 0.74}]"
1383,"с. Чебоксары, ул. Черняховского, д. 35 к. 341, 224175",Квартира,53.3,1,13,1963,36:35:896665:584,"[{""owner_id"": 208, ""share"": 1.0}]"
1384,"с. Токсово, пер. Энтузиастов, д. 5/2, 413336",Дом,85.0,1,21,1979,82:42:327337:524,"[{""owner_id"": 153, ""share"": 0.81}, {""owner_id"": 110, ""share"": 0.19}]"
1385,"клх Александровск, пер. 50 лет Октября, д. 656, 791578",Квартира,169.3,3,7,2013,59:51:580126:401,"[{""owner_id"": 7, ""share"": 1.0}]"
1386,"клх Мытищи, бул. Свободы, д. 22, 142999",Дом,106.4,5,10,1981,19:88:212471:906,"[{""owner_id"": 85, ""share"": 1.0}]"
1387,"к. Выборг, ул. Промышленная, д. 68 к. 4/2, 265201",Коммерческое,29.0,1,9,1950,48:66:499948:747,"[{""owner_id"": 16, ""share"": 1.0}]"
1388,"г. Североуральск, ул. Деповская, д. 598 к. 7, 659481",Квартира,29.6,2,21,1974,64:57:179796:287,"[{""owner_id"": 82, ""share"": 1.0}]"
1389,"п. Шатура, алл. Добролюбова, д. 6/2, 449153",Дом,158.7,1,10,1968,43:68:939444:937,"[{""owner_id"": 12, ""share"": 1.0}]"
1390,"д. Ардон, ул. Орловская, д. 385, 156823",Дом,51.4,1,3,1980,68:84:828674:571,"[{""owner_id"": 16, ""share"": 1.0}]"
1391,"д. Красновишерск, ул. Кедровая, д. 74 стр. 86, 320253",Коммерческое,121.4,1,24,1969,37:18:516849:695,"[{""owner_id"": 12, ""share"": 1.0}]"
1392,"п. Уварово, пр. Вокзальный, д. 8/7 к. 442, 667408",Дом,97.8,4,14,1972,11:83:146172:673,"[{""owner_id"": 20, ""share"": 1.0}]"
1393,"ст. Данков, ул. Рылеева, д. 3, 003305",Коммерческое,70.7,4,7,1984,13:95:385173:987,"[{""owner_id"": 144, ""share"": 1.0}]"
1394,"клх Шатки, ш. 8-е Марта, д. 84 стр. 55, 654168",Коммерческое,27.9,5,14,2021,99:72:930434:238,"[{""owner_id"": 121, ""share"": 0.75}, {""owner_id"": 230, ""share"": 0.25}]"
1395,"с. Рязань, ш. Астраханское, д. 3 стр. 28, 893632",Коммерческое,86.1,4,18,1970,57:94:489307:744,"[{""owner_id"": 25, ""share"": 0.39}, {""owner_id"": 147, ""share"": 0.61}]"
1396,"д. Анива, бул. Вокзальный, д. 3 к. 85, 189959",Дом,152.3,3,14,1972,84:61:490185:479,"[{""owner_id"": 75, ""share"": 1.0}]"
1397,"ст. Валдай, пр. Технический, д. 435 стр. 8, 507077",Дом,35.6,3,5,1992,55:92:589218:462,"[{""owner_id"": 150, ""share"": 0.64}, {""owner_id"": 76, ""share"": 0.17}, {""owner_id"": 254, ""share"": 0.19}]"
1398,"клх Усть-Ордынский, ш. Строителей, д. 7 стр. 85, 866213",Коммерческое,46.1,3,18,1970,83:27:955908:812,"[{""owner_id"": 85, ""share"": 0.37}, {""owner_id"": 22, ""share"": 0.63}]"
1399,"д. Новороссийск, пер. Иркутский, д. 6, 225955",Квартира,168.2,1,17,2019,15:76:208858:590,"[{""owner_id"": 203, ""share"": 1.0}]"
1400,"ст. Калач-на-Дону, ул. Чернышевского, д. 254 стр. 4/6, 109674",Коммерческое,189.6,2,22,1992,72:24:441298:750,"[{""owner_id"": 282, ""share"": 1.0}]"
1401,"клх Кириши, алл. Короленко, д. 1 к. 1, 173722",Коммерческое,138.2,4,8,2023,54:62:821211:770,"[{""owner_id"": 192, ""share"": 0.85}, {""owner_id"": 281, ""share"": 0.15}]"
1402,"п. Пятигорск, пр. Р.Люксембург, д. 1/4 стр. 93, 281718",Квартира,148.9,5,4,2013,28:19:828694:973,"[{""owner_id"": 116, ""share"": 0.77}, {""owner_id"": 233, ""share"": 0.13}, {""owner_id"": 80, ""share"": 0.1}]"
1403,"ст. Меренга, пр. Суворова, д. 21 стр. 67, 373114",Дом,168.5,5,21,1962,34:13:117007:32,"[{""owner_id"": 208, ""share"": 1.0}]"
1404,"г. Амурск, пер. Шолохова, д. 13 стр. 6/5, 038180",Квартира,169.0,1,3,1982,67:25:542412:968,"[{""owner_id"": 107, ""share"": 1.0}]"
1405,"к. Усолье Сибирское, бул. Звездный, д. 202 к. 24, 081702",Квартира,145.6,3,11,1999,57:36:418543:439,"[{""owner_id"": 207, ""share"": 1.0}]"
1406,"г. Ржев, пер. Чайкиной, д. 4/3 стр. 849, 320434",Коммерческое,130.7,1,22,2012,14:73:435158:360,"[{""owner_id"": 245, ""share"": 1.0}]"
1407,"п. Карабулак, наб. Карьерная, д. 606 к. 500, 010413",Дом,155.5,1,14,1994,97:72:128655:390,"[{""owner_id"": 243, ""share"": 1.0}]"
1408,"к. Ноябрьск, бул. Макарова, д. 3 к. 372, 956721",Квартира,105.5,5,3,1960,41:90:198572:466,"[{""owner_id"": 250, ""share"": 1.0}]"
1409,"ст. Бузулук, пер. Минина, д. 8/7 стр. 8/6, 387712",Квартира,128.6,4,2,1991,49:80:914915:721,"[{""owner_id"": 173, ""share"": 1.0}]"
1410,"д. Хужир, пер. Иванова, д. 50, 304519",Коммерческое,43.1,1,17,2006,18:74:290036:475,"[{""owner_id"": 111, ""share"": 0.18}, {""owner_id"": 211, ""share"": 0.82}]"
1411,"к. Таштагол, пер. Промышленный, д. 4/5 к. 188, 964031",Дом,164.2,5,21,1956,42:84:223384:715,"[{""owner_id"": 290, ""share"": 1.0}]"
1412,"ст. Морозовск, наб. Тупиковая, д. 485 стр. 3/1, 449339",Дом,72.8,2,2,1987,86:52:547460:113,"[{""owner_id"": 90, ""share"": 1.0}]"
1413,"г. Фатеж, наб. Совхозная, д. 4/9 к. 7, 020715",Квартира,106.8,2,1,1999,93:32:909985:386,"[{""owner_id"": 40, ""share"": 1.0}]"
1414,"д. Лабытнанги, ул. Новоселов, д. 6, 354407",Квартира,81.2,5,16,1979,66:99:221728:104,"[{""owner_id"": 94, ""share"": 1.0}]"
1415,"с. Теберда, пер. Тракторный, д. 11 стр. 172, 094711",Коммерческое,196.2,5,19,1953,66:73:484487:814,"[{""owner_id"": 68, ""share"": 1.0}]"
1416,"с. Воскресенск, пр. Осипенко, д. 9/1 стр. 2, 486671",Коммерческое,114.5,3,21,2019,23:63:596666:35,"[{""owner_id"": 11, ""share"": 1.0}]"
1417,"к. Дудинка, алл. Гагарина, д. 8 к. 949, 711018",Коммерческое,96.0,1,3,1983,95:55:597680:411,"[{""owner_id"": 286, ""share"": 1.0}]"
1418,"ст. Алексин, алл. Депутатская, д. 8, 443073",Квартира,41.8,2,3,2023,33:95:306063:457,"[{""owner_id"": 125, ""share"": 1.0}]"
1419,"ст. Октябрьский (Башк.), пр. Клары Цеткин, д. 1 стр. 50, 817799",Дом,120.3,4,3,1973,84:62:221477:574,"[{""owner_id"": 280, ""share"": 1.0}]"
1420,"с. Хужир, наб. Павлика Морозова, д. 248, 301864",Квартира,74.1,4,1,1997,17:75:926369:13,"[{""owner_id"": 104, ""share"": 1.0}]"
1421,"п. Великий Устюг, наб. Воровского, д. 2 к. 627, 700343",Коммерческое,115.5,3,5,1990,41:71:940145:219,"[{""owner_id"": 137, ""share"": 1.0}]"
1422,"п. Елец, пр. Шаумяна, д. 1 к. 4, 251231",Дом,106.2,1,6,1999,80:91:757488:555,"[{""owner_id"": 244, ""share"": 1.0}]"
1423,"к. Вуктыл, ул. Торговая, д. 720 стр. 471, 930052",Коммерческое,46.2,1,16,2015,19:82:272734:253,"[{""owner_id"": 37, ""share"": 0.63}, {""owner_id"": 75, ""share"": 0.37}]"
1424,"клх Миллерово, алл. Новостройка, д. 4/6 к. 58, 561161",Коммерческое,85.1,2,9,2002,17:65:144993:892,"[{""owner_id"": 212, ""share"": 1.0}]"
1425,"к. Дмитров, ш. Кольцевое, д. 6 к. 4, 582682",Квартира,54.7,3,13,2007,87:38:884972:930,"[{""owner_id"": 203, ""share"": 1.0}]"
1426,"д. Воткинск, ш. Чехова, д. 323 к. 95, 935803",Дом,136.3,2,8,2016,46:73:910653:77,"[{""owner_id"": 261, ""share"": 1.0}]"
1427,"д. Томск, наб. Береговая, д. 6/1, 819735",Дом,31.9,1,23,1968,92:15:487470:285,"[{""owner_id"": 16, ""share"": 1.0}]"
1428,"п. Новороссийка, наб. Советской Армии, д. 8/8, 449649",Коммерческое,165.2,3,10,2018,87:51:423110:876,"[{""owner_id"": 238, ""share"": 1.0}]"
1429,"к. Ростов, ш. Цветочное, д. 760 к. 56, 275537",Коммерческое,145.1,5,20,2023,27:70:453449:94,"[{""owner_id"": 262, ""share"": 0.71}, {""owner_id"": 250, ""share"": 0.18}, {""owner_id"": 198, ""share"": 0.11}]"
1430,"ст. Учалы, бул. Ленина, д. 1/2 к. 11, 072545",Коммерческое,113.1,1,9,1984,44:46:723309:526,"[{""owner_id"": 176, ""share"": 1.0}]"
1431,"г. Видное, ул. Минская, д. 84 к. 379, 251743",Квартира,121.9,3,10,1974,52:76:808942:422,"[{""owner_id"": 166, ""share"": 1.0}]"
1432,"ст. Березники, алл. Попова, д. 539, 988442",Коммерческое,138.6,5,5,1987,34:97:819301:371,"[{""owner_id"": 218, ""share"": 1.0}]"
1433,"п. Королев, ул. Тюленина, д. 7 к. 6, 959578",Дом,124.7,2,4,1987,91:41:315727:613,"[{""owner_id"": 284, ""share"": 0.26}, {""owner_id"": 165, ""share"": 0.74}]"
1434,"с. Калуга, ул. 8-е Марта, д. 3 стр. 2/9, 224023",Дом,87.5,4,16,1984,82:68:663513:350,"[{""owner_id"": 173, ""share"": 0.81}, {""owner_id"": 94, ""share"": 0.19}]"
1435,"ст. Губкинский, пр. Кузнечный, д. 7/5 к. 540, 551128",Дом,42.4,4,18,2000,10:18:298105:832,"[{""owner_id"": 37, ""share"": 1.0}]"
1436,"д. Валаам, ул. Котовского, д. 922, 074595",Коммерческое,95.7,3,2,2004,90:72:724187:111,"[{""owner_id"": 254, ""share"": 0.57}, {""owner_id"": 233, ""share"": 0.16}, {""owner_id"": 282, ""share"": 0.27}]"
1437,"с. Радужный, пр. Абрикосовый, д. 43 к. 5, 373278",Дом,41.5,2,4,1996,16:15:988327:72,"[{""owner_id"": 199, ""share"": 1.0}]"
1438,"ст. Чегем, ул. Чайковского, д. 300, 077214",Коммерческое,68.3,1,24,2004,36:15:792371:581,"[{""owner_id"": 281, ""share"": 1.0}]"
1439,"клх Троицк (Челяб.), пер. Кошевого, д. 4 к. 2/6, 731052",Дом,195.8,3,10,2005,40:39:331145:634,"[{""owner_id"": 58, ""share"": 1.0}]"
1440,"г. Усть-Кулом, алл. Совхозная, д. 1 к. 4/4, 731297",Коммерческое,83.6,2,5,1952,80:84:432102:781,"[{""owner_id"": 137, ""share"": 1.0}]"
1441,"г. Минусинск, наб. Больничная, д. 67 стр. 782, 090722",Квартира,117.5,1,6,1961,83:88:382831:829,"[{""owner_id"": 197, ""share"": 1.0}]"
1442,"г. Енисейск, пер. Медицинский, д. 3, 959602",Квартира,172.2,2,8,2008,88:31:281973:940,"[{""owner_id"": 49, ""share"": 1.0}]"
1443,"г. Мценск, ш. Металлистов, д. 2 стр. 6/8, 323088",Квартира,63.0,3,14,2024,86:59:567838:219,"[{""owner_id"": 55, ""share"": 1.0}]"
1444,"ст. Агинское (Забайк.), наб. Ленинградская, д. 6/1 стр. 24, 007886",Дом,148.2,4,5,1999,88:58:124145:555,"[{""owner_id"": 42, ""share"": 1.0}]"
1445,"д. Стрежевой, наб. Титова, д. 295 к. 6, 497236",Коммерческое,81.6,1,16,2014,88:59:978936:453,"[{""owner_id"": 106, ""share"": 0.45}, {""owner_id"": 252, ""share"": 0.55}]"
1446,"клх Палана, пр. Водопроводный, д. 6/2, 420438",Квартира,146.6,5,23,1998,31:61:317192:224,"[{""owner_id"": 191, ""share"": 1.0}]"
1447,"г. Кропоткин (Краснод.), алл. Веселая, д. 7/5 к. 44, 166740",Дом,64.8,3,8,1998,86:70:125455:703,"[{""owner_id"": 208, ""share"": 1.0}]"
1448,"д. Тихорецк, ш. Терешковой, д. 8 стр. 2, 066726",Коммерческое,82.1,4,1,2012,65:67:544740:92,"[{""owner_id"": 125, ""share"": 0.67}, {""owner_id"": 34, ""share"": 0.1}, {""owner_id"": 232, ""share"": 0.23}]"
1449,"д. Северобайкальск, алл. Химиков, д. 4 стр. 8/1, 249316",Квартира,68.4,3,16,1970,31:38:995113:600,"[{""owner_id"": 179, ""share"": 1.0}]"
1450,"клх Шарья, алл. Отрадная, д. 97 стр. 147, 079365",Квартира,172.3,4,12,1956,39:21:841452:938,"[{""owner_id"": 272, ""share"": 1.0}]"
1451,"к. Партизанск, алл. Космодемьянской, д. 40 стр. 47, 712567",Квартира,65.1,5,9,2007,29:47:248514:880,"[{""owner_id"": 284, ""share"": 1.0}]"
1452,"п. Красная Поляна, ул. Пугачева, д. 9/6, 532425",Квартира,93.7,2,17,1958,39:21:751107:54,"[{""owner_id"": 96, ""share"": 1.0}]"
1453,"г. Алагир, пер. Советский, д. 8 стр. 16, 034136",Дом,118.6,4,6,1980,12:35:731907:730,"[{""owner_id"": 91, ""share"": 1.0}]"
1454,"п. Чехов, наб. Блюхера, д. 8 стр. 1/8, 600746",Дом,167.1,2,18,1965,69:80:897819:378,"[{""owner_id"": 52, ""share"": 1.0}]"
1455,"ст. Колпашево, ш. 9 Января, д. 204, 443687",Квартира,161.6,3,6,1984,75:12:625245:517,"[{""owner_id"": 79, ""share"": 0.85}, {""owner_id"": 274, ""share"": 0.15}]"
1456,"п. Теберда, пр. Николаева, д. 61 стр. 8/5, 545866",Дом,48.1,2,8,1997,83:45:584867:252,"[{""owner_id"": 202, ""share"": 0.23}, {""owner_id"": 70, ""share"": 0.77}]"
1457,"к. Улан-Удэ, пр. Дзержинского, д. 842 стр. 4, 419887",Коммерческое,64.7,5,25,1955,18:58:242505:1,"[{""owner_id"": 57, ""share"": 1.0}]"
1458,"п. Красноярск, пер. Коллективный, д. 422 стр. 99, 159007",Дом,142.0,4,18,2019,61:77:589286:986,"[{""owner_id"": 271, ""share"": 1.0}]"
1459,"ст. Джубга, бул. Лесный, д. 5 стр. 6, 771541",Дом,161.5,5,23,2001,42:77:527481:171,"[{""owner_id"": 267, ""share"": 1.0}]"
1460,"с. Алагир, наб. Марта 8, д. 29 к. 664, 677657",Квартира,164.9,2,3,1997,48:24:733754:926,"[{""owner_id"": 256, ""share"": 1.0}]"
1461,"с. Красногорск (Моск.), пр. Шоссейный, д. 3 к. 385, 455217",Дом,87.3,3,16,1975,12:37:556694:794,"[{""owner_id"": 193, ""share"": 1.0}]"
1462,"к. Хоста, пер. Культуры, д. 99 стр. 3/8, 442206",Дом,175.7,2,21,1988,60:41:249228:17,"[{""owner_id"": 76, ""share"": 1.0}]"
1463,"клх Бавлы, пер. Стахановский, д. 4/9 к. 5/1, 672466",Дом,178.8,4,5,2003,16:41:252607:919,"[{""owner_id"": 225, ""share"": 0.42}, {""owner_id"": 130, ""share"": 0.37}, {""owner_id"": 250, ""share"": 0.21}]"
1464,"п. Жигулевск, наб. Покровская, д. 931, 933011",Дом,87.3,3,15,1999,93:65:181918:613,"[{""owner_id"": 52, ""share"": 1.0}]"
1465,"клх Анива, наб. Ударная, д. 6 к. 6/6, 452961",Коммерческое,105.9,4,3,1995,52:34:425416:945,"[{""owner_id"": 263, ""share"": 1.0}]"
1466,"к. Калуга, пер. Л.Толстого, д. 6 к. 9/4, 179838",Квартира,46.3,5,9,1957,13:75:329317:646,"[{""owner_id"": 6, ""share"": 1.0}]"
1467,"клх Кондопога, наб. М.Горького, д. 7/4 к. 68, 417825",Дом,92.6,5,15,1994,89:51:398767:377,"[{""owner_id"": 13, ""share"": 1.0}]"
1468,"клх Горячий Ключ, пер. Заозерный, д. 3/5 стр. 5/8, 293684",Коммерческое,42.2,4,25,2012,65:75:137912:683,"[{""owner_id"": 265, ""share"": 1.0}]"
1469,"д. Новый Оскол, пр. Л.Толстого, д. 86, 102719",Квартира,187.9,4,11,2006,91:44:250944:146,"[{""owner_id"": 290, ""share"": 0.15}, {""owner_id"": 260, ""share"": 0.85}]"
1470,"ст. Губаха, алл. Смирнова, д. 31, 519045",Дом,91.0,1,2,1988,11:27:303941:429,"[{""owner_id"": 101, ""share"": 0.59}, {""owner_id"": 48, ""share"": 0.41}]"
1471,"ст. Мезень, наб. Марта 8, д. 12 стр. 765, 339350",Квартира,96.8,5,9,1976,10:18:271328:880,"[{""owner_id"": 214, ""share"": 1.0}]"
1472,"п. Гусь-Хрустальный, алл. Энергетиков, д. 28 к. 1, 075598",Квартира,59.4,2,22,2013,24:20:801934:471,"[{""owner_id"": 248, ""share"": 1.0}]"
1473,"клх Кызыл, ул. Малая, д. 9, 350745",Дом,123.9,5,24,1992,90:95:442394:540,"[{""owner_id"": 176, ""share"": 0.78}, {""owner_id"": 191, ""share"": 0.22}]"
1474,"клх Котельнич, пер. Трактовый, д. 1/3, 404310",Коммерческое,70.2,5,25,1981,38:12:554949:495,"[{""owner_id"": 267, ""share"": 1.0}]"
1475,"с. Владикавказ, пер. Локомотивный, д. 45 стр. 87, 765547",Дом,109.8,4,2,1988,42:23:964098:152,"[{""owner_id"": 261, ""share"": 1.0}]"
1476,"с. Губаха, наб. Металлургов, д. 65 к. 9, 471266",Квартира,103.6,2,4,2019,74:56:532689:761,"[{""owner_id"": 113, ""share"": 1.0}]"
1477,"к. Котельнич, алл. Полярная, д. 3 стр. 1/3, 501343",Дом,73.8,2,6,2011,94:18:912610:322,"[{""owner_id"": 291, ""share"": 1.0}]"
1478,"с. Ербогачен, пер. Тургенева, д. 84 к. 4/4, 299037",Дом,196.1,3,12,1965,49:40:610153:901,"[{""owner_id"": 30, ""share"": 0.75}, {""owner_id"": 224, ""share"": 0.11}, {""owner_id"": 208, ""share"": 0.14}]"
1479,"п. Саратов, пер. Харьковский, д. 6 к. 2/5, 116220",Квартира,129.9,2,11,1970,86:51:722273:386,"[{""owner_id"": 203, ""share"": 0.44}, {""owner_id"": 110, ""share"": 0.18}, {""owner_id"": 208, ""share"": 0.38}]"
1480,"д. Верхний Тагил, ул. Томская, д. 4, 436444",Коммерческое,21.5,5,14,2013,21:99:779445:156,"[{""owner_id"": 52, ""share"": 0.17}, {""owner_id"": 43, ""share"": 0.83}]"
1481,"клх Уэлен, пер. Студенческий, д. 3 к. 10, 227683",Дом,142.2,3,22,2023,21:15:273247:915,"[{""owner_id"": 2, ""share"": 0.13}, {""owner_id"": 242, ""share"": 0.3}, {""owner_id"": 91, ""share"": 0.57}]"
1482,"с. Тикси, ш. 9 мая, д. 9/6, 109338",Квартира,199.3,1,2,1950,34:31:509850:844,"[{""owner_id"": 52, ""share"": 1.0}]"
1483,"г. Алексин, пер. Московский, д. 363, 867754",Коммерческое,71.2,1,15,1983,30:92:913773:717,"[{""owner_id"": 56, ""share"": 0.59}, {""owner_id"": 137, ""share"": 0.21}, {""owner_id"": 150, ""share"": 0.2}]"
1484,"д. Псебай, пр. Мелиоративный, д. 8, 344633",Коммерческое,60.3,3,2,2000,53:95:270715:712,"[{""owner_id"": 255, ""share"": 1.0}]"
1485,"ст. Октябрьское (Челяб.), бул. Красных Партизан, д. 2 к. 5, 351757",Дом,191.3,3,10,2001,63:40:932839:868,"[{""owner_id"": 232, ""share"": 1.0}]"
1486,"ст. Борзя, наб. Олимпийская, д. 7/7 стр. 6, 560033",Квартира,63.3,2,23,1969,14:20:161601:602,"[{""owner_id"": 168, ""share"": 1.0}]"
1487,"п. Истра, ш. Геологов, д. 9 стр. 3, 092225",Квартира,46.9,1,10,1992,98:50:707408:245,"[{""owner_id"": 76, ""share"": 0.9}, {""owner_id"": 56, ""share"": 0.1}]"
1488,"к. Новая Игирма, пер. Жукова, д. 37 к. 77, 041426",Коммерческое,140.3,5,24,1988,36:70:788056:35,"[{""owner_id"": 223, ""share"": 0.2}, {""owner_id"": 210, ""share"": 0.8}]"
1489,"г. Кабанск, ш. Дорожников, д. 481 стр. 3/3, 109352",Квартира,82.1,1,2,1982,59:33:951987:510,"[{""owner_id"": 201, ""share"": 1.0}]"
1490,"д. Елабуга, пер. Павлова, д. 714, 840769",Коммерческое,175.3,4,5,1991,64:94:430079:982,"[{""owner_id"": 204, ""share"": 1.0}]"
1491,"д. Белореченск, пр. Сахалинский, д. 8 стр. 8/1, 782446",Дом,94.8,4,11,1968,15:27:351682:526,"[{""owner_id"": 291, ""share"": 0.8}, {""owner_id"": 95, ""share"": 0.1}, {""owner_id"": 4, ""share"": 0.1}]"
1492,"с. Шилка, бул. Минский, д. 1/5 к. 78, 508559",Квартира,149.7,4,2,1951,90:56:845920:352,"[{""owner_id"": 143, ""share"": 1.0}]"
1493,"ст. Яшкуль, алл. Беляева, д. 76 к. 33, 727346",Дом,158.9,5,7,1977,28:52:813404:675,"[{""owner_id"": 191, ""share"": 0.1}, {""owner_id"": 173, ""share"": 0.9}]"
1494,"г. Куртамыш, алл. Тупиковая, д. 54 к. 7/7, 051496",Коммерческое,198.9,5,20,1975,65:15:577052:988,"[{""owner_id"": 259, ""share"": 0.52}, {""owner_id"": 141, ""share"": 0.48}]"
1495,"с. Токма, алл. Р.Люксембург, д. 9/9 к. 3/5, 940395",Дом,28.0,3,1,2002,85:90:930302:65,"[{""owner_id"": 281, ""share"": 0.53}, {""owner_id"": 149, ""share"": 0.47}]"
1496,"д. Муравленко, ш. Дальнее, д. 54 к. 488, 183801",Дом,184.5,5,19,1979,50:85:333727:461,"[{""owner_id"": 214, ""share"": 1.0}]"
1497,"к. Соболево, пер. Профсоюзный, д. 83 к. 4/9, 122016",Квартира,140.3,5,9,2000,43:10:656524:235,"[{""owner_id"": 20, ""share"": 1.0}]"
1498,"д. Ноябрьск, ул. Лесная, д. 23, 231336",Квартира,91.5,4,2,1959,45:78:953986:922,"[{""owner_id"": 231, ""share"": 1.0}]"
1499,"к. Адлер, пер. Тепличный, д. 127 стр. 23, 720129",Квартира,110.3,3,25,1956,73:84:323781:547,"[{""owner_id"": 214, ""share"": 1.0}]"
1500,"ст. Костомукша, бул. Иванова, д. 6/7, 001917",Квартира,173.9,4,18,1992,32:79:787973:206,"[{""owner_id"": 148, ""share"": 1.0}]"
1501,"ст. Катав-Ивановск, наб. Некрасова, д. 44, 151547",Квартира,79.2,2,16,1952,22:26:885813:749,"[{""owner_id"": 220, ""share"": 1.0}]"
1502,"д. Гатчина, пр. Майский, д. 1/3, 282040",Коммерческое,66.3,2,14,1976,30:56:202345:784,"[{""owner_id"": 150, ""share"": 1.0}]"
1503,"клх Тосно, ш. Проезжее, д. 2, 321600",Квартира,177.2,1,8,1958,44:32:218877:784,"[{""owner_id"": 159, ""share"": 0.61}, {""owner_id"": 278, ""share"": 0.11}, {""owner_id"": 281, ""share"": 0.28}]"
1504,"п. Кунгур, ул. Астраханская, д. 35 стр. 7/3, 202131",Коммерческое,157.9,5,15,2015,25:71:800447:630,"[{""owner_id"": 63, ""share"": 1.0}]"
1505,"с. Фатеж, бул. Ленина, д. 48 к. 86, 116781",Дом,162.0,3,6,1999,34:79:362433:743,"[{""owner_id"": 43, ""share"": 1.0}]"
1506,"с. Уварово, бул. Театральный, д. 225 к. 4, 426730",Квартира,49.2,3,6,2016,98:78:303602:491,"[{""owner_id"": 45, ""share"": 1.0}]"
1507,"г. Эльтон, наб. Народная, д. 6/4 стр. 640, 198410",Дом,38.6,5,25,2001,37:31:299380:636,"[{""owner_id"": 180, ""share"": 0.78}, {""owner_id"": 16, ""share"": 0.12}, {""owner_id"": 175, ""share"": 0.1}]"
1508,"с. Мостовской, ул. Большевистская, д. 3 к. 7, 703784",Коммерческое,60.8,4,18,2008,59:51:773738:378,"[{""owner_id"": 35, ""share"": 1.0}]"
1509,"д. Сухиничи, бул. Набережный, д. 80, 440583",Квартира,101.5,1,19,1995,12:95:490633:665,"[{""owner_id"": 22, ""share"": 1.0}]"
1510,"клх Алагир, пр. Ростовский, д. 3/8, 328290",Дом,175.2,1,5,1962,86:76:688683:785,"[{""owner_id"": 4, ""share"": 1.0}]"
1511,"п. Александров Гай, ул. Революционная, д. 41 к. 1, 368019",Дом,109.0,5,24,1993,25:89:950216:34,"[{""owner_id"": 70, ""share"": 1.0}]"
1512,"г. Инта, ул. Юности, д. 2 к. 874, 170648",Дом,72.8,1,2,1988,95:27:829711:265,"[{""owner_id"": 163, ""share"": 0.35}, {""owner_id"": 126, ""share"": 0.65}]"
1513,"д. Салехард, пер. Кольцова, д. 31 стр. 1, 904481",Дом,196.6,5,12,1959,73:49:874508:308,"[{""owner_id"": 79, ""share"": 0.37}, {""owner_id"": 144, ""share"": 0.63}]"
1514,"д. Бирск, ул. Бульварная, д. 7, 677619",Дом,79.0,1,5,2017,87:86:992935:103,"[{""owner_id"": 14, ""share"": 1.0}]"
1515,"к. Хабаровск, бул. Кооперативный, д. 370 к. 576, 177022",Дом,158.2,3,4,1973,83:37:710510:820,"[{""owner_id"": 49, ""share"": 1.0}]"
1516,"к. Нижнеудинск, наб. Микрорайон, д. 87, 532095",Дом,76.1,5,25,2019,20:80:705407:892,"[{""owner_id"": 26, ""share"": 1.0}]"
1517,"д. Фатеж, пр. Заовражный, д. 9 стр. 3/8, 993357",Коммерческое,138.4,1,13,1955,49:63:197483:674,"[{""owner_id"": 153, ""share"": 1.0}]"
1518,"клх Краснотурьинск, ш. Харьковское, д. 7/4, 648442",Квартира,32.4,5,1,1963,71:15:592016:829,"[{""owner_id"": 27, ""share"": 1.0}]"
1519,"д. Усть-Кут, наб. Пирогова, д. 3, 918867",Квартира,67.6,5,18,1981,20:52:276559:190,"[{""owner_id"": 278, ""share"": 1.0}]"
1520,"ст. Ельня, алл. Орджоникидзе, д. 53 к. 162, 663340",Коммерческое,176.0,1,16,1977,26:31:873704:981,"[{""owner_id"": 292, ""share"": 1.0}]"
1521,"клх Далматово, наб. Розы Люксембург, д. 64, 636288",Квартира,142.7,3,19,1974,73:80:349468:61,"[{""owner_id"": 261, ""share"": 0.89}, {""owner_id"": 123, ""share"": 0.11}]"
1522,"п. Каменномостский, пр. Речной, д. 5 к. 6, 143442",Квартира,168.5,3,12,1967,61:85:531534:933,"[{""owner_id"": 199, ""share"": 1.0}]"
1523,"г. Снежинск, наб. Кузнецкая, д. 6 к. 5/3, 884246",Квартира,130.9,1,23,2003,42:92:734656:510,"[{""owner_id"": 138, ""share"": 1.0}]"
1524,"к. Бугуруслан, пер. Заозерный, д. 864, 464299",Дом,126.3,3,23,1966,83:33:954008:657,"[{""owner_id"": 59, ""share"": 1.0}]"
1525,"к. Сарапул, алл. Энергетиков, д. 99 стр. 6/2, 300751",Квартира,148.0,2,8,1955,19:97:513892:137,"[{""owner_id"": 128, ""share"": 1.0}]"
1526,"клх Буденновск, алл. Литейная, д. 3/4 стр. 957, 453108",Квартира,169.4,1,14,1963,53:36:568791:148,"[{""owner_id"": 142, ""share"": 0.1}, {""owner_id"": 58, ""share"": 0.25}, {""owner_id"": 295, ""share"": 0.65}]"
1527,"к. Пинега, алл. Дружба, д. 3/5 к. 20, 606696",Дом,78.5,4,13,2016,97:45:564950:680,"[{""owner_id"": 64, ""share"": 1.0}]"
1528,"с. Шали, пр. Харьковский, д. 5/2 стр. 91, 906506",Квартира,90.1,2,22,1981,72:72:387202:448,"[{""owner_id"": 75, ""share"": 1.0}]"
1529,"с. Великий Устюг, пер. Зеленый, д. 612 к. 223, 004027",Дом,103.4,1,2,2008,77:47:313741:424,"[{""owner_id"": 2, ""share"": 1.0}]"
1530,"ст. Тихорецк, бул. Запрудный, д. 920, 149842",Квартира,71.0,2,14,1951,70:77:168466:601,"[{""owner_id"": 148, ""share"": 1.0}]"
1531,"ст. Славянск-на-Кубани, пр. Максима Горького, д. 9/5 стр. 10, 414424",Коммерческое,60.4,2,23,1985,71:59:382737:165,"[{""owner_id"": 156, ""share"": 1.0}]"
1532,"клх Сортавала, ш. Восьмого Марта, д. 93, 159528",Квартира,23.1,2,21,2012,59:38:678548:522,"[{""owner_id"": 225, ""share"": 1.0}]"
1533,"с. Муравленко, пр. Николаева, д. 97 стр. 49, 557797",Квартира,68.2,3,17,1982,98:22:385015:883,"[{""owner_id"": 75, ""share"": 1.0}]"
1534,"с. Рязань, пр. Труда, д. 405, 815043",Коммерческое,92.7,1,19,1963,40:46:364344:830,"[{""owner_id"": 159, ""share"": 1.0}]"
1535,"к. Рязань, ул. Запрудная, д. 9 стр. 7/7, 963547",Коммерческое,123.4,5,6,2013,77:10:256338:982,"[{""owner_id"": 285, ""share"": 1.0}]"
1536,"с. Муром, ш. Ярославское, д. 901, 262264",Дом,122.2,1,16,1974,33:23:868206:314,"[{""owner_id"": 284, ""share"": 1.0}]"
1537,"д. Апрелевка, ш. Литейное, д. 5, 859356",Дом,125.5,4,22,2022,82:55:200757:390,"[{""owner_id"": 218, ""share"": 0.66}, {""owner_id"": 129, ""share"": 0.34}]"
1538,"к. Ербогачен, бул. Владимирский, д. 8/6 к. 676, 737485",Квартира,78.4,3,12,2010,40:78:449625:505,"[{""owner_id"": 101, ""share"": 1.0}]"
1539,"г. Зеленоград, наб. Ленина, д. 8/1, 752279",Квартира,144.2,1,19,1967,39:62:146008:210,"[{""owner_id"": 288, ""share"": 1.0}]"
1540,"д. Ростов-на-Дону, алл. Санаторная, д. 8/5 к. 420, 407008",Коммерческое,33.1,5,15,1967,38:37:329082:380,"[{""owner_id"": 274, ""share"": 1.0}]"
1541,"к. Холмогоры, ул. Раздольная, д. 3 стр. 6/8, 385139",Квартира,185.3,4,4,1985,92:85:571688:915,"[{""owner_id"": 132, ""share"": 1.0}]"
1542,"клх Котлас, алл. Балтийская, д. 2/5 к. 36, 408520",Квартира,130.1,1,9,2018,90:40:146316:488,"[{""owner_id"": 175, ""share"": 1.0}]"
1543,"п. Кулу, ул. Верхняя, д. 9/8 к. 37, 659338",Квартира,138.3,1,16,1977,62:52:204955:91,"[{""owner_id"": 278, ""share"": 1.0}]"
1544,"г. Элиста, пр. Кольцевой, д. 1/4, 308544",Коммерческое,70.0,4,23,1994,55:67:683309:713,"[{""owner_id"": 118, ""share"": 1.0}]"
1545,"п. Пятигорск, ш. Парижской Коммуны, д. 420 стр. 937, 210936",Коммерческое,122.9,3,7,1972,30:39:873298:47,"[{""owner_id"": 50, ""share"": 1.0}]"
1546,"с. Серов, пр. Ставропольский, д. 6/8 к. 5/6, 459034",Дом,103.0,4,8,1967,14:25:860997:935,"[{""owner_id"": 101, ""share"": 0.26}, {""owner_id"": 108, ""share"": 0.74}]"
1547,"ст. Красновишерск, наб. Заозерная, д. 702, 955330",Дом,47.7,1,6,2010,58:10:279699:384,"[{""owner_id"": 188, ""share"": 0.77}, {""owner_id"": 154, ""share"": 0.23}]"
1548,"клх Красная Поляна, бул. Нижний, д. 25, 855070",Коммерческое,171.7,4,4,1960,30:37:176769:158,"[{""owner_id"": 90, ""share"": 1.0}]"
1549,"к. Анадырь, алл. Челюскинцев, д. 567 к. 551, 876216",Квартира,145.9,2,9,2016,81:96:656653:973,"[{""owner_id"": 223, ""share"": 1.0}]"
1550,"клх Краснотурьинск, алл. Просвещения, д. 4/1 стр. 59, 695725",Коммерческое,138.9,2,15,2004,32:88:977333:814,"[{""owner_id"": 300, ""share"": 0.23}, {""owner_id"": 169, ""share"": 0.67}, {""owner_id"": 232, ""share"": 0.1}]"
1551,"п. Киржач, ш. Ватутина, д. 87 стр. 925, 848891",Дом,129.1,1,7,2001,47:58:910085:549,"[{""owner_id"": 162, ""share"": 1.0}]"
1552,"г. Оренбург, бул. Орджоникидзе, д. 694 стр. 5/5, 452390",Коммерческое,40.8,2,2,1979,99:78:998813:116,"[{""owner_id"": 47, ""share"": 1.0}]"
1553,"г. Обнинск, наб. Прудовая, д. 8/9, 547018",Коммерческое,124.5,2,2,2016,33:78:343060:819,"[{""owner_id"": 203, ""share"": 1.0}]"
1554,"д. Нефтекамск, ул. Мичурина, д. 8/1, 672502",Коммерческое,174.5,5,3,1980,78:80:187627:348,"[{""owner_id"": 26, ""share"": 1.0}]"
1555,"ст. Минеральные Воды, ул. Кочубея, д. 1/8 стр. 74, 316134",Дом,67.0,5,5,1972,15:64:614335:871,"[{""owner_id"": 48, ""share"": 1.0}]"
1556,"д. Южно-Курильск, ш. Базарное, д. 5/6, 527542",Квартира,113.2,5,15,1959,64:91:673284:83,"[{""owner_id"": 72, ""share"": 0.66}, {""owner_id"": 113, ""share"": 0.34}]"
1557,"ст. Учалы, пр. Р.Люксембург, д. 2 к. 1, 688155",Дом,198.7,3,1,1954,11:13:912965:681,"[{""owner_id"": 165, ""share"": 0.23}, {""owner_id"": 236, ""share"": 0.77}]"
1558,"клх Мураши, ш. Карбышева, д. 2/7 к. 9/5, 936364",Квартира,78.0,5,3,1960,98:34:604134:976,"[{""owner_id"": 16, ""share"": 1.0}]"
1559,"к. Хатанга, наб. Виноградная, д. 2/2 к. 63, 322451",Квартира,161.7,5,1,1969,55:50:497457:689,"[{""owner_id"": 225, ""share"": 0.62}, {""owner_id"": 276, ""share"": 0.38}]"
1560,"с. Шереметьево, ул. Раздольная, д. 826 к. 9, 978487",Коммерческое,72.2,3,9,1970,20:79:952246:152,"[{""owner_id"": 259, ""share"": 1.0}]"
1561,"г. Холмск, алл. Майская, д. 3 к. 1/5, 692259",Коммерческое,105.8,4,17,1959,29:32:964400:782,"[{""owner_id"": 296, ""share"": 1.0}]"
1562,"к. Далматово, ул. Киевская, д. 57, 901763",Дом,88.3,1,17,2005,69:13:146290:614,"[{""owner_id"": 22, ""share"": 1.0}]"
1563,"д. Тверь, алл. Ульянова, д. 685 к. 16, 223063",Квартира,88.0,3,3,1996,76:45:655782:154,"[{""owner_id"": 134, ""share"": 1.0}]"
1564,"с. Каргасок, бул. К.Маркса, д. 8/6 стр. 5/3, 104003",Квартира,62.4,2,9,2015,39:51:487518:678,"[{""owner_id"": 289, ""share"": 1.0}]"
1565,"п. Анапа, ш. Полярное, д. 9, 746352",Квартира,161.3,4,24,1955,80:15:755377:482,"[{""owner_id"": 159, ""share"": 1.0}]"
1566,"ст. Псебай, ул. Короткая, д. 138, 958621",Квартира,93.8,5,18,2008,89:55:924729:18,"[{""owner_id"": 107, ""share"": 1.0}]"
1567,"клх Богучар, ул. Мирная, д. 28 стр. 8/1, 666636",Квартира,68.2,1,4,2000,42:77:230300:912,"[{""owner_id"": 270, ""share"": 0.2}, {""owner_id"": 95, ""share"": 0.8}]"
1568,"п. Терскол, бул. Лазурный, д. 66, 503379",Коммерческое,20.9,3,21,1972,80:70:622659:902,"[{""owner_id"": 271, ""share"": 1.0}]"
1569,"клх Шаховская, ул. Хвойная, д. 6/4 к. 4, 324527",Коммерческое,31.5,3,8,1969,96:18:248374:714,"[{""owner_id"": 265, ""share"": 0.67}, {""owner_id"": 100, ""share"": 0.12}, {""owner_id"": 194, ""share"": 0.21}]"
1570,"с. Внуково (метеост.), бул. Володарского, д. 630 стр. 9/8, 712652",Коммерческое,50.8,5,21,1989,62:48:266296:22,"[{""owner_id"": 152, ""share"": 1.0}]"
1571,"ст. Урай, ул. Громова, д. 3 стр. 98, 015149",Коммерческое,43.5,5,14,1977,23:49:916101:258,"[{""owner_id"": 215, ""share"": 1.0}]"
1572,"с. Псебай, пер. Родниковый, д. 26 к. 6/8, 528226",Дом,72.5,4,6,1995,57:47:144374:192,"[{""owner_id"": 21, ""share"": 1.0}]"
1573,"клх Курск, пер. Железнодорожный, д. 59 стр. 5, 457766",Коммерческое,141.6,3,18,1973,47:34:864670:24,"[{""owner_id"": 118, ""share"": 1.0}]"
1574,"д. Тюмень, наб. 50 лет Октября, д. 209 к. 6, 783239",Дом,75.4,3,10,2015,83:77:629757:939,"[{""owner_id"": 241, ""share"": 1.0}]"
1575,"с. Амдерма, пер. Балтийский, д. 127, 618536",Коммерческое,52.1,3,11,1967,69:88:972156:714,"[{""owner_id"": 116, ""share"": 0.29}, {""owner_id"": 56, ""share"": 0.46}, {""owner_id"": 189, ""share"": 0.25}]"
1576,"д. Байкальск, алл. Советская, д. 40 к. 98, 120996",Квартира,72.1,1,10,1980,36:37:319086:994,"[{""owner_id"": 175, ""share"": 1.0}]"
1577,"с. Кетченеры, алл. Северная, д. 47 к. 5, 656707",Дом,125.7,1,13,1978,28:23:194432:97,"[{""owner_id"": 182, ""share"": 0.76}, {""owner_id"": 100, ""share"": 0.24}]"
1578,"к. Плес, ш. 40 лет Победы, д. 5/4 стр. 8/8, 546739",Квартира,118.0,5,7,1980,85:21:761518:696,"[{""owner_id"": 233, ""share"": 0.47}, {""owner_id"": 270, ""share"": 0.53}]"
1579,"с. Красногорск (Моск.), пер. Садовый, д. 5 стр. 9/9, 305886",Квартира,92.9,3,8,1955,62:14:858498:79,"[{""owner_id"": 111, ""share"": 1.0}]"
1580,"ст. Железногорск(Курск.), алл. Мирная, д. 39 к. 7/3, 478009",Коммерческое,174.5,5,24,2017,11:11:293807:214,"[{""owner_id"": 259, ""share"": 0.89}, {""owner_id"": 255, ""share"": 0.09}, {""owner_id"": 168, ""share"": 0.02}]"
1581,"к. Алексин, ш. Кирова, д. 2/6, 000190",Дом,40.2,2,20,2017,11:41:821836:387,"[{""owner_id"": 16, ""share"": 0.37}, {""owner_id"": 55, ""share"": 0.63}]"
1582,"п. Торжок, наб. Иркутская, д. 8/4 стр. 8, 369390",Дом,151.3,5,4,2003,10:89:813158:219,"[{""owner_id"": 255, ""share"": 1.0}]"
1583,"п. Воткинск, пер. Карла Маркса, д. 8/2 стр. 22, 054284",Квартира,179.5,1,10,1959,25:77:770342:791,"[{""owner_id"": 178, ""share"": 1.0}]"
1584,"клх Борзя, ул. Дачная, д. 55, 942941",Коммерческое,72.6,2,13,2017,71:53:978775:28,"[{""owner_id"": 56, ""share"": 1.0}]"
1585,"д. Северодвинск, пер. Подгорный, д. 42 стр. 7/8, 606289",Квартира,50.7,2,7,2014,28:19:351807:463,"[{""owner_id"": 209, ""share"": 1.0}]"
1586,"п. Минеральные Воды, бул. Сахалинский, д. 9/4, 443081",Дом,33.8,3,2,1987,26:76:662146:418,"[{""owner_id"": 173, ""share"": 1.0}]"
1587,"п. Железногорск(Курск.), ш. Логовое, д. 1/3 стр. 7/4, 071548",Дом,188.4,4,14,1955,76:98:200647:120,"[{""owner_id"": 22, ""share"": 0.72}, {""owner_id"": 188, ""share"": 0.13}, {""owner_id"": 11, ""share"": 0.15}]"
1588,"г. Кизел, ш. Гвардейское, д. 778, 577677",Квартира,177.5,1,17,1976,56:59:517155:906,"[{""owner_id"": 219, ""share"": 0.85}, {""owner_id"": 10, ""share"": 0.15}]"
1589,"клх Устюжна, пер. Театральный, д. 330 стр. 6/8, 058923",Дом,47.7,4,3,1991,37:22:284033:787,"[{""owner_id"": 14, ""share"": 1.0}]"
1590,"с. Александровск-Сахалинский, пр. Восьмого Марта, д. 2/3 к. 8, 655713",Дом,29.4,4,17,2020,33:65:699828:112,"[{""owner_id"": 175, ""share"": 1.0}]"
1591,"д. Псков, наб. Жданова, д. 445 к. 6/3, 744882",Дом,157.3,2,20,1976,77:43:404507:768,"[{""owner_id"": 249, ""share"": 1.0}]"
1592,"клх Пятигорск, ш. Сосновое, д. 285 стр. 715, 338515",Коммерческое,197.3,2,11,1988,40:71:799512:935,"[{""owner_id"": 60, ""share"": 0.82}, {""owner_id"": 124, ""share"": 0.1}, {""owner_id"": 156, ""share"": 0.08}]"
1593,"к. Радужный, ул. Жукова, д. 168 к. 48, 934650",Квартира,93.3,2,8,1997,88:25:155994:105,"[{""owner_id"": 271, ""share"": 1.0}]"
1594,"к. Тимашевск, ул. Новгородская, д. 6 к. 4/4, 892349",Коммерческое,144.9,5,2,2014,57:82:709058:725,"[{""owner_id"": 232, ""share"": 1.0}]"
1595,"к. Москва, ул. Лазо, д. 855 к. 46, 324271",Дом,123.3,1,23,2007,42:84:946541:170,"[{""owner_id"": 149, ""share"": 1.0}]"
1596,"клх Туапсе, бул. Разина, д. 78 стр. 5/8, 237038",Коммерческое,189.7,4,25,2023,58:94:410810:851,"[{""owner_id"": 294, ""share"": 1.0}]"
1597,"с. Уфа, ш. Брянское, д. 9/2 к. 31, 941232",Квартира,180.0,3,5,2018,56:84:502756:653,"[{""owner_id"": 234, ""share"": 1.0}]"
1598,"п. Нижневартовск, бул. Сплавный, д. 585, 541892",Коммерческое,179.7,5,20,1974,32:34:213618:190,"[{""owner_id"": 128, ""share"": 0.55}, {""owner_id"": 76, ""share"": 0.17}, {""owner_id"": 170, ""share"": 0.28}]"
1599,"г. Кудымкар, ул. Инженерная, д. 7, 032826",Дом,92.8,5,2,2002,89:99:124076:572,"[{""owner_id"": 115, ""share"": 0.72}, {""owner_id"": 151, ""share"": 0.28}]"
1600,"к. Медногорск, ул. Свердлова, д. 9/7 стр. 8, 689621",Коммерческое,41.2,4,1,2006,32:37:424536:576,"[{""owner_id"": 204, ""share"": 1.0}]"
1601,"ст. Ноябрьск, пер. Марта 8, д. 78, 643476",Дом,137.0,5,5,2021,12:46:968235:4,"[{""owner_id"": 117, ""share"": 0.36}, {""owner_id"": 267, ""share"": 0.39}, {""owner_id"": 113, ""share"": 0.25}]"
1602,"п. Андреаполь, алл. Коммунаров, д. 3/9 стр. 7, 363163",Коммерческое,121.9,4,11,1953,80:28:525964:605,"[{""owner_id"": 209, ""share"": 0.89}, {""owner_id"": 61, ""share"": 0.11}]"
1603,"ст. Усть-Камчатск, пр. Дачный, д. 772 к. 18, 364908",Дом,36.8,5,13,2023,58:54:526691:646,"[{""owner_id"": 279, ""share"": 0.45}, {""owner_id"": 76, ""share"": 0.55}]"
1604,"к. Холмогоры, бул. Революционный, д. 4/5, 031016",Квартира,121.1,4,4,1968,34:77:428932:586,"[{""owner_id"": 111, ""share"": 1.0}]"
1605,"ст. Оймякон, алл. Средняя, д. 6 к. 5, 408579",Дом,171.8,3,13,2019,29:40:716155:816,"[{""owner_id"": 62, ""share"": 1.0}]"
1606,"п. Цимлянск, ул. Крайняя, д. 984 к. 2/1, 600260",Квартира,173.8,2,16,1978,10:10:800151:873,"[{""owner_id"": 261, ""share"": 0.6}, {""owner_id"": 140, ""share"": 0.4}]"
1607,"д. Анапа, ул. Щербакова, д. 6 стр. 28, 244106",Дом,31.3,1,4,1999,74:35:178702:84,"[{""owner_id"": 201, ""share"": 1.0}]"
1608,"д. Урюпинск, наб. Чайкиной, д. 22 к. 6/1, 423893",Квартира,28.6,1,13,2017,17:88:779776:286,"[{""owner_id"": 172, ""share"": 1.0}]"
1609,"клх Красноселькуп, пр. Магистральный, д. 307, 023050",Коммерческое,77.9,4,14,1972,90:76:305415:893,"[{""owner_id"": 38, ""share"": 1.0}]"
1610,"с. Витим, пер. Лазо, д. 43 к. 571, 955412",Коммерческое,94.0,2,2,1997,38:91:393391:277,"[{""owner_id"": 227, ""share"": 1.0}]"
1611,"ст. Чегем, алл. Садовая, д. 98, 520895",Дом,99.7,3,13,1970,17:67:246518:744,"[{""owner_id"": 254, ""share"": 1.0}]"
1612,"ст. Сарапул, пер. Школьный, д. 726 к. 15, 073249",Коммерческое,43.4,2,12,1952,81:21:882094:894,"[{""owner_id"": 211, ""share"": 1.0}]"
1613,"д. Магнитогорск, ул. Лазурная, д. 15, 749623",Дом,186.2,2,19,1958,43:12:516577:960,"[{""owner_id"": 243, ""share"": 1.0}]"
1614,"к. Барнаул, ш. Инженерное, д. 7/6 стр. 4, 285803",Дом,32.1,2,7,1975,68:39:193519:960,"[{""owner_id"": 274, ""share"": 1.0}]"
1615,"д. Приморско-Ахтарск, наб. Гаражная, д. 9 стр. 4/3, 850504",Дом,148.7,2,7,1994,61:23:589887:558,"[{""owner_id"": 161, ""share"": 1.0}]"
1616,"к. Чермоз, ш. Островского, д. 482, 721090",Квартира,142.0,1,20,1970,10:58:218090:225,"[{""owner_id"": 238, ""share"": 0.78}, {""owner_id"": 6, ""share"": 0.12}, {""owner_id"": 105, ""share"": 0.1}]"
1617,"к. Красноуфимск, пер. Инженерный, д. 217 к. 5/1, 345688",Дом,43.8,4,18,2023,54:58:227154:195,"[{""owner_id"": 122, ""share"": 0.88}, {""owner_id"": 263, ""share"": 0.12}]"
1618,"к. Суздаль, пр. Кирова, д. 7, 607236",Коммерческое,118.1,3,9,1956,31:84:438713:49,"[{""owner_id"": 39, ""share"": 1.0}]"
1619,"ст. Лянтор, наб. Крайняя, д. 90 к. 480, 893825",Дом,111.8,1,14,1985,46:16:347996:463,"[{""owner_id"": 203, ""share"": 1.0}]"
1620,"г. Мелеуз, пер. Лазурный, д. 2, 026957",Квартира,91.7,5,4,1968,69:73:799689:526,"[{""owner_id"": 129, ""share"": 1.0}]"
1621,"п. Руза, пер. Малиновый, д. 731 к. 86, 752481",Квартира,22.5,2,21,1961,72:85:662292:848,"[{""owner_id"": 96, ""share"": 1.0}]"
1622,"п. Сузун, наб. Депутатская, д. 49 к. 639, 952608",Дом,113.5,4,6,2023,79:53:870229:850,"[{""owner_id"": 100, ""share"": 1.0}]"
1623,"п. Шатура, ш. Семашко, д. 14 стр. 814, 754737",Квартира,156.4,2,18,1981,24:75:285825:557,"[{""owner_id"": 225, ""share"": 1.0}]"
1624,"к. Чехов, ул. Марта 8, д. 9/2 стр. 6, 597739",Дом,25.2,2,19,2007,12:73:923769:720,"[{""owner_id"": 164, ""share"": 1.0}]"
1625,"ст. Архыз, алл. Сплавная, д. 457 стр. 9/2, 804175",Дом,142.5,1,15,2011,99:17:522218:882,"[{""owner_id"": 220, ""share"": 1.0}]"
1626,"п. Архыз, ш. Алтайское, д. 888 к. 2/7, 658723",Квартира,85.7,1,13,2019,28:20:790917:861,"[{""owner_id"": 121, ""share"": 0.72}, {""owner_id"": 208, ""share"": 0.11}, {""owner_id"": 266, ""share"": 0.17}]"
1627,"к. Братск, ул. Путевая, д. 8, 712657",Коммерческое,82.9,2,3,2000,96:94:483821:16,"[{""owner_id"": 115, ""share"": 1.0}]"
1628,"д. Добрянка, ш. Пригородное, д. 97 стр. 3, 991960",Коммерческое,67.7,5,5,1959,76:93:907498:960,"[{""owner_id"": 277, ""share"": 0.85}, {""owner_id"": 230, ""share"": 0.15}]"
1629,"клх Нижневартовск, пер. Герцена, д. 4 стр. 4/1, 376318",Квартира,78.9,4,15,1955,81:85:660211:792,"[{""owner_id"": 293, ""share"": 1.0}]"
1630,"д. Печора, ул. 8-е Марта, д. 569 к. 9, 440004",Дом,132.2,5,10,2019,12:30:233037:914,"[{""owner_id"": 121, ""share"": 1.0}]"
1631,"к. Приморско-Ахтарск, алл. Волочаевская, д. 506, 797296",Коммерческое,127.7,3,17,1987,92:26:412619:904,"[{""owner_id"": 170, ""share"": 0.63}, {""owner_id"": 18, ""share"": 0.19}, {""owner_id"": 118, ""share"": 0.18}]"
1632,"клх Учалы, бул. Тургенева, д. 3 стр. 4/5, 979925",Коммерческое,133.3,1,10,1994,67:90:672199:520,"[{""owner_id"": 263, ""share"": 1.0}]"
1633,"клх Каменномостский, пр. Космонавтов, д. 8 к. 9, 837105",Коммерческое,137.9,1,12,1972,40:79:521164:459,"[{""owner_id"": 19, ""share"": 1.0}]"
1634,"к. Чита, ш. Парижской Коммуны, д. 8/2, 360174",Коммерческое,158.4,2,1,2007,45:58:918149:80,"[{""owner_id"": 101, ""share"": 1.0}]"
1635,"к. Биробиджан, наб. Репина, д. 204, 166775",Коммерческое,47.0,5,19,2005,74:73:853443:866,"[{""owner_id"": 33, ""share"": 0.59}, {""owner_id"": 237, ""share"": 0.2}, {""owner_id"": 254, ""share"": 0.21}]"
1636,"ст. Абакан, ул. Прудовая, д. 8/2 к. 7/4, 064272",Дом,112.9,2,16,1954,92:78:433713:698,"[{""owner_id"": 67, ""share"": 1.0}]"
1637,"п. Тобольск, бул. Сельский, д. 7/8 стр. 3/3, 025431",Коммерческое,53.5,2,12,1956,99:44:131350:680,"[{""owner_id"": 205, ""share"": 1.0}]"
1638,"д. Бомнак, пер. Некрасова, д. 5/8 к. 75, 467820",Коммерческое,79.7,4,19,1954,13:96:230889:172,"[{""owner_id"": 185, ""share"": 0.4}, {""owner_id"": 200, ""share"": 0.6}]"
1639,"д. Анива, бул. Олимпийский, д. 6 к. 226, 409731",Квартира,160.1,3,12,1984,42:33:649018:403,"[{""owner_id"": 278, ""share"": 1.0}]"
1640,"ст. Белоярский, пр. Серова, д. 7/7 стр. 5, 532421",Квартира,45.3,5,10,1973,91:41:764743:975,"[{""owner_id"": 202, ""share"": 1.0}]"
1641,"п. Наро-Фоминск, бул. Ольховый, д. 2/8, 581380",Коммерческое,123.7,3,13,1978,34:79:700408:957,"[{""owner_id"": 273, ""share"": 1.0}]"
1642,"п. Казань, алл. Циолковского, д. 9/9, 455526",Квартира,66.9,3,6,2018,53:71:286540:936,"[{""owner_id"": 208, ""share"": 1.0}]"
1643,"г. Артем, ул. Тельмана, д. 8 к. 652, 868744",Квартира,176.3,2,11,2017,87:97:488027:105,"[{""owner_id"": 200, ""share"": 0.24}, {""owner_id"": 86, ""share"": 0.63}, {""owner_id"": 295, ""share"": 0.13}]"
1644,"ст. Калевала, бул. Блюхера, д. 95 к. 3/7, 560062",Квартира,120.8,4,12,1996,13:92:613416:532,"[{""owner_id"": 259, ""share"": 1.0}]"
1645,"г. Норильск, пр. Волкова, д. 2, 784953",Коммерческое,78.4,5,11,2012,97:46:964930:268,"[{""owner_id"": 198, ""share"": 1.0}]"
1646,"с. Камень-на-Оби, ш. Ударное, д. 9 к. 819, 213461",Дом,133.1,1,22,2015,83:19:972831:116,"[{""owner_id"": 100, ""share"": 1.0}]"
1647,"клх Октябрьский (Башк.), наб. Учительская, д. 6/4, 224708",Дом,124.8,3,2,1961,56:36:513695:315,"[{""owner_id"": 248, ""share"": 0.26}, {""owner_id"": 85, ""share"": 0.55}, {""owner_id"": 25, ""share"": 0.19}]"
1648,"г. Куртамыш, бул. Олимпийский, д. 89 стр. 998, 089437",Дом,39.4,3,7,1963,37:32:483894:635,"[{""owner_id"": 151, ""share"": 1.0}]"
1649,"ст. Дербент, пер. Рябиновый, д. 4/1 к. 680, 580814",Коммерческое,37.5,4,15,1990,15:12:750925:273,"[{""owner_id"": 215, ""share"": 0.68}, {""owner_id"": 244, ""share"": 0.32}]"
1650,"п. Липецк, ш. Восточное, д. 1 стр. 705, 586990",Квартира,159.7,2,15,1999,88:77:227940:713,"[{""owner_id"": 77, ""share"": 0.86}, {""owner_id"": 56, ""share"": 0.05}, {""owner_id"": 146, ""share"": 0.09}]"
1651,"ст. Клин, ул. Халтурина, д. 5/7, 212467",Коммерческое,30.8,2,25,2011,10:44:478521:133,"[{""owner_id"": 243, ""share"": 1.0}]"
1652,"п. Териберка, алл. Белинского, д. 36, 749884",Коммерческое,120.4,3,13,1970,27:52:684483:829,"[{""owner_id"": 264, ""share"": 1.0}]"
1653,"ст. Змеиногорск, ул. Учительская, д. 233 к. 7, 657166",Коммерческое,111.2,4,18,2006,45:48:275730:142,"[{""owner_id"": 220, ""share"": 0.86}, {""owner_id"": 214, ""share"": 0.05}, {""owner_id"": 30, ""share"": 0.09}]"
1654,"ст. Тобольск, ул. Ульяновская, д. 649 стр. 943, 416450",Коммерческое,80.7,3,18,1993,85:64:481377:816,"[{""owner_id"": 173, ""share"": 1.0}]"
1655,"клх Фатеж, алл. Мельничная, д. 13 к. 3/5, 641261",Дом,192.4,1,3,2004,52:13:242737:955,"[{""owner_id"": 148, ""share"": 0.5}, {""owner_id"": 92, ""share"": 0.5}]"
1656,"ст. Новый Уренгой, наб. Ломоносова, д. 2/9 к. 458, 408354",Дом,87.1,2,19,1979,19:40:237497:659,"[{""owner_id"": 21, ""share"": 0.22}, {""owner_id"": 22, ""share"": 0.78}]"
1657,"клх Соль-Илецк, пер. К.Маркса, д. 192 стр. 7/6, 932596",Квартира,57.5,3,11,2011,14:76:314005:649,"[{""owner_id"": 60, ""share"": 0.79}, {""owner_id"": 167, ""share"": 0.21}]"
1658,"с. Жуковский, алл. Зои Космодемьянской, д. 31, 534183",Коммерческое,52.8,1,10,1988,46:76:650284:632,"[{""owner_id"": 285, ""share"": 1.0}]"
1659,"клх Советский, ш. Спортивное, д. 92 стр. 817, 062945",Квартира,109.9,2,14,2007,91:66:854304:973,"[{""owner_id"": 252, ""share"": 1.0}]"
1660,"клх Орск, ш. Лунное, д. 8 стр. 45, 143910",Квартира,154.4,2,12,2015,31:57:401898:215,"[{""owner_id"": 212, ""share"": 1.0}]"
1661,"п. Горячинск, пр. Войкова, д. 1/7 стр. 8/5, 720110",Коммерческое,165.4,1,24,1967,34:18:232430:205,"[{""owner_id"": 36, ""share"": 0.74}, {""owner_id"": 270, ""share"": 0.11}, {""owner_id"": 112, ""share"": 0.15}]"
1662,"д. Кириши, наб. Лазурная, д. 9/3 стр. 1/2, 779533",Коммерческое,74.9,1,2,1998,11:21:644830:251,"[{""owner_id"": 4, ""share"": 1.0}]"
1663,"п. Мураши, пер. Космический, д. 52, 577727",Квартира,56.7,5,15,1994,13:78:273077:786,"[{""owner_id"": 251, ""share"": 1.0}]"
1664,"к. Светлогорск (Калин.), наб. Сосновая, д. 91 стр. 3, 148460",Коммерческое,35.7,4,6,1973,54:71:586813:329,"[{""owner_id"": 266, ""share"": 1.0}]"
1665,"п. Тутаев, пер. Димитрова, д. 9/9, 204759",Коммерческое,133.0,4,5,1998,29:83:134281:334,"[{""owner_id"": 186, ""share"": 1.0}]"
1666,"клх Теберда, наб. Волкова, д. 1/7 стр. 39, 320254",Коммерческое,167.0,4,13,2020,40:23:511561:55,"[{""owner_id"": 47, ""share"": 1.0}]"
1667,"ст. Пятигорск, бул. Монтажников, д. 7 стр. 8/9, 898636",Коммерческое,99.1,1,21,2010,32:18:579374:704,"[{""owner_id"": 94, ""share"": 1.0}]"
1668,"ст. Хужир, пер. Ленина, д. 3 к. 618, 235019",Коммерческое,151.1,5,21,2024,33:13:441649:187,"[{""owner_id"": 227, ""share"": 1.0}]"
1669,"п. Тавда, пер. Челюскинцев, д. 46 к. 6/5, 791782",Коммерческое,183.7,2,24,2002,31:22:868401:438,"[{""owner_id"": 296, ""share"": 1.0}]"
1670,"г. Усть-Джегута, бул. Волжский, д. 501 стр. 78, 906251",Квартира,119.6,2,8,1971,51:93:481359:720,"[{""owner_id"": 300, ""share"": 0.61}, {""owner_id"": 39, ""share"": 0.39}]"
1671,"к. Черский, ул. Прудная, д. 896 к. 108, 458724",Дом,95.2,4,24,2009,73:38:269409:828,"[{""owner_id"": 296, ""share"": 0.36}, {""owner_id"": 277, ""share"": 0.51}, {""owner_id"": 105, ""share"": 0.13}]"
1672,"с. Магадан, бул. Льва Толстого, д. 6/3 стр. 9, 051719",Квартира,122.8,3,9,2023,73:88:850246:743,"[{""owner_id"": 127, ""share"": 1.0}]"
1673,"клх Надым, алл. Тамбовская, д. 4, 536757",Коммерческое,168.5,5,15,1950,33:83:282798:451,"[{""owner_id"": 229, ""share"": 1.0}]"
1674,"с. Катав-Ивановск, бул. Мельничный, д. 6/9 к. 6/1, 104979",Дом,64.4,5,15,2017,73:24:324643:503,"[{""owner_id"": 29, ""share"": 1.0}]"
1675,"г. Советский, ул. Саратовская, д. 161 к. 5/7, 697472",Коммерческое,190.2,5,8,1966,29:13:951780:692,"[{""owner_id"": 168, ""share"": 0.56}, {""owner_id"": 71, ""share"": 0.44}]"
1676,"г. Зеленоград, ш. Угловое, д. 7 к. 9/4, 325369",Дом,151.3,1,18,1974,32:14:146625:272,"[{""owner_id"": 51, ""share"": 0.73}, {""owner_id"": 69, ""share"": 0.27}]"
1677,"к. Мурманск, пр. Воровского, д. 4/6 стр. 278, 728394",Коммерческое,175.5,4,12,1976,98:57:799764:527,"[{""owner_id"": 251, ""share"": 0.51}, {""owner_id"": 239, ""share"": 0.49}]"
1678,"к. Пушкин, бул. Мостовой, д. 26 стр. 4, 319627",Коммерческое,116.3,1,25,1955,35:12:391640:310,"[{""owner_id"": 122, ""share"": 1.0}]"
1679,"клх Макушино, алл. Партизанская, д. 2 к. 7, 300636",Коммерческое,34.8,5,19,1991,24:68:169634:356,"[{""owner_id"": 199, ""share"": 1.0}]"
1680,"ст. Белореченск, бул. Сибирский, д. 5/1 к. 9/8, 481135",Коммерческое,181.7,1,1,1969,92:83:275615:798,"[{""owner_id"": 84, ""share"": 0.8}, {""owner_id"": 108, ""share"": 0.2}]"
1681,"клх Яхрома, бул. Лазурный, д. 6/3 стр. 3/6, 777055",Коммерческое,176.2,5,7,1957,88:35:105151:591,"[{""owner_id"": 179, ""share"": 0.34}, {""owner_id"": 13, ""share"": 0.32}, {""owner_id"": 48, ""share"": 0.34}]"
1682,"с. Верхний Уфалей, бул. Серова, д. 954, 700293",Квартира,57.9,5,16,1961,87:24:252236:408,"[{""owner_id"": 241, ""share"": 1.0}]"
1683,"п. Губкин, пер. Омский, д. 5/7 к. 421, 884157",Коммерческое,47.3,2,6,1965,97:99:582706:420,"[{""owner_id"": 78, ""share"": 1.0}]"
1684,"клх Двинской, пер. Профсоюзный, д. 3 стр. 2, 617655",Квартира,40.7,1,4,1964,58:61:209581:133,"[{""owner_id"": 72, ""share"": 1.0}]"
1685,"п. Нягань, алл. Энергетиков, д. 1/7 к. 30, 829335",Коммерческое,153.7,5,25,2006,41:35:753235:765,"[{""owner_id"": 22, ""share"": 0.46}, {""owner_id"": 62, ""share"": 0.35}, {""owner_id"": 17, ""share"": 0.19}]"
1686,"д. Элиста, ул. Грибоедова, д. 75 к. 8, 684746",Дом,88.5,2,18,1951,94:32:577462:667,"[{""owner_id"": 19, ""share"": 0.56}, {""owner_id"": 151, ""share"": 0.44}]"
1687,"к. Асбест, бул. Короткий, д. 11 к. 185, 875645",Дом,51.7,1,10,1952,81:97:513960:641,"[{""owner_id"": 155, ""share"": 0.18}, {""owner_id"": 267, ""share"": 0.82}]"
1688,"д. Вытегра, ул. Суворова, д. 910 стр. 8/8, 476193",Квартира,123.8,3,5,1969,86:46:493820:132,"[{""owner_id"": 173, ""share"": 1.0}]"
1689,"с. Калязин, ш. Калинина, д. 6/4 к. 53, 749633",Коммерческое,172.4,3,24,1998,18:93:101296:825,"[{""owner_id"": 100, ""share"": 1.0}]"
1690,"п. Руза, пер. Донской, д. 350, 743873",Квартира,159.7,2,15,1965,28:45:300022:435,"[{""owner_id"": 292, ""share"": 0.72}, {""owner_id"": 177, ""share"": 0.15}, {""owner_id"": 66, ""share"": 0.13}]"
1691,"г. Мостовской, ул. Малиновая, д. 550, 260979",Квартира,58.2,1,9,1959,29:13:247687:494,"[{""owner_id"": 282, ""share"": 0.39}, {""owner_id"": 168, ""share"": 0.23}, {""owner_id"": 277, ""share"": 0.38}]"
1692,"д. Буденновск, наб. Станиславского, д. 4/7 к. 1/9, 919817",Коммерческое,109.1,1,6,1957,66:20:552168:437,"[{""owner_id"": 217, ""share"": 0.59}, {""owner_id"": 64, ""share"": 0.2}, {""owner_id"": 186, ""share"": 0.21}]"
1693,"клх Кирово-Чепецк, пр. Радищева, д. 89 к. 9, 489557",Квартира,174.8,5,21,1963,53:50:373743:976,"[{""owner_id"": 12, ""share"": 0.28}, {""owner_id"": 212, ""share"": 0.72}]"
1694,"г. Яхрома, пер. Прудный, д. 5 стр. 2/7, 952574",Дом,25.8,1,4,1952,88:56:525239:980,"[{""owner_id"": 4, ""share"": 0.66}, {""owner_id"": 114, ""share"": 0.34}]"
1695,"с. Лабинск, пр. Авиационный, д. 923, 877561",Дом,96.2,3,20,1958,57:66:718788:694,"[{""owner_id"": 232, ""share"": 1.0}]"
1696,"к. Одинцово, пер. Черноморский, д. 12 к. 105, 451736",Квартира,190.2,3,16,1963,27:42:584175:445,"[{""owner_id"": 179, ""share"": 0.33}, {""owner_id"": 191, ""share"": 0.67}]"
1697,"к. Аршан (Бурят.), бул. Ленинградский, д. 54 к. 74, 712393",Коммерческое,30.7,1,17,1965,14:36:127939:826,"[{""owner_id"": 23, ""share"": 1.0}]"
1698,"ст. Плесецк, алл. Краснознаменная, д. 4 к. 8, 980962",Квартира,108.0,4,17,1955,79:11:641958:100,"[{""owner_id"": 212, ""share"": 0.18}, {""owner_id"": 284, ""share"": 0.35}, {""owner_id"": 118, ""share"": 0.47}]"
1699,"д. Печора, пер. Пожарского, д. 6/8, 737630",Коммерческое,25.5,1,11,1957,69:20:304981:521,"[{""owner_id"": 188, ""share"": 0.19}, {""owner_id"": 230, ""share"": 0.81}]"
1700,"п. Челябинск, ш. Покровское, д. 7/7 стр. 897, 500445",Квартира,64.4,4,23,1979,52:20:150120:833,"[{""owner_id"": 232, ""share"": 1.0}]"
1701,"клх Дивногорск, пр. Депутатский, д. 810 стр. 32, 527825",Дом,74.0,4,6,1964,35:13:118276:579,"[{""owner_id"": 185, ""share"": 0.86}, {""owner_id"": 272, ""share"": 0.14}]"
1702,"п. Амурск, пер. Свободы, д. 856 к. 817, 398724",Коммерческое,174.7,3,15,2004,64:86:366087:509,"[{""owner_id"": 179, ""share"": 1.0}]"
1703,"клх Чита, пр. Строительный, д. 1 стр. 6/6, 805365",Коммерческое,21.0,2,22,1975,87:61:264190:843,"[{""owner_id"": 62, ""share"": 1.0}]"
1704,"с. Троицк (Челяб.), ш. Степана Разина, д. 670, 306967",Дом,98.6,2,3,1995,84:18:650099:247,"[{""owner_id"": 226, ""share"": 0.77}, {""owner_id"": 131, ""share"": 0.23}]"
1705,"ст. Губкин, ул. Карла Маркса, д. 9/4 стр. 1/3, 853798",Дом,92.5,4,4,1989,52:90:717940:26,"[{""owner_id"": 244, ""share"": 0.13}, {""owner_id"": 10, ""share"": 0.87}]"
1706,"к. Хужир, наб. Промышленная, д. 27, 306390",Дом,140.0,1,9,1954,12:93:375454:600,"[{""owner_id"": 60, ""share"": 0.46}, {""owner_id"": 26, ""share"": 0.54}]"
1707,"г. Подольск, наб. О.Кошевого, д. 96 стр. 367, 866560",Квартира,167.7,5,25,1984,83:10:430350:256,"[{""owner_id"": 283, ""share"": 1.0}]"
1708,"с. Обоянь, пер. Декабристов, д. 4/6 к. 2, 577250",Дом,161.2,1,9,2014,14:85:412086:663,"[{""owner_id"": 34, ""share"": 1.0}]"
1709,"п. Мыс Шмидта, ш. Р.Люксембург, д. 608 стр. 9, 235784",Коммерческое,198.1,2,21,1958,35:69:718992:450,"[{""owner_id"": 255, ""share"": 0.73}, {""owner_id"": 203, ""share"": 0.27}]"
1710,"клх Дудинка, пер. Колхозный, д. 24, 415074",Дом,128.5,3,4,2002,58:22:255650:222,"[{""owner_id"": 213, ""share"": 1.0}]"
1711,"с. Оленегорск (Якут.), пер. Стадионный, д. 2/2, 566134",Дом,106.4,3,8,1979,32:51:558116:188,"[{""owner_id"": 26, ""share"": 1.0}]"
1712,"с. Новомичуринск, ул. Дачная, д. 6, 089227",Коммерческое,126.4,3,19,2022,24:88:567736:827,"[{""owner_id"": 264, ""share"": 1.0}]"
1713,"ст. Холмогоры, бул. Почтовый, д. 5/5 стр. 75, 803638",Квартира,179.0,2,1,1977,69:16:640615:472,"[{""owner_id"": 136, ""share"": 1.0}]"
1714,"к. Суздаль, ш. Тракторное, д. 6, 817083",Дом,29.9,2,22,1953,90:94:758264:266,"[{""owner_id"": 277, ""share"": 0.18}, {""owner_id"": 88, ""share"": 0.82}]"
1715,"г. Майкоп, бул. Воронежский, д. 5 стр. 7/4, 004539",Квартира,62.3,5,19,2015,86:74:917930:599,"[{""owner_id"": 280, ""share"": 1.0}]"
1716,"клх Усть-Джегута, ш. Марта 8, д. 3/6 стр. 740, 709987",Квартира,35.0,4,1,2018,74:90:716192:988,"[{""owner_id"": 76, ""share"": 1.0}]"
1717,"с. Алексин, пер. Пограничный, д. 7/9 стр. 430, 691281",Квартира,166.8,1,18,2001,43:48:661097:142,"[{""owner_id"": 261, ""share"": 1.0}]"
1718,"г. Омск, наб. Лесхозная, д. 7/3 к. 8, 125361",Дом,190.4,3,17,2015,39:83:561744:996,"[{""owner_id"": 62, ""share"": 1.0}]"
1719,"с. Чусовой, пр. Геологов, д. 62 стр. 5/8, 508098",Квартира,117.0,1,1,1983,79:15:539130:486,"[{""owner_id"": 225, ""share"": 1.0}]"
1720,"с. Кирово-Чепецк, алл. Родниковая, д. 8 стр. 560, 614471",Квартира,171.6,4,19,1960,48:86:522816:94,"[{""owner_id"": 48, ""share"": 1.0}]"
1721,"г. Кунгур, ш. Гвардейское, д. 3 к. 5/5, 829694",Дом,141.4,5,9,1971,86:95:544045:574,"[{""owner_id"": 44, ""share"": 0.51}, {""owner_id"": 81, ""share"": 0.49}]"
1722,"г. Хужир, ш. Новосельское, д. 9/1, 987620",Дом,139.6,1,9,1955,85:55:340477:731,"[{""owner_id"": 78, ""share"": 0.56}, {""owner_id"": 238, ""share"": 0.34}, {""owner_id"": 201, ""share"": 0.1}]"
1723,"с. Котельнич, пр. 40 лет Победы, д. 34 стр. 7/1, 414644",Коммерческое,96.2,3,14,1955,73:80:773528:255,"[{""owner_id"": 46, ""share"": 1.0}]"
1724,"с. Горячинск, наб. Орловская, д. 3, 556183",Коммерческое,180.9,5,18,1978,52:58:471240:110,"[{""owner_id"": 146, ""share"": 1.0}]"
1725,"клх Елабуга, алл. Ореховая, д. 255, 954252",Коммерческое,140.6,4,6,1987,91:15:734122:949,"[{""owner_id"": 236, ""share"": 0.74}, {""owner_id"": 298, ""share"": 0.26}]"
1726,"г. Нурлат, пер. Толбухина, д. 984 к. 80, 712633",Коммерческое,87.7,5,8,1983,88:64:126865:273,"[{""owner_id"": 145, ""share"": 1.0}]"
1727,"клх Йошкар-Ола, пер. Ульяновский, д. 9/2 стр. 72, 273326",Квартира,31.7,1,5,2021,53:23:504682:146,"[{""owner_id"": 160, ""share"": 1.0}]"
1728,"с. Рубцовск, наб. Блюхера, д. 9 к. 794, 749294",Коммерческое,156.8,4,9,2019,79:26:100359:515,"[{""owner_id"": 183, ""share"": 1.0}]"
1729,"ст. Брянск, пр. Восьмого Марта, д. 8, 668490",Квартира,130.5,4,5,1983,60:71:258690:771,"[{""owner_id"": 114, ""share"": 0.42}, {""owner_id"": 137, ""share"": 0.36}, {""owner_id"": 274, ""share"": 0.22}]"
1730,"с. Ребриха, бул. О.Кошевого, д. 12 к. 71, 317790",Квартира,96.5,5,3,1961,48:19:324869:850,"[{""owner_id"": 295, ""share"": 1.0}]"
1731,"к. Байкальск, пер. Черноморский, д. 23, 180166",Дом,139.0,5,21,1970,36:62:213204:239,"[{""owner_id"": 128, ""share"": 1.0}]"
1732,"п. Красная Поляна, алл. Майская, д. 993 к. 4, 154397",Квартира,81.5,2,2,1982,51:81:635868:97,"[{""owner_id"": 209, ""share"": 1.0}]"
1733,"с. Кострома, ш. Дальнее, д. 2 к. 166, 236504",Квартира,84.9,3,25,1988,73:28:374918:128,"[{""owner_id"": 12, ""share"": 1.0}]"
1734,"п. Приморско-Ахтарск, алл. Волгоградская, д. 8 стр. 62, 826135",Дом,137.1,2,23,1987,45:13:925961:581,"[{""owner_id"": 220, ""share"": 1.0}]"
1735,"п. Бодайбо, пер. Малиновый, д. 815, 062981",Дом,156.0,4,24,1958,76:26:834207:265,"[{""owner_id"": 33, ""share"": 1.0}]"
1736,"клх Новгород Великий, ш. Челюскинцев, д. 7/6, 836816",Коммерческое,133.5,5,18,1950,61:69:973807:565,"[{""owner_id"": 294, ""share"": 1.0}]"
1737,"к. Байкальск, алл. Ермака, д. 90 к. 2/5, 903909",Квартира,99.7,4,17,1963,38:51:752788:190,"[{""owner_id"": 140, ""share"": 1.0}]"
1738,"г. Невьянск, бул. Черняховского, д. 16 стр. 1/3, 748579",Коммерческое,164.9,2,23,2024,60:99:748591:563,"[{""owner_id"": 193, ""share"": 0.44}, {""owner_id"": 136, ""share"": 0.34}, {""owner_id"": 280, ""share"": 0.22}]"
1739,"п. Звенигород, алл. Пригородная, д. 3 к. 49, 297254",Дом,122.1,1,11,1993,85:43:428786:823,"[{""owner_id"": 260, ""share"": 1.0}]"
1740,"к. Чулым, ш. Новгородское, д. 8 стр. 5, 188645",Квартира,130.5,5,22,1973,17:97:918986:490,"[{""owner_id"": 57, ""share"": 1.0}]"
1741,"д. Беломорск, пр. Ангарский, д. 7, 669837",Квартира,96.0,1,8,2018,81:60:317203:432,"[{""owner_id"": 127, ""share"": 0.38}, {""owner_id"": 196, ""share"": 0.13}, {""owner_id"": 23, ""share"": 0.49}]"
1742,"клх Норильск, ул. Заливная, д. 9 стр. 88, 007709",Коммерческое,136.6,1,17,2024,43:51:490477:614,"[{""owner_id"": 211, ""share"": 1.0}]"
1743,"г. Сасово, ул. Сибирская, д. 95, 433315",Квартира,28.8,5,21,2023,48:27:413223:544,"[{""owner_id"": 249, ""share"": 1.0}]"
1744,"к. Анапа, ул. Народная, д. 7, 193352",Дом,142.8,3,24,2021,88:65:552292:510,"[{""owner_id"": 129, ""share"": 0.33}, {""owner_id"": 92, ""share"": 0.28}, {""owner_id"": 25, ""share"": 0.39}]"
1745,"п. Ивдель, ул. Портовая, д. 364 к. 7/4, 161408",Дом,67.2,1,10,1990,64:56:613832:775,"[{""owner_id"": 168, ""share"": 1.0}]"
1746,"г. Алагир, пр. Кольцевой, д. 2/5, 740519",Квартира,122.8,3,25,1990,38:34:919209:519,"[{""owner_id"": 276, ""share"": 1.0}]"
1747,"д. Бугульма, бул. Заречный, д. 856 стр. 35, 359517",Дом,66.5,4,13,1966,91:33:907848:429,"[{""owner_id"": 15, ""share"": 0.2}, {""owner_id"": 218, ""share"": 0.8}]"
1748,"к. Истра, ул. Ставропольская, д. 922 к. 8/2, 665602",Квартира,39.5,3,20,1994,39:16:109600:712,"[{""owner_id"": 149, ""share"": 1.0}]"
1749,"п. Ноябрьск, пр. Сурикова, д. 2 к. 1, 717532",Квартира,193.4,4,14,2011,98:94:596970:319,"[{""owner_id"": 218, ""share"": 0.19}, {""owner_id"": 83, ""share"": 0.19}, {""owner_id"": 96, ""share"": 0.62}]"
1750,"ст. Якутск, ш. Журавлева, д. 3 стр. 2/6, 898916",Коммерческое,32.1,1,4,1960,32:45:843588:103,"[{""owner_id"": 162, ""share"": 1.0}]"
1751,"с. Воскресенск, ш. Торговое, д. 314 к. 2, 484546",Дом,116.0,5,21,1999,17:10:897434:927,"[{""owner_id"": 258, ""share"": 1.0}]"
1752,"г. Карабудахкент, ул. Чайкиной, д. 2 к. 666, 508570",Дом,148.0,5,5,1975,20:32:705908:610,"[{""owner_id"": 8, ""share"": 0.57}, {""owner_id"": 56, ""share"": 0.33}, {""owner_id"": 243, ""share"": 0.1}]"
1753,"г. Горячий Ключ, ш. Революционное, д. 7/2 стр. 1/7, 301127",Квартира,187.6,3,15,1967,62:43:994164:169,"[{""owner_id"": 184, ""share"": 0.84}, {""owner_id"": 228, ""share"": 0.16}]"
1754,"ст. Верхотурье, пер. Базарный, д. 3/1 стр. 85, 564001",Квартира,46.5,1,6,1956,36:77:363432:235,"[{""owner_id"": 218, ""share"": 1.0}]"
1755,"к. Губкинский, бул. Коммунальный, д. 9/3 к. 2, 643424",Дом,145.4,4,25,2018,16:69:681023:359,"[{""owner_id"": 246, ""share"": 0.28}, {""owner_id"": 176, ""share"": 0.72}]"
1756,"к. Соловки, наб. Димитрова, д. 3/5 к. 42, 642116",Квартира,42.2,5,23,1979,74:51:365518:371,"[{""owner_id"": 87, ""share"": 0.86}, {""owner_id"": 189, ""share"": 0.09}, {""owner_id"": 136, ""share"": 0.05}]"
1757,"г. Кизляр, ш. Тельмана, д. 359 стр. 74, 521746",Дом,65.8,3,10,2009,53:28:306369:866,"[{""owner_id"": 138, ""share"": 0.13}, {""owner_id"": 25, ""share"": 0.87}]"
1758,"п. Кировск (Ленин.), пр. Просторный, д. 1, 054113",Квартира,188.2,4,10,2018,88:72:815309:963,"[{""owner_id"": 58, ""share"": 0.86}, {""owner_id"": 72, ""share"": 0.14}]"
1759,"п. Любань, пр. Тульский, д. 907 стр. 778, 760188",Дом,98.9,4,25,1976,41:95:407725:661,"[{""owner_id"": 44, ""share"": 1.0}]"
1760,"к. Воткинск, бул. Энергетиков, д. 5 стр. 5/8, 343597",Дом,50.5,2,18,2018,58:97:277960:840,"[{""owner_id"": 86, ""share"": 1.0}]"
1761,"ст. Шелагонцы, ул. Мирная, д. 9/6 к. 45, 750409",Дом,148.6,5,2,1958,87:59:358933:847,"[{""owner_id"": 244, ""share"": 1.0}]"
1762,"г. Великие Луки, ул. Чернышевского, д. 9/8 стр. 1, 290550",Коммерческое,134.4,1,13,1979,51:79:627477:850,"[{""owner_id"": 169, ""share"": 1.0}]"
1763,"д. Елабуга, ул. Черемуховая, д. 3/7 стр. 9/1, 399241",Дом,172.6,3,1,1954,99:91:876267:107,"[{""owner_id"": 118, ""share"": 1.0}]"
1764,"г. Шарья, ш. Угольное, д. 862 к. 188, 831121",Дом,105.4,3,17,1958,64:54:280617:286,"[{""owner_id"": 203, ""share"": 1.0}]"
1765,"д. Дзержинск, алл. Приморская, д. 23 стр. 75, 725038",Дом,67.1,1,18,1976,78:56:821875:68,"[{""owner_id"": 185, ""share"": 1.0}]"
1766,"г. Ржев, бул. Бажова, д. 441, 277323",Дом,146.8,5,4,1951,92:97:782529:774,"[{""owner_id"": 112, ""share"": 1.0}]"
1767,"п. Сургут (Хант.), алл. Сельская, д. 3 к. 394, 793741",Коммерческое,112.2,3,18,1999,89:82:707418:436,"[{""owner_id"": 165, ""share"": 0.22}, {""owner_id"": 124, ""share"": 0.36}, {""owner_id"": 64, ""share"": 0.42}]"
1768,"г. Южно-Курильск, пер. Высотный, д. 15 стр. 3, 309558",Коммерческое,31.0,3,16,2024,99:27:978193:491,"[{""owner_id"": 271, ""share"": 0.81}, {""owner_id"": 264, ""share"": 0.09}, {""owner_id"": 80, ""share"": 0.1}]"
1769,"д. Шереметьево, пр. Калинина, д. 47, 957238",Коммерческое,44.8,4,8,1954,21:86:666699:766,"[{""owner_id"": 231, ""share"": 1.0}]"
1770,"клх Бронницы, пер. Учительский, д. 235, 133010",Коммерческое,136.8,5,15,1970,76:40:349841:582,"[{""owner_id"": 130, ""share"": 0.21}, {""owner_id"": 90, ""share"": 0.22}, {""owner_id"": 138, ""share"": 0.57}]"
1771,"п. Объячево, ул. Водопроводная, д. 7 стр. 9, 123222",Коммерческое,118.9,1,13,1970,82:36:280777:530,"[{""owner_id"": 78, ""share"": 0.89}, {""owner_id"": 58, ""share"": 0.11}]"
1772,"г. Усть-Ордынский, ш. Ленское, д. 8 к. 494, 370858",Квартира,50.2,1,2,1964,11:33:341192:180,"[{""owner_id"": 26, ""share"": 0.55}, {""owner_id"": 296, ""share"": 0.45}]"
1773,"с. Южно-Курильск, ул. Хвойная, д. 368, 608099",Дом,103.0,4,4,1955,13:75:982140:647,"[{""owner_id"": 9, ""share"": 0.65}, {""owner_id"": 33, ""share"": 0.35}]"
1774,"г. Объячево, пер. Инженерный, д. 578, 988380",Коммерческое,106.6,4,4,1951,80:20:957556:303,"[{""owner_id"": 286, ""share"": 1.0}]"
1775,"клх Лабинск, пр. Камский, д. 413 стр. 1/5, 624554",Квартира,72.0,2,18,1987,50:93:355819:657,"[{""owner_id"": 197, ""share"": 1.0}]"
1776,"ст. Сузун, ул. Ломоносова, д. 65, 348118",Коммерческое,135.5,2,11,1989,62:85:431761:853,"[{""owner_id"": 262, ""share"": 0.32}, {""owner_id"": 25, ""share"": 0.48}, {""owner_id"": 248, ""share"": 0.2}]"
1777,"д. Кирово-Чепецк, наб. Майская, д. 58 стр. 8/9, 587537",Квартира,20.7,1,15,2001,33:10:488034:837,"[{""owner_id"": 51, ""share"": 1.0}]"
1778,"с. Магас, наб. Белорусская, д. 80, 666706",Квартира,79.7,1,14,2005,95:59:542584:276,"[{""owner_id"": 169, ""share"": 0.45}, {""owner_id"": 195, ""share"": 0.55}]"
1779,"г. Волгодонск, ш. Верхнее, д. 2/2 стр. 6, 093731",Коммерческое,90.7,3,10,1961,21:38:395900:2,"[{""owner_id"": 7, ""share"": 1.0}]"
1780,"клх Березники, пр. 8-е Марта, д. 470, 930618",Коммерческое,167.2,5,9,2010,15:76:745058:16,"[{""owner_id"": 278, ""share"": 0.18}, {""owner_id"": 166, ""share"": 0.82}]"
1781,"г. Луга, пер. Карьерный, д. 272 к. 3/5, 424684",Квартира,97.4,5,7,1987,80:28:496278:548,"[{""owner_id"": 288, ""share"": 1.0}]"
1782,"п. Новосибирск, ул. Новостройка, д. 3 к. 753, 912072",Коммерческое,102.6,1,17,1979,79:65:685136:569,"[{""owner_id"": 290, ""share"": 0.23}, {""owner_id"": 208, ""share"": 0.77}]"
1783,"с. Уссурийск, пер. Солнечный, д. 65 стр. 781, 456578",Квартира,105.0,4,20,1959,56:13:489017:823,"[{""owner_id"": 290, ""share"": 1.0}]"
1784,"к. Магас, ул. Островского, д. 1, 155674",Дом,101.6,1,19,2008,58:12:826886:609,"[{""owner_id"": 93, ""share"": 1.0}]"
1785,"г. Гдов, пр. ДОС, д. 4 стр. 401, 140580",Квартира,43.9,3,15,2016,83:81:971405:894,"[{""owner_id"": 12, ""share"": 1.0}]"
1786,"г. Холмогоры, ш. Краснопартизанское, д. 7, 484000",Дом,196.0,5,1,2023,57:27:176377:803,"[{""owner_id"": 8, ""share"": 1.0}]"
1787,"г. Апрелевка, бул. Коммуны, д. 6 к. 8, 834875",Коммерческое,76.6,1,15,2012,68:47:840364:93,"[{""owner_id"": 172, ""share"": 1.0}]"
1788,"с. Ангарск, пер. Морской, д. 7 к. 3/6, 601380",Дом,73.4,5,6,1959,22:79:805664:817,"[{""owner_id"": 71, ""share"": 1.0}]"
1789,"клх Валаам, пер. Боровой, д. 71, 250815",Коммерческое,148.3,4,5,2005,44:32:270623:145,"[{""owner_id"": 283, ""share"": 0.32}, {""owner_id"": 75, ""share"": 0.68}]"
1790,"к. Комсомольск-на-Амуре, наб. Рабочая, д. 2/8, 164776",Дом,112.2,1,15,1956,43:56:379341:939,"[{""owner_id"": 245, ""share"": 1.0}]"
1791,"клх Аша, алл. Депутатская, д. 81 стр. 8/1, 546168",Дом,142.6,3,16,1955,50:65:917367:518,"[{""owner_id"": 284, ""share"": 1.0}]"
1792,"к. Оленегорск (Якут.), пр. Запорожский, д. 9 стр. 54, 832811",Квартира,42.7,3,16,1950,83:12:869987:51,"[{""owner_id"": 296, ""share"": 1.0}]"
1793,"клх Губаха, бул. Медицинский, д. 3/8 к. 2, 489400",Квартира,186.6,3,14,1985,16:68:280016:217,"[{""owner_id"": 205, ""share"": 1.0}]"
1794,"к. Урюпинск, пр. Белорусский, д. 94 к. 9/1, 376764",Коммерческое,49.3,5,20,1991,45:10:161248:92,"[{""owner_id"": 143, ""share"": 0.89}, {""owner_id"": 241, ""share"": 0.11}]"
1795,"с. Тутаев, наб. Новгородская, д. 3, 191871",Квартира,49.0,3,23,2007,40:21:242868:430,"[{""owner_id"": 265, ""share"": 1.0}]"
1796,"ст. Углич, пр. Фрунзе, д. 7/8 стр. 7/7, 919193",Дом,21.1,1,2,1994,81:92:831921:772,"[{""owner_id"": 278, ""share"": 1.0}]"
1797,"с. Краснокамск, наб. Союзная, д. 876, 856759",Квартира,171.9,1,22,1961,50:33:548165:83,"[{""owner_id"": 47, ""share"": 0.4}, {""owner_id"": 60, ""share"": 0.1}, {""owner_id"": 295, ""share"": 0.5}]"
1798,"клх Озеры, пр. Сахалинский, д. 8/1 стр. 5, 771405",Дом,29.6,5,5,1975,15:14:584835:73,"[{""owner_id"": 23, ""share"": 0.28}, {""owner_id"": 186, ""share"": 0.72}]"
1799,"г. Двинской, бул. Пролетарский, д. 555 к. 5, 998575",Дом,66.2,1,17,2023,49:81:845932:336,"[{""owner_id"": 161, ""share"": 0.1}, {""owner_id"": 8, ""share"": 0.9}]"
1800,"с. Ясный (Оренб.), пр. Отрадный, д. 9, 555766",Коммерческое,45.4,5,17,2009,62:85:682308:587,"[{""owner_id"": 117, ""share"": 1.0}]"
1801,"ст. Находка, наб. Воронежская, д. 650 стр. 80, 772827",Дом,43.7,3,9,2010,24:62:976958:751,"[{""owner_id"": 212, ""share"": 1.0}]"
1802,"клх Терскол, пр. Таежный, д. 3 стр. 7/1, 669802",Квартира,195.9,2,10,2018,20:37:907940:743,"[{""owner_id"": 264, ""share"": 1.0}]"
1803,"клх Мелеуз, пер. Коллективный, д. 4 к. 1, 796165",Квартира,83.3,5,22,2001,38:97:292073:71,"[{""owner_id"": 19, ""share"": 0.37}, {""owner_id"": 133, ""share"": 0.63}]"
1804,"с. Снежинск, пер. Таманский, д. 84 стр. 264, 636950",Квартира,194.7,3,15,1982,77:40:453784:893,"[{""owner_id"": 152, ""share"": 1.0}]"
1805,"к. Шереметьево, наб. Парковая, д. 269, 697807",Коммерческое,98.4,4,15,1974,85:80:329668:735,"[{""owner_id"": 216, ""share"": 0.42}, {""owner_id"": 272, ""share"": 0.2}, {""owner_id"": 31, ""share"": 0.38}]"
1806,"г. Сосногорск, ул. Колхозная, д. 533 стр. 823, 326924",Квартира,77.2,2,13,1988,61:27:666432:49,"[{""owner_id"": 154, ""share"": 0.26}, {""owner_id"": 278, ""share"": 0.26}, {""owner_id"": 258, ""share"": 0.48}]"
1807,"д. Агинское (Забайк.), бул. Воровского, д. 2, 294640",Дом,166.9,3,23,1956,60:56:570795:635,"[{""owner_id"": 28, ""share"": 1.0}]"
1808,"г. Уренгой, пер. Леонова, д. 646, 112033",Дом,193.0,2,7,2022,33:11:722924:35,"[{""owner_id"": 41, ""share"": 1.0}]"
1809,"д. Орехово-Зуево, бул. Седова, д. 3 к. 59, 837542",Дом,39.3,4,21,1989,13:95:729238:105,"[{""owner_id"": 171, ""share"": 1.0}]"
1810,"п. Соль-Илецк, пр. Тульский, д. 9 стр. 1, 027721",Дом,160.2,4,4,1952,28:52:944566:303,"[{""owner_id"": 52, ""share"": 0.9}, {""owner_id"": 43, ""share"": 0.1}]"
1811,"ст. Бугуруслан, алл. Фурманова, д. 455 к. 86, 448372",Коммерческое,51.9,1,13,1997,39:50:957287:942,"[{""owner_id"": 228, ""share"": 0.14}, {""owner_id"": 200, ""share"": 0.86}]"
1812,"ст. Сузун, алл. Флотская, д. 728 стр. 3/9, 747869",Квартира,98.8,3,19,1995,17:11:265579:881,"[{""owner_id"": 43, ""share"": 0.81}, {""owner_id"": 91, ""share"": 0.09}, {""owner_id"": 1, ""share"": 0.1}]"
1813,"к. Анапа, пр. Мелиоративный, д. 7/6 к. 24, 731802",Квартира,77.5,3,7,1973,54:93:819727:703,"[{""owner_id"": 26, ""share"": 1.0}]"
1814,"г. Кулунда, бул. Октябрьский, д. 2/2, 943370",Коммерческое,180.3,3,2,2006,46:15:975302:505,"[{""owner_id"": 226, ""share"": 1.0}]"
1815,"к. Самара, ул. Мира, д. 4/6 стр. 1, 935311",Коммерческое,54.4,2,15,2020,16:55:842703:761,"[{""owner_id"": 227, ""share"": 1.0}]"
1816,"клх Муравленко, наб. Павлова, д. 8/4 стр. 137, 174931",Коммерческое,25.0,2,22,1958,16:11:511744:295,"[{""owner_id"": 188, ""share"": 1.0}]"
1817,"с. Армавир, алл. Лесная, д. 81 к. 47, 970101",Квартира,20.5,3,5,1954,37:64:147822:519,"[{""owner_id"": 111, ""share"": 0.26}, {""owner_id"": 156, ""share"": 0.58}, {""owner_id"": 7, ""share"": 0.16}]"
1818,"с. Енисейск, ш. Авиационное, д. 14, 613865",Квартира,33.0,3,21,1962,38:93:453171:902,"[{""owner_id"": 146, ""share"": 1.0}]"
1819,"с. Белорецк, бул. Комарова, д. 643, 471180",Коммерческое,84.7,2,12,2022,53:28:147924:371,"[{""owner_id"": 90, ""share"": 1.0}]"
1820,"к. Беломорск, наб. Харьковская, д. 619, 027693",Квартира,93.4,4,19,2023,11:92:120155:408,"[{""owner_id"": 18, ""share"": 1.0}]"
1821,"с. Шереметьево, пр. Клубный, д. 5 к. 7, 575042",Квартира,33.3,4,23,2006,71:43:146230:797,"[{""owner_id"": 281, ""share"": 1.0}]"
1822,"с. Кудымкар, пр. Механический, д. 2/8, 418277",Дом,110.2,2,23,1977,94:34:697977:869,"[{""owner_id"": 124, ""share"": 1.0}]"
1823,"к. Учалы, ш. Фестивальное, д. 1/6 стр. 819, 570826",Коммерческое,193.4,3,8,1952,10:60:614616:470,"[{""owner_id"": 298, ""share"": 1.0}]"
1824,"ст. Мурманск, наб. Поперечная, д. 2, 429426",Дом,79.1,2,6,1994,11:19:617189:218,"[{""owner_id"": 81, ""share"": 1.0}]"
1825,"д. Углич, бул. Новоселов, д. 215, 786268",Квартира,102.7,3,6,2024,17:90:295842:678,"[{""owner_id"": 161, ""share"": 0.82}, {""owner_id"": 131, ""share"": 0.1}, {""owner_id"": 67, ""share"": 0.08}]"
1826,"г. Магадан, наб. Светлая, д. 9/2, 207681",Квартира,22.7,1,19,1955,92:63:979682:694,"[{""owner_id"": 77, ""share"": 0.35}, {""owner_id"": 113, ""share"": 0.49}, {""owner_id"": 114, ""share"": 0.16}]"
1827,"г. Рубцовск, ул. Кузнецкая, д. 66 стр. 3/4, 661054",Квартира,134.7,5,18,2002,75:42:354778:15,"[{""owner_id"": 126, ""share"": 1.0}]"
1828,"ст. Великий Устюг, ул. Кооперативная, д. 7/1 к. 275, 077842",Квартира,89.1,4,8,1967,88:10:395268:918,"[{""owner_id"": 60, ""share"": 1.0}]"
1829,"к. Середниково, ул. Панфилова, д. 8/1 к. 7/8, 192283",Дом,155.8,5,18,2019,67:51:998849:580,"[{""owner_id"": 234, ""share"": 1.0}]"
1830,"к. Карачаевск, бул. Короткий, д. 852, 597833",Коммерческое,158.8,3,6,2000,15:39:984121:247,"[{""owner_id"": 45, ""share"": 0.57}, {""owner_id"": 88, ""share"": 0.43}]"
1831,"к. Белореченск, бул. Кузнечный, д. 60 стр. 5, 698801",Квартира,179.3,2,15,1997,55:76:295599:80,"[{""owner_id"": 92, ""share"": 1.0}]"
1832,"к. Пинега, ул. Полтавская, д. 2/1, 257016",Квартира,145.1,2,1,2006,24:21:940069:353,"[{""owner_id"": 238, ""share"": 1.0}]"
1833,"клх Пермь, алл. Л.Толстого, д. 635 стр. 2, 167616",Квартира,97.7,2,4,1971,18:55:649907:805,"[{""owner_id"": 116, ""share"": 0.1}, {""owner_id"": 282, ""share"": 0.9}]"
1834,"д. Плес, пер. М.Горького, д. 16 к. 45, 873209",Дом,150.1,3,19,1962,65:23:910342:115,"[{""owner_id"": 294, ""share"": 1.0}]"
1835,"к. Кыштым, ул. Южная, д. 5/1 к. 9/8, 871834",Коммерческое,86.9,5,18,1960,85:50:696613:768,"[{""owner_id"": 109, ""share"": 1.0}]"
1836,"г. Адлер, пр. Энергетиков, д. 9 к. 4, 004603",Квартира,146.7,1,13,2021,76:15:843261:52,"[{""owner_id"": 241, ""share"": 1.0}]"
1837,"г. Тында, бул. Минина, д. 464 стр. 6/1, 479058",Коммерческое,128.7,2,3,2020,58:87:262081:521,"[{""owner_id"": 174, ""share"": 0.48}, {""owner_id"": 122, ""share"": 0.52}]"
1838,"к. Советский, алл. Восьмого Марта, д. 727, 513005",Дом,175.9,1,17,1967,31:71:270407:2,"[{""owner_id"": 246, ""share"": 0.32}, {""owner_id"": 89, ""share"": 0.56}, {""owner_id"": 261, ""share"": 0.12}]"
1839,"д. Усинск, пр. Урицкого, д. 8 к. 98, 842740",Квартира,130.7,5,5,1979,27:94:263040:61,"[{""owner_id"": 283, ""share"": 1.0}]"
1840,"д. Забайкальск, наб. Центральная, д. 3/6 стр. 4, 052851",Дом,107.7,3,21,1977,26:77:884096:113,"[{""owner_id"": 143, ""share"": 1.0}]"
1841,"г. Гдов, наб. Депутатская, д. 8, 178875",Коммерческое,128.4,2,23,1951,96:26:871457:643,"[{""owner_id"": 185, ""share"": 1.0}]"
1842,"г. Карпинск, бул. Киевский, д. 2 стр. 551, 200740",Квартира,69.9,2,8,1966,26:66:622219:368,"[{""owner_id"": 66, ""share"": 0.61}, {""owner_id"": 19, ""share"": 0.39}]"
1843,"г. Надым, пер. Сахалинский, д. 82 к. 3/7, 738793",Коммерческое,54.9,2,17,1961,63:52:149319:417,"[{""owner_id"": 66, ""share"": 0.29}, {""owner_id"": 53, ""share"": 0.71}]"
1844,"клх Нязепетровск, ш. Одесское, д. 660, 360712",Квартира,142.8,1,12,1979,66:68:581924:365,"[{""owner_id"": 101, ""share"": 1.0}]"
1845,"п. Сосновый Бор, пер. Строителей, д. 925, 936694",Квартира,130.0,2,5,1959,97:12:783421:166,"[{""owner_id"": 300, ""share"": 1.0}]"
1846,"к. Каргополь, наб. Омская, д. 545 к. 7, 508951",Коммерческое,27.4,2,19,2017,37:25:923298:30,"[{""owner_id"": 46, ""share"": 0.48}, {""owner_id"": 213, ""share"": 0.22}, {""owner_id"": 38, ""share"": 0.3}]"
1847,"клх Кировск (Мурм.), ул. Никитина, д. 7/4 стр. 30, 042333",Дом,32.0,4,13,1970,29:82:185102:821,"[{""owner_id"": 278, ""share"": 1.0}]"
1848,"клх Химки, ул. Безымянная, д. 1 к. 17, 004386",Коммерческое,30.1,4,18,1997,63:60:582874:977,"[{""owner_id"": 61, ""share"": 0.49}, {""owner_id"": 215, ""share"": 0.51}]"
1849,"д. Медногорск, ул. Тюленина, д. 16 к. 67, 896636",Дом,187.4,1,19,2015,60:56:479239:62,"[{""owner_id"": 21, ""share"": 0.29}, {""owner_id"": 197, ""share"": 0.71}]"
1850,"п. Ступино, пер. Майский, д. 43, 970199",Дом,74.1,1,15,2005,60:35:818125:314,"[{""owner_id"": 147, ""share"": 1.0}]"
1851,"с. Тамбов, бул. Ульянова, д. 2, 210986",Коммерческое,60.4,4,12,1951,48:92:733883:386,"[{""owner_id"": 97, ""share"": 1.0}]"
1852,"с. Тулун, алл. З.Космодемьянской, д. 768 стр. 706, 279042",Квартира,172.4,4,5,2005,25:21:409872:992,"[{""owner_id"": 98, ""share"": 1.0}]"
1853,"д. Курган, наб. Толбухина, д. 268 к. 3/3, 199797",Дом,139.8,3,21,2021,99:51:379503:690,"[{""owner_id"": 111, ""share"": 1.0}]"
1854,"г. Байкальск, ул. Сахалинская, д. 9 стр. 698, 487890",Коммерческое,134.5,1,18,2013,86:97:747704:101,"[{""owner_id"": 264, ""share"": 1.0}]"
1855,"п. Краснотурьинск, ш. Карла Маркса, д. 8/3 к. 1/3, 318066",Коммерческое,76.0,1,22,2023,97:58:376477:226,"[{""owner_id"": 209, ""share"": 0.61}, {""owner_id"": 76, ""share"": 0.39}]"
1856,"г. Моршанск, пер. Металлургов, д. 4 стр. 987, 378253",Квартира,179.7,3,15,1973,56:95:160401:374,"[{""owner_id"": 174, ""share"": 1.0}]"
1857,"п. Пышма, ш. Минина, д. 641 стр. 8, 373142",Квартира,66.9,2,2,1980,19:20:840720:855,"[{""owner_id"": 116, ""share"": 1.0}]"
1858,"клх Находка, алл. Просторная, д. 5/5 к. 23, 827305",Дом,93.0,3,24,1984,57:69:916171:746,"[{""owner_id"": 271, ""share"": 1.0}]"
1859,"с. Двинской, пер. Некрасова, д. 578, 401577",Коммерческое,68.3,3,15,2001,85:44:856805:791,"[{""owner_id"": 289, ""share"": 1.0}]"
1860,"с. Дзержинск, пер. Вахитова, д. 7, 255424",Коммерческое,105.0,3,13,1999,86:74:500878:986,"[{""owner_id"": 172, ""share"": 0.87}, {""owner_id"": 103, ""share"": 0.07}, {""owner_id"": 185, ""share"": 0.06}]"
1861,"с. Сергиев Посад, пер. Водопроводный, д. 372, 794060",Квартира,34.2,3,10,1997,12:78:831634:931,"[{""owner_id"": 221, ""share"": 0.82}, {""owner_id"": 107, ""share"": 0.18}]"
1862,"ст. Крымск, алл. Ростовская, д. 4/9, 883392",Коммерческое,185.1,3,17,1961,53:33:897355:409,"[{""owner_id"": 171, ""share"": 1.0}]"
1863,"п. Елец, бул. Калужский, д. 9/7 к. 79, 103565",Дом,123.6,4,10,2007,33:24:994905:945,"[{""owner_id"": 166, ""share"": 1.0}]"
1864,"клх Усть-Камчатск, пер. Труда, д. 27, 926273",Дом,44.6,3,25,1965,44:33:503498:126,"[{""owner_id"": 233, ""share"": 1.0}]"
1865,"клх Петрозаводск, ул. Сибирская, д. 76, 609614",Квартира,162.7,2,14,1964,48:50:423953:219,"[{""owner_id"": 147, ""share"": 0.62}, {""owner_id"": 27, ""share"": 0.21}, {""owner_id"": 136, ""share"": 0.17}]"
1866,"г. Барнаул, ул. Парижской Коммуны, д. 6/6 стр. 6, 300178",Квартира,138.4,4,8,1963,97:12:131444:547,"[{""owner_id"": 29, ""share"": 0.55}, {""owner_id"": 232, ""share"": 0.45}]"
1867,"п. Сусуман, наб. Депутатская, д. 352 стр. 9, 307321",Дом,189.2,3,6,1968,25:20:486253:748,"[{""owner_id"": 63, ""share"": 1.0}]"
1868,"к. Петропавловск-Камчатский, ул. Трудовая, д. 1/9 стр. 2/2, 134025",Коммерческое,70.6,2,7,1996,94:45:875028:918,"[{""owner_id"": 48, ""share"": 1.0}]"
1869,"с. Куртамыш, алл. Гафури, д. 5/4, 946526",Дом,66.8,4,2,1964,73:34:774041:989,"[{""owner_id"": 259, ""share"": 1.0}]"
1870,"ст. Моршанск, наб. Тюленина, д. 5/2, 602859",Коммерческое,115.2,3,24,1968,38:66:585280:464,"[{""owner_id"": 13, ""share"": 1.0}]"
1871,"клх Усть-Баргузин, бул. ДОС, д. 6 стр. 6/3, 415528",Дом,142.8,4,7,1974,69:10:216890:286,"[{""owner_id"": 221, ""share"": 1.0}]"
1872,"г. Волгоград, наб. Камская, д. 832 к. 5/5, 332945",Квартира,24.4,3,11,2016,94:15:138133:26,"[{""owner_id"": 24, ""share"": 0.75}, {""owner_id"": 183, ""share"": 0.15}, {""owner_id"": 79, ""share"": 0.1}]"
1873,"с. Липецк, ул. Калинина, д. 8/3 стр. 7, 972834",Дом,139.3,2,4,2004,13:87:415751:233,"[{""owner_id"": 248, ""share"": 0.15}, {""owner_id"": 92, ""share"": 0.22}, {""owner_id"": 66, ""share"": 0.63}]"
1874,"с. Североуральск, ш. Линейное, д. 809 стр. 5, 982993",Квартира,109.0,2,2,1975,25:35:496449:638,"[{""owner_id"": 64, ""share"": 0.52}, {""owner_id"": 112, ""share"": 0.28}, {""owner_id"": 204, ""share"": 0.2}]"
1875,"клх Кропоткин (Краснод.), ул. Раздольная, д. 66, 970248",Коммерческое,159.6,2,24,1953,86:92:295545:590,"[{""owner_id"": 79, ""share"": 1.0}]"
1876,"к. Ногинск (Моск.), пер. Целинный, д. 9 к. 4, 565123",Коммерческое,87.2,5,12,1977,40:28:277184:155,"[{""owner_id"": 249, ""share"": 0.38}, {""owner_id"": 127, ""share"": 0.62}]"
1877,"к. Кырен, бул. Павлика Морозова, д. 780, 139594",Квартира,145.9,2,17,1972,10:46:481252:874,"[{""owner_id"": 227, ""share"": 1.0}]"
1878,"с. Улан-Удэ, ш. Угольное, д. 1 стр. 4/2, 821112",Дом,60.6,2,14,2004,21:74:467010:996,"[{""owner_id"": 114, ""share"": 1.0}]"
1879,"клх Екатеринбург, бул. Крестьянский, д. 5, 788937",Квартира,183.3,5,15,1955,75:33:507990:622,"[{""owner_id"": 204, ""share"": 1.0}]"
1880,"с. Беслан, ш. Береговое, д. 1/6 к. 762, 276243",Коммерческое,165.2,2,13,1954,22:11:615262:128,"[{""owner_id"": 62, ""share"": 1.0}]"
1881,"к. Семлячики, ул. Мая 1, д. 147, 893798",Дом,136.1,5,8,2021,96:81:762825:985,"[{""owner_id"": 52, ""share"": 1.0}]"
1882,"клх Мыс Шмидта, бул. Орловский, д. 4/7, 845441",Дом,139.9,4,23,1983,78:43:917208:413,"[{""owner_id"": 46, ""share"": 1.0}]"
1883,"с. Хатанга, пер. Мелиоративный, д. 3/1, 651599",Дом,155.7,2,5,1976,37:98:260187:146,"[{""owner_id"": 167, ""share"": 1.0}]"
1884,"с. Листвянка (Иркут.), ш. Журавлева, д. 455 к. 23, 931347",Квартира,82.3,5,5,1973,32:55:524701:59,"[{""owner_id"": 261, ""share"": 0.7}, {""owner_id"": 9, ""share"": 0.13}, {""owner_id"": 55, ""share"": 0.17}]"
1885,"г. Югорск, бул. Кубанский, д. 7/6 к. 121, 027864",Квартира,86.9,1,13,1981,91:71:937537:251,"[{""owner_id"": 173, ""share"": 1.0}]"
1886,"г. Адыгейск, ул. Кедровая, д. 4 к. 263, 537693",Коммерческое,30.0,4,22,2012,45:23:967878:242,"[{""owner_id"": 59, ""share"": 1.0}]"
1887,"клх Чайковский, алл. Машиностроителей, д. 7 стр. 72, 531152",Квартира,174.2,3,25,1965,93:81:439695:153,"[{""owner_id"": 162, ""share"": 1.0}]"
1888,"д. Сухиничи, ш. Заводское, д. 6/8, 144494",Квартира,159.5,2,13,1957,75:46:796223:409,"[{""owner_id"": 37, ""share"": 1.0}]"
1889,"клх Куртамыш, бул. Серова, д. 44 к. 1, 771573",Коммерческое,85.8,1,11,1985,70:15:479093:327,"[{""owner_id"": 243, ""share"": 1.0}]"
1890,"г. Саянск, наб. Рябиновая, д. 25, 031867",Квартира,188.6,1,12,1961,64:44:175519:80,"[{""owner_id"": 38, ""share"": 1.0}]"
1891,"с. Новокузнецк, ул. Бульварная, д. 6 стр. 7/2, 676015",Дом,97.1,1,19,1961,83:58:721202:217,"[{""owner_id"": 176, ""share"": 1.0}]"
1892,"п. Курчатов, ш. Широкое, д. 626, 764756",Коммерческое,109.4,2,2,2011,10:27:119042:260,"[{""owner_id"": 231, ""share"": 1.0}]"
1893,"клх Серов, бул. Кленовый, д. 8/5, 050685",Коммерческое,22.7,5,21,2013,22:27:864374:678,"[{""owner_id"": 82, ""share"": 1.0}]"
1894,"п. Корсаков, пер. Строителей, д. 3/2, 706165",Квартира,189.3,5,8,2005,89:61:585236:545,"[{""owner_id"": 158, ""share"": 1.0}]"
1895,"п. Александровск, алл. Чапаева, д. 18 к. 9/2, 293096",Дом,26.5,5,16,1977,19:31:547073:503,"[{""owner_id"": 233, ""share"": 1.0}]"
1896,"ст. Белый Яр (Томск.), ул. Березовая, д. 7/2 к. 1/4, 705904",Квартира,43.7,4,22,1953,68:53:829235:591,"[{""owner_id"": 119, ""share"": 0.74}, {""owner_id"": 41, ""share"": 0.26}]"
1897,"с. Хужир, ш. Шаумяна, д. 7/4 стр. 599, 709960",Коммерческое,188.5,5,23,1989,35:24:731890:94,"[{""owner_id"": 274, ""share"": 0.44}, {""owner_id"": 244, ""share"": 0.19}, {""owner_id"": 279, ""share"": 0.37}]"
1898,"д. Радужный, ш. Учительское, д. 99, 087884",Дом,75.6,1,17,2024,91:52:290514:239,"[{""owner_id"": 196, ""share"": 1.0}]"
1899,"ст. Уэлен, пер. Дарвина, д. 44 стр. 6/7, 862748",Квартира,41.8,1,12,1953,54:72:946781:388,"[{""owner_id"": 24, ""share"": 1.0}]"
1900,"г. Астрахань, бул. Щетинкина, д. 854 стр. 6, 133672",Коммерческое,135.2,3,16,1950,16:10:247094:431,"[{""owner_id"": 145, ""share"": 1.0}]"
1901,"ст. Мценск, пр. Песчаный, д. 1 к. 38, 649137",Дом,109.4,3,19,2007,85:67:424544:907,"[{""owner_id"": 238, ""share"": 0.35}, {""owner_id"": 203, ""share"": 0.4}, {""owner_id"": 157, ""share"": 0.25}]"
1902,"ст. Мурманск, пер. Медицинский, д. 23, 963781",Квартира,66.2,3,2,1952,62:41:470150:323,"[{""owner_id"": 215, ""share"": 0.81}, {""owner_id"": 104, ""share"": 0.1}, {""owner_id"": 198, ""share"": 0.09}]"
1903,"клх Щелково, наб. Веселая, д. 136, 479046",Квартира,26.8,4,9,2022,64:88:295529:986,"[{""owner_id"": 241, ""share"": 1.0}]"
1904,"д. Кузнецк, ш. Белинского, д. 451, 278911",Квартира,178.9,5,21,1995,27:82:829751:390,"[{""owner_id"": 41, ""share"": 1.0}]"
1905,"ст. Тырныауз, ул. Колхозная, д. 1/7 стр. 244, 661177",Квартира,145.0,5,15,1951,32:57:466754:113,"[{""owner_id"": 106, ""share"": 1.0}]"
1906,"п. Агата, ш. Шаумяна, д. 680 к. 9, 404977",Дом,94.4,2,14,1988,40:20:994776:322,"[{""owner_id"": 83, ""share"": 1.0}]"
1907,"п. Лодейное Поле, ул. Камская, д. 631, 861759",Коммерческое,173.0,5,25,1992,88:60:465618:945,"[{""owner_id"": 269, ""share"": 1.0}]"
1908,"ст. Екатеринбург, наб. Свободы, д. 7/5 стр. 694, 251990",Квартира,73.7,3,25,1983,47:38:422323:727,"[{""owner_id"": 223, ""share"": 1.0}]"
1909,"п. Печора, алл. Васильковая, д. 82, 708594",Дом,130.2,4,19,1981,87:41:974285:723,"[{""owner_id"": 38, ""share"": 1.0}]"
1910,"д. Змеиногорск, пер. Ватутина, д. 5, 448213",Дом,177.9,3,1,2017,96:94:833592:575,"[{""owner_id"": 133, ""share"": 0.46}, {""owner_id"": 142, ""share"": 0.18}, {""owner_id"": 297, ""share"": 0.36}]"
1911,"г. Мичуринск, ш. Лазо, д. 7/5 стр. 451, 532375",Квартира,126.8,5,14,1966,87:71:858693:958,"[{""owner_id"": 115, ""share"": 1.0}]"
1912,"д. Тавда, ул. Леонова, д. 3, 232434",Коммерческое,167.2,5,19,1984,22:41:265353:107,"[{""owner_id"": 295, ""share"": 1.0}]"
1913,"клх Карабулак, наб. Клары Цеткин, д. 6/7 стр. 18, 335006",Дом,157.1,4,11,1988,76:54:302077:294,"[{""owner_id"": 293, ""share"": 0.15}, {""owner_id"": 229, ""share"": 0.21}, {""owner_id"": 67, ""share"": 0.64}]"
1914,"ст. Мурманск, пер. Красный, д. 9 стр. 59, 782862",Дом,80.6,5,5,1966,14:41:110654:44,"[{""owner_id"": 212, ""share"": 1.0}]"
1915,"д. Сарапул, алл. Севастопольская, д. 1/7 стр. 95, 360805",Дом,172.7,4,3,1968,88:38:694095:56,"[{""owner_id"": 291, ""share"": 1.0}]"
1916,"ст. Дербент, алл. Краснознаменная, д. 667 к. 611, 270341",Квартира,56.7,4,11,2000,55:77:841320:610,"[{""owner_id"": 73, ""share"": 0.19}, {""owner_id"": 183, ""share"": 0.81}]"
1917,"с. Нарьян-Мар, ш. 60 лет СССР, д. 27 к. 97, 080538",Коммерческое,80.7,4,1,2021,65:20:701530:625,"[{""owner_id"": 170, ""share"": 1.0}]"
1918,"ст. Игнашино, алл. Главная, д. 6/8 стр. 4, 644512",Дом,147.0,5,10,1974,43:99:443152:407,"[{""owner_id"": 36, ""share"": 1.0}]"
1919,"п. Зеленогорск (Ленин.), ул. Высокая, д. 7, 429961",Квартира,60.1,5,18,1997,16:36:411032:912,"[{""owner_id"": 44, ""share"": 1.0}]"
1920,"с. Бугуруслан, бул. Достоевского, д. 469 стр. 6, 068382",Квартира,187.9,2,2,1981,34:49:579743:300,"[{""owner_id"": 209, ""share"": 1.0}]"
1921,"с. Домбай, пер. Репина, д. 842 стр. 8, 036305",Квартира,138.1,1,10,1979,94:67:848898:594,"[{""owner_id"": 209, ""share"": 1.0}]"
1922,"клх Пушкин, наб. Строительная, д. 5/2, 352888",Коммерческое,169.6,1,18,1990,28:82:394209:391,"[{""owner_id"": 203, ""share"": 1.0}]"
1923,"ст. Архангельск, ул. Социалистическая, д. 571 стр. 73, 368085",Коммерческое,36.1,4,15,1986,18:69:376295:193,"[{""owner_id"": 26, ""share"": 0.81}, {""owner_id"": 79, ""share"": 0.19}]"
1924,"ст. Курчатов, ш. Советов, д. 41, 677638",Дом,190.5,2,6,2021,88:45:542629:401,"[{""owner_id"": 155, ""share"": 0.15}, {""owner_id"": 107, ""share"": 0.25}, {""owner_id"": 164, ""share"": 0.6}]"
1925,"клх Черусти, бул. Дарвина, д. 943, 309797",Дом,151.4,2,7,1975,27:76:260765:639,"[{""owner_id"": 230, ""share"": 1.0}]"
1926,"д. Кудымкар, ул. Индустриальная, д. 818, 729131",Дом,92.2,1,7,1976,11:39:123033:225,"[{""owner_id"": 5, ""share"": 0.11}, {""owner_id"": 70, ""share"": 0.89}]"
1927,"с. Новомосковск, бул. Гончарова, д. 7 стр. 330, 121781",Дом,99.4,1,22,2004,68:56:955412:11,"[{""owner_id"": 210, ""share"": 1.0}]"
1928,"к. Ижевск, алл. Казачья, д. 6/9 стр. 618, 063041",Квартира,159.7,5,20,1994,50:41:884746:59,"[{""owner_id"": 219, ""share"": 1.0}]"
1929,"п. Серафимович, пр. Родниковый, д. 609, 100179",Квартира,30.1,2,8,2024,81:43:955705:500,"[{""owner_id"": 190, ""share"": 1.0}]"
1930,"г. Кимры, ш. Краснодарское, д. 93 к. 813, 209819",Квартира,68.8,2,2,1966,79:47:580722:70,"[{""owner_id"": 15, ""share"": 1.0}]"
1931,"г. Кяхта, пер. Красина, д. 136 к. 8/3, 204509",Квартира,139.1,2,10,1956,57:17:560688:834,"[{""owner_id"": 298, ""share"": 0.46}, {""owner_id"": 9, ""share"": 0.16}, {""owner_id"": 47, ""share"": 0.38}]"
1932,"клх Карабулак, бул. 60 лет Октября, д. 43 стр. 1, 626251",Коммерческое,103.3,1,16,2013,51:43:534026:109,"[{""owner_id"": 212, ""share"": 0.63}, {""owner_id"": 133, ""share"": 0.37}]"
1933,"ст. Чебаркуль, пр. Виноградный, д. 4/1 к. 2, 133209",Дом,29.0,3,21,2019,39:78:562113:158,"[{""owner_id"": 94, ""share"": 1.0}]"
1934,"п. Белоярский, ш. Кавказское, д. 1 стр. 5/2, 596653",Квартира,52.4,3,20,1955,84:98:459915:395,"[{""owner_id"": 241, ""share"": 0.37}, {""owner_id"": 76, ""share"": 0.63}]"
1935,"п. Оренбург, бул. Коммунаров, д. 5/4, 919580",Дом,148.3,5,24,1968,41:72:361204:643,"[{""owner_id"": 274, ""share"": 1.0}]"
1936,"ст. Усть-Ишим, ул. Ветеранов, д. 86 к. 1, 468314",Квартира,163.0,1,5,1960,21:16:225017:544,"[{""owner_id"": 294, ""share"": 1.0}]"
1937,"г. Анапа, пер. Ореховый, д. 6, 642018",Квартира,62.4,3,23,2020,63:88:152425:686,"[{""owner_id"": 263, ""share"": 1.0}]"
1938,"п. Катайск, ул. Кубанская, д. 6/2, 609175",Коммерческое,26.5,2,20,1969,55:23:716307:995,"[{""owner_id"": 38, ""share"": 0.79}, {""owner_id"": 233, ""share"": 0.1}, {""owner_id"": 26, ""share"": 0.11}]"
1939,"к. Голицыно, пер. Алтайский, д. 8/8 стр. 1, 616228",Коммерческое,83.9,5,11,1964,73:23:281050:180,"[{""owner_id"": 129, ""share"": 1.0}]"
1940,"клх Шелехов, пр. Новоселов, д. 9/9 стр. 3/1, 048710",Дом,154.7,2,8,2021,68:33:271494:22,"[{""owner_id"": 253, ""share"": 1.0}]"
1941,"ст. Невельск, наб. Советов, д. 5/2, 427197",Квартира,46.0,4,6,1998,96:51:818378:831,"[{""owner_id"": 149, ""share"": 1.0}]"
1942,"п. Богучар, наб. Жукова, д. 1 к. 102, 954735",Квартира,183.6,1,23,2019,35:35:403978:302,"[{""owner_id"": 196, ""share"": 1.0}]"
1943,"п. Северодвинск, алл. Краснопартизанская, д. 26 стр. 990, 450814",Дом,110.4,5,16,2015,86:84:446652:13,"[{""owner_id"": 10, ""share"": 1.0}]"
1944,"с. Байкальск, ш. Ивановское, д. 1/8, 170602",Квартира,21.9,3,20,1998,74:97:466331:74,"[{""owner_id"": 11, ""share"": 1.0}]"
1945,"п. Нарткала, алл. Тихая, д. 24 к. 7/3, 809541",Квартира,161.8,4,16,1982,89:99:290483:407,"[{""owner_id"": 161, ""share"": 1.0}]"
1946,"к. Архыз, пр. Покровский, д. 1/6, 828173",Квартира,190.6,5,24,1990,63:39:381026:190,"[{""owner_id"": 108, ""share"": 1.0}]"
1947,"ст. Щелково, пр. Пушкинский, д. 782 стр. 7, 206464",Дом,77.4,2,6,1995,82:29:118388:429,"[{""owner_id"": 255, ""share"": 1.0}]"
1948,"с. Кропоткин (Краснод.), пер. Декабристов, д. 3/6 к. 684, 143999",Дом,117.7,2,20,1967,13:93:486804:587,"[{""owner_id"": 205, ""share"": 1.0}]"
1949,"с. Амдерма, пер. Стахановский, д. 2/1 стр. 68, 143825",Квартира,32.8,4,7,1955,29:85:433180:324,"[{""owner_id"": 81, ""share"": 0.57}, {""owner_id"": 78, ""share"": 0.43}]"
1950,"г. Котельнич, бул. Специалистов, д. 2, 980528",Квартира,103.4,2,21,2002,32:89:857826:304,"[{""owner_id"": 298, ""share"": 0.29}, {""owner_id"": 206, ""share"": 0.71}]"
1951,"ст. Находка, ул. Седова, д. 4/1, 038840",Квартира,97.7,1,11,1983,89:75:128382:662,"[{""owner_id"": 93, ""share"": 1.0}]"
1952,"клх Сорочинск, ш. Короленко, д. 21 к. 850, 970957",Квартира,55.0,1,8,2018,15:15:385853:588,"[{""owner_id"": 174, ""share"": 1.0}]"
1953,"к. Лабинск, ш. Спартака, д. 943, 673843",Коммерческое,174.0,1,21,1960,32:29:198944:973,"[{""owner_id"": 115, ""share"": 1.0}]"
1954,"клх Объячево, пр. Новостройка, д. 8 к. 79, 632732",Коммерческое,139.3,1,23,1997,78:29:556592:557,"[{""owner_id"": 40, ""share"": 0.7}, {""owner_id"": 191, ""share"": 0.3}]"
1955,"с. Баксан, бул. Крестьянский, д. 756, 141343",Дом,73.6,1,4,2024,24:77:442587:269,"[{""owner_id"": 256, ""share"": 1.0}]"
1956,"с. Томск, ш. Камское, д. 99 стр. 7/9, 605191",Дом,75.7,3,25,1967,96:10:144648:814,"[{""owner_id"": 30, ""share"": 1.0}]"
1957,"п. Курильск, ш. Ручейное, д. 4/8, 373801",Коммерческое,184.8,4,15,2017,71:41:972319:322,"[{""owner_id"": 292, ""share"": 1.0}]"
1958,"д. Кулу, наб. Линейная, д. 85, 682611",Коммерческое,92.3,4,24,1989,25:86:556491:742,"[{""owner_id"": 199, ""share"": 1.0}]"
1959,"с. Омск, ул. 9 Января, д. 84, 354145",Коммерческое,52.5,5,5,2005,28:32:178751:198,"[{""owner_id"": 152, ""share"": 1.0}]"
1960,"ст. Мезень, алл. Вишневая, д. 968 к. 3, 637008",Коммерческое,31.5,3,6,1982,78:37:934496:996,"[{""owner_id"": 157, ""share"": 1.0}]"
1961,"д. Каменномостский, ул. Победы, д. 8, 656088",Коммерческое,185.1,5,25,1964,21:70:744871:458,"[{""owner_id"": 249, ""share"": 1.0}]"
1962,"г. Тикси, пер. Почтовый, д. 54 стр. 3/9, 617346",Коммерческое,129.7,5,9,2023,98:77:201224:668,"[{""owner_id"": 209, ""share"": 1.0}]"
1963,"п. Рязань, ул. Васильковая, д. 91, 372293",Квартира,152.4,1,2,1978,65:64:529728:22,"[{""owner_id"": 102, ""share"": 1.0}]"
1964,"к. Азов (Рост.), алл. Школьная, д. 24 стр. 864, 492738",Дом,188.5,2,18,1993,34:79:515267:194,"[{""owner_id"": 87, ""share"": 0.15}, {""owner_id"": 2, ""share"": 0.85}]"
1965,"п. Кировск (Ленин.), пр. Украинский, д. 97 стр. 681, 392588",Дом,165.7,3,8,2017,40:80:844262:2,"[{""owner_id"": 2, ""share"": 0.61}, {""owner_id"": 165, ""share"": 0.39}]"
1966,"п. Верхний Тагил, пр. Станиславского, д. 460, 841787",Коммерческое,160.1,5,2,1957,67:60:659920:715,"[{""owner_id"": 284, ""share"": 0.77}, {""owner_id"": 83, ""share"": 0.12}, {""owner_id"": 214, ""share"": 0.11}]"
1967,"п. Тихорецк, наб. Луговая, д. 3/7 к. 9, 050391",Дом,188.0,2,6,2021,36:74:739016:915,"[{""owner_id"": 235, ""share"": 1.0}]"
1968,"д. Бугуруслан, пер. Петровский, д. 4/9, 930822",Квартира,166.6,4,24,1960,74:53:765845:117,"[{""owner_id"": 105, ""share"": 1.0}]"
1969,"к. Рославль, наб. Ленская, д. 4 стр. 9/3, 207248",Дом,38.9,4,18,1989,23:10:177998:195,"[{""owner_id"": 278, ""share"": 0.24}, {""owner_id"": 207, ""share"": 0.76}]"
1970,"ст. Верещагино (Перм.), пр. Большой, д. 70 к. 9/1, 946701",Квартира,56.2,2,23,1969,22:96:666822:870,"[{""owner_id"": 259, ""share"": 1.0}]"
1971,"ст. Ейск, ул. Ореховая, д. 8 стр. 920, 624874",Дом,181.6,4,24,1958,77:71:441171:726,"[{""owner_id"": 115, ""share"": 1.0}]"
1972,"п. Качканар, пер. Шмидта, д. 373 к. 8/7, 639513",Квартира,96.0,3,19,1971,10:91:664371:536,"[{""owner_id"": 11, ""share"": 0.49}, {""owner_id"": 208, ""share"": 0.13}, {""owner_id"": 247, ""share"": 0.38}]"
1973,"с. Новосибирск, наб. Линейная, д. 9/5 к. 76, 375618",Квартира,158.7,5,5,2009,87:66:529655:120,"[{""owner_id"": 137, ""share"": 1.0}]"
1974,"п. Неплюевка, пр. Невского, д. 9/6 к. 59, 836188",Коммерческое,39.9,5,14,2024,78:92:358945:555,"[{""owner_id"": 258, ""share"": 1.0}]"
1975,"к. Мирный, пер. Ольховый, д. 79 стр. 542, 502567",Коммерческое,109.5,1,23,1969,99:60:495177:378,"[{""owner_id"": 180, ""share"": 1.0}]"
1976,"г. Сосьва (Хант.), алл. Буденного, д. 161 стр. 77, 294038",Коммерческое,89.2,2,20,1995,83:22:245087:332,"[{""owner_id"": 205, ""share"": 1.0}]"
1977,"п. Сусуман, ул. Депутатская, д. 9/1 к. 6/6, 086199",Коммерческое,111.3,5,6,1993,51:38:731603:280,"[{""owner_id"": 158, ""share"": 1.0}]"
1978,"ст. Таганрог, бул. Р.Люксембург, д. 49 стр. 532, 275942",Дом,152.9,2,19,1952,66:44:757878:487,"[{""owner_id"": 5, ""share"": 1.0}]"
1979,"г. Печора, пр. Радищева, д. 6 к. 5/9, 328107",Дом,126.2,3,3,2006,83:89:515610:497,"[{""owner_id"": 211, ""share"": 1.0}]"
1980,"с. Бийск, наб. Серафимовича, д. 58 к. 709, 066161",Коммерческое,160.7,4,10,2013,42:81:469039:703,"[{""owner_id"": 2, ""share"": 1.0}]"
1981,"г. Сарапул, пр. Колхозный, д. 54 к. 7, 918143",Дом,93.0,1,17,1974,87:74:988122:310,"[{""owner_id"": 293, ""share"": 1.0}]"
1982,"ст. Южноуральск, наб. Гафури, д. 6 к. 7, 683426",Квартира,72.0,4,17,1993,36:61:868686:596,"[{""owner_id"": 237, ""share"": 1.0}]"
1983,"п. Клин, пер. Авиационный, д. 7 стр. 7/1, 875880",Квартира,199.5,3,25,2024,78:13:378104:297,"[{""owner_id"": 274, ""share"": 1.0}]"
1984,"к. Андреаполь, пр. Главный, д. 9, 451261",Коммерческое,135.2,4,1,1991,31:25:976288:909,"[{""owner_id"": 86, ""share"": 1.0}]"
1985,"д. Белый Яр (Томск.), алл. Снежная, д. 594, 121345",Дом,72.2,5,2,1952,79:32:383702:548,"[{""owner_id"": 84, ""share"": 0.87}, {""owner_id"": 205, ""share"": 0.1}, {""owner_id"": 72, ""share"": 0.03}]"
1986,"д. Щелково, ул. Дорожная, д. 3/6 стр. 7/9, 230636",Квартира,20.1,5,19,2021,34:95:943577:43,"[{""owner_id"": 184, ""share"": 0.18}, {""owner_id"": 267, ""share"": 0.82}]"
1987,"ст. Тулпан, пр. Уральский, д. 2, 413677",Коммерческое,166.7,5,8,2010,43:23:680210:356,"[{""owner_id"": 157, ""share"": 1.0}]"
1988,"с. Шерегеш, ш. Проезжее, д. 52 к. 8/4, 196755",Квартира,46.9,4,12,1951,16:10:323193:48,"[{""owner_id"": 122, ""share"": 1.0}]"
1989,"ст. Дагомыс, ш. Фрунзе, д. 5, 289443",Коммерческое,92.6,5,25,1995,92:36:118127:934,"[{""owner_id"": 200, ""share"": 1.0}]"
1990,"ст. Чехов, пр. Медицинский, д. 736 к. 5/9, 899690",Коммерческое,54.5,4,18,1987,65:67:697145:54,"[{""owner_id"": 184, ""share"": 0.18}, {""owner_id"": 199, ""share"": 0.26}, {""owner_id"": 150, ""share"": 0.56}]"
1991,"п. Хабаровск, наб. Красногвардейская, д. 15, 904447",Коммерческое,184.2,1,17,2010,30:63:773960:823,"[{""owner_id"": 246, ""share"": 1.0}]"
1992,"с. Белорецк, алл. Коммунаров, д. 5 к. 3, 861095",Коммерческое,155.0,4,12,1965,16:39:384566:941,"[{""owner_id"": 58, ""share"": 1.0}]"
1993,"ст. Жуковский, пр. Энергетический, д. 275 стр. 29, 603782",Квартира,128.3,1,13,2011,45:95:459602:978,"[{""owner_id"": 130, ""share"": 1.0}]"
1994,"к. Псебай, пер. Донской, д. 985 стр. 8/8, 750139",Дом,49.7,1,13,1968,26:24:439326:933,"[{""owner_id"": 206, ""share"": 1.0}]"
1995,"к. Партизанск, ш. Дружба, д. 7 к. 81, 186266",Дом,44.6,4,25,1972,33:33:230950:624,"[{""owner_id"": 224, ""share"": 1.0}]"
1996,"г. Печора, ш. Космическое, д. 4/9, 303262",Квартира,187.7,3,15,1953,43:73:422230:492,"[{""owner_id"": 121, ""share"": 1.0}]"
1997,"к. Арзамас, наб. Шолохова, д. 6/5 стр. 8/1, 364434",Коммерческое,60.1,4,11,1971,22:39:660335:231,"[{""owner_id"": 156, ""share"": 0.65}, {""owner_id"": 278, ""share"": 0.15}, {""owner_id"": 148, ""share"": 0.2}]"
1998,"г. Дагомыс, бул. Вавилова, д. 3/1, 128934",Квартира,194.5,3,11,1994,37:23:274298:719,"[{""owner_id"": 251, ""share"": 1.0}]"
1999,"г. Чикола, ш. Степное, д. 4, 504568",Дом,43.0,2,3,1958,70:40:916631:656,"[{""owner_id"": 29, ""share"": 0.69}, {""owner_id"": 2, ""share"": 0.31}]"
2000,"д. Аша, ул. Краснодарская, д. 23, 240415",Дом,48.3,3,18,2019,41:89:463336:570,"[{""owner_id"": 238, ""share"": 1.0}]"
